sample_id,filename,thickness_bin,iou,iou_intersection,iou_union,pred_foreground,gt_foreground,cliou_0,cliou_0_included,cliou_0_tp,cliou_0_fp,cliou_0_fn,cliou_2,cliou_2_included,cliou_2_tp,cliou_2_fp,cliou_2_fn,cliou_4,cliou_4_included,cliou_4_tp,cliou_4_fp,cliou_4_fn,cliou_8,cliou_8_included,cliou_8_tp,cliou_8_fp,cliou_8_fn,pcs,rcs,cts
9601,09601.png,0_2,0.5394846217788861,649,1203,1046,806,0.46689895470383275,True,402,237,222,0.9246153846153846,True,601,26,23,0.9698890649762282,True,612,7,12,0.9919871794871795,True,619,0,5,0.9920760697305864,1.0,0.9960222752585521
9602,09602.png,8_16,0.29402400195934364,2401,8166,4538,6029,0.029914529914529916,True,28,305,603,0.11716937354988399,True,101,231,530,0.20525657071339173,True,164,168,467,0.42961876832844575,True,293,51,338,0.978978978978979,0.7738461538461539,0.8644092367138554
9603,09603.png,16_32,0.5082632211538461,6766,13312,12252,7826,0.006557377049180328,True,4,236,370,0.0548885077186964,True,32,209,342,0.08376963350785341,True,48,199,326,0.12567324955116696,True,70,183,304,0.0,0.0,0.0
9604,09604.png,16_32,0.6286132455177461,6872,10932,10600,7204,0.0536779324055666,True,27,249,227,0.3233082706766917,True,129,145,125,0.4664804469273743,True,167,104,87,0.8709677419354839,True,243,25,11,1.0,1.0,1.0
9605,09605.png,4_8,0.463627546071775,478,1031,978,531,0.006369426751592357,True,1,83,73,0.3620689655172414,True,42,42,32,0.5242718446601942,True,54,29,20,0.9135802469135802,True,74,7,0,1.0,1.0,1.0
9606,09606.png,16_32,0.7310173697270471,5892,8060,7711,6241,0.04151624548736462,True,23,221,310,0.30995475113122173,True,137,109,196,0.4961439588688946,True,193,56,140,0.8357771260997068,True,285,8,48,1.0,1.0,1.0
9607,09607.png,2_4,0.18463180362860193,346,1874,1326,894,0.04178272980501393,True,15,104,240,0.1355421686746988,True,45,77,210,0.24422442244224424,True,74,48,181,0.3594306049822064,True,101,26,154,1.0,0.5183673469387755,0.6827956989247311
9608,09608.png,zero,1.0,0,0,0,0,1.0,True,0,0,0,1.0,True,0,0,0,1.0,True,0,0,0,1.0,True,0,0,0,0.0,0.0,0.0
9609,09609.png,2_4,0.3595505617977528,800,2225,1971,1054,0.1684931506849315,True,123,284,323,0.656686626746507,True,329,55,117,0.7973568281938326,True,362,8,84,0.8968609865470852,True,400,0,46,1.0,0.7155555555555555,0.8341968911917098
9610,09610.png,8_16,0.44780114722753345,1171,2615,2269,1517,0.06569343065693431,True,18,128,128,0.32727272727272727,True,72,74,74,0.5531914893617021,True,104,42,42,0.6534090909090909,True,115,30,31,0.0,0.0,0.0
9611,09611.png,zero,1.0,0,0,0,0,1.0,True,0,0,0,1.0,True,0,0,0,1.0,True,0,0,0,1.0,True,0,0,0,0.0,0.0,0.0
9612,09612.png,thick,0.12765493954906873,1172,9181,1891,8462,0.0,True,0,152,219,0.0,True,0,152,219,0.0,True,0,152,219,0.03910614525139665,True,14,139,205,0.0,0.0,0.0
9613,09613.png,16_32,0.5912452290076335,4957,8384,7448,5893,0.05670103092783505,True,33,302,247,0.2920168067226891,True,139,196,141,0.527363184079602,True,212,122,68,0.7536231884057971,True,260,65,20,0.8795180722891566,1.0,0.9358974358974359
9614,09614.png,16_32,0.6066106363443746,8589,14159,12574,10174,0.025396825396825397,True,16,290,324,0.11015490533562823,True,64,241,276,0.29740518962075846,True,149,161,191,0.5804878048780487,True,238,70,102,0.0,0.0,0.0
9615,09615.png,thick,0.7842770911181374,16371,20874,18720,18525,0.029211295034079845,True,30,525,472,0.11510031678986272,True,109,445,393,0.22758620689655173,True,198,368,304,0.4249667994687915,True,320,251,182,0.0,0.0,0.0
9616,09616.png,zero,1.0,0,0,0,0,1.0,True,0,0,0,1.0,True,0,0,0,1.0,True,0,0,0,1.0,True,0,0,0,0.0,0.0,0.0
9617,09617.png,zero,1.0,0,0,0,0,1.0,True,0,0,0,1.0,True,0,0,0,1.0,True,0,0,0,1.0,True,0,0,0,0.0,0.0,0.0
9618,09618.png,16_32,0.6259344012204424,4103,6555,5468,5190,0.050505050505050504,True,25,219,251,0.2211764705882353,True,94,149,182,0.3783068783068783,True,143,102,133,0.6987179487179487,True,218,36,58,1.0,0.8678571428571429,0.9292543021032504
9619,09619.png,zero,1.0,0,0,0,0,1.0,True,0,0,0,1.0,True,0,0,0,1.0,True,0,0,0,1.0,True,0,0,0,0.0,0.0,0.0
9620,09620.png,8_16,0.7630845462991638,2464,3229,3033,2660,0.11009174311926606,True,36,144,147,0.6837209302325581,True,147,32,36,0.9308510638297872,True,175,5,8,1.0,True,183,0,0,0.8486486486486486,0.8655913978494624,0.8570362961330463
9621,09621.png,thick,0.7391156230837365,10848,14677,10848,14677,0.0,True,0,290,245,0.03481624758220503,True,18,272,227,0.3308270676691729,True,132,154,113,0.4332425068119891,True,159,122,86,0.0,0.0,0.0
9622,09622.png,thick,0.8080565559557156,6058,7497,7476,6079,0.013559322033898305,True,4,141,150,0.21544715447154472,True,53,92,101,0.39351851851851855,True,85,62,69,0.961038961038961,True,148,0,6,1.0,1.0,1.0
9623,09623.png,8_16,0.5219160926737633,3334,6388,5388,4334,0.06746031746031746,True,51,388,317,0.41710296684118675,True,239,205,129,0.6354581673306773,True,319,134,49,0.7811816192560175,True,357,89,11,0.9513274336283186,1.0,0.9750566893424036
9624,09624.png,16_32,0.8316618911174785,5805,6980,6268,6517,0.07797270955165692,True,40,193,280,0.4050632911392405,True,160,75,160,0.6636904761904762,True,223,16,97,0.7607361963190185,True,248,6,72,1.0,1.0,1.0
9625,09625.png,4_8,0.7789291882556131,2255,2895,2609,2541,0.19101123595505617,True,85,154,206,0.8835616438356164,True,258,1,33,0.9278350515463918,True,270,0,21,0.9518900343642611,True,277,0,14,1.0,1.0,1.0
9626,09626.png,4_8,0.4209285455204933,2321,5514,5005,2830,0.056417489421720736,True,40,301,368,0.33037300177619894,True,186,155,222,0.5503080082135524,True,268,79,140,0.8273381294964028,True,345,9,63,0.9853372434017595,1.0,0.9926144756277696
9627,09627.png,8_16,0.4043910677425408,2155,5329,3721,3763,0.034074074074074076,True,23,222,430,0.1765704584040747,True,104,136,349,0.3333333333333333,True,175,72,278,0.5859030837004405,True,266,1,187,1.0,0.7222222222222222,0.8387096774193548
9628,09628.png,zero,0.0,0,1490,1490,0,0.0,True,0,114,0,0.0,True,0,114,0,0.0,True,0,114,0,0.0,True,0,114,0,0.0,0.0,0.0
9629,09629.png,16_32,0.7225889550796973,4488,6211,5105,5594,0.07238095238095238,True,38,230,257,0.37897310513447435,True,155,114,140,0.6824925816023739,True,230,42,65,0.9457627118644067,True,279,0,16,1.0,1.0,1.0
9630,09630.png,16_32,0.605024800517576,5611,9274,7454,7431,0.037921348314606744,True,27,336,349,0.17412140575079874,True,109,250,267,0.43570057581573896,True,227,145,149,0.958656330749354,True,371,11,5,1.0,1.0,1.0
9631,09631.png,16_32,0.37686265873889746,5134,13623,12872,5885,0.012027491408934709,True,7,319,256,0.044326241134751775,True,25,301,238,0.0900735294117647,True,49,281,214,0.3170731707317073,True,143,188,120,0.0,0.0,0.0
9632,09632.png,thick,0.7525767192686194,12924,17173,15778,14319,0.017915309446254073,True,11,271,332,0.12164579606440072,True,68,216,275,0.21470019342359767,True,111,174,232,0.5346062052505967,True,224,76,119,0.0,0.0,0.0
9633,09633.png,8_16,0.49832540102238676,2827,5673,4506,3994,0.015901060070671377,True,9,246,311,0.2,True,96,160,224,0.4225,True,169,80,151,0.786144578313253,True,261,12,59,0.0,0.4754601226993865,0.0
9634,09634.png,zero,1.0,0,0,0,0,1.0,True,0,0,0,1.0,True,0,0,0,1.0,True,0,0,0,1.0,True,0,0,0,0.0,0.0,0.0
9635,09635.png,thick,0.8792128643806447,11974,13619,12911,12682,0.07450980392156863,True,38,207,265,0.3181818181818182,True,133,115,170,0.6597633136094675,True,223,35,80,0.8622950819672132,True,263,2,40,1.0,0.9915966386554622,0.9957805907172996
9636,09636.png,4_8,0.5637823371989296,1264,2242,2206,1300,0.037267080745341616,True,12,155,155,0.176056338028169,True,50,117,117,0.6989795918367347,True,137,29,30,0.8603351955307262,True,154,12,13,1.0,1.0,1.0
9637,09637.png,4_8,0.8632034632034632,1994,2310,2180,2124,0.42494226327944573,True,184,109,140,0.9382716049382716,True,304,0,20,0.9629629629629629,True,312,0,12,0.9845679012345679,True,319,0,5,1.0,1.0,1.0
9638,09638.png,0_2,0.2799325463743676,332,1186,858,660,0.20200892857142858,True,181,298,417,0.5630372492836676,True,393,100,205,0.6491754122938531,True,433,69,165,0.7224806201550388,True,466,47,132,0.8326180257510729,1.0,0.9086651053864169
9639,09639.png,8_16,0.828838174273859,799,964,958,805,0.40441176470588236,True,55,42,39,1.0,True,94,0,0,1.0,True,94,0,0,1.0,True,94,0,0,1.0,1.0,1.0
9640,09640.png,2_4,0.6409423233143785,789,1231,1150,870,0.3401015228426396,True,134,127,133,0.9384057971014492,True,259,9,8,0.9744525547445255,True,267,7,0,0.9925650557620818,True,267,2,0,1.0,1.0,1.0
9641,09641.png,zero,1.0,0,0,0,0,1.0,True,0,0,0,1.0,True,0,0,0,1.0,True,0,0,0,1.0,True,0,0,0,0.0,0.0,0.0
9642,09642.png,thick,0.8829369183040331,8538,9670,8822,9386,0.041928721174004195,True,20,247,210,0.43515850144092216,True,151,117,79,0.8044280442804428,True,218,41,12,0.9090909090909091,True,230,23,0,1.0,1.0,1.0
9643,09643.png,0_2,0.6697909156452776,929,1387,1215,1101,0.6475128644939966,True,755,195,216,0.9734964322120285,True,955,10,16,0.9948612538540597,True,968,2,3,0.9979445015416238,True,971,2,0,0.9904559915164369,1.0,0.9952051145444859
9644,09644.png,16_32,0.5554988951215366,3268,5883,3415,5736,0.060810810810810814,True,27,190,227,0.3165266106442577,True,113,103,141,0.4166666666666667,True,140,82,114,0.7212543554006968,True,207,33,47,0.7638888888888888,1.0,0.8661417322834646
9645,09645.png,16_32,0.8054218800128329,5021,6234,5529,5726,0.10392156862745099,True,53,206,251,0.5730027548209367,True,208,59,96,0.881578947368421,True,268,0,36,0.9342105263157895,True,284,0,20,1.0,1.0,1.0
9646,09646.png,16_32,0.6691663420335021,6871,10268,7612,9527,0.06629213483146068,True,59,370,461,0.2907608695652174,True,214,216,306,0.61082910321489,True,361,71,159,0.8675623800383877,True,452,1,68,1.0,1.0,1.0
9647,09647.png,thick,0.8476055464492979,19133,22573,20883,20823,0.022263450834879406,True,12,229,298,0.10483870967741936,True,52,186,258,0.24545454545454545,True,108,130,202,0.5628571428571428,True,197,40,113,1.0,1.0,1.0
9648,09648.png,2_4,0.18906455862977603,287,1518,911,894,0.09254498714652956,True,36,134,219,0.3105590062111801,True,100,67,155,0.5507246376811594,True,152,21,103,0.6439393939393939,True,170,9,85,0.9940476190476191,0.6484375,0.784881087202718
9649,09649.png,16_32,0.7699929228591649,4352,5652,5406,4598,0.11222444889779559,True,56,227,216,0.5690140845070423,True,202,83,70,0.7308868501529052,True,239,55,33,0.8132911392405063,True,257,44,15,1.0,1.0,1.0
9650,09650.png,zero,1.0,0,0,0,0,1.0,True,0,0,0,1.0,True,0,0,0,1.0,True,0,0,0,1.0,True,0,0,0,0.0,0.0,0.0
9651,09651.png,4_8,0.5362229102167183,866,1615,1216,1265,0.16241299303944315,True,70,175,186,0.8357664233576643,True,229,18,27,0.9538461538461539,True,248,4,8,1.0,True,256,0,0,0.9508196721311475,1.0,0.9747899159663865
9652,09652.png,zero,1.0,0,0,0,0,1.0,True,0,0,0,1.0,True,0,0,0,1.0,True,0,0,0,1.0,True,0,0,0,0.0,0.0,0.0
9653,09653.png,zero,0.0,0,20,20,0,0.0,True,0,13,0,0.0,True,0,13,0,0.0,True,0,13,0,0.0,True,0,13,0,0.0,0.0,0.0
9654,09654.png,16_32,0.8361350280169468,6118,7317,6908,6527,0.09070796460176991,True,41,205,206,0.5341614906832298,True,172,75,75,0.9254901960784314,True,236,8,11,0.9799196787148594,True,244,2,3,1.0,1.0,1.0
9655,09655.png,8_16,0.6211441771979889,4571,7359,7295,4635,0.06743421052631579,True,41,281,286,0.36764705882352944,True,175,149,152,0.5980392156862745,True,244,81,83,0.9848024316109423,True,324,2,3,1.0,1.0,1.0
9656,09656.png,2_4,0.6766081871345029,2314,3420,3137,2597,0.2869910625620655,True,289,343,375,0.8979591836734694,True,616,22,48,0.9362962962962963,True,632,11,32,0.9804216867469879,True,651,0,13,1.0,1.0,1.0
9657,09657.png,0_2,0.4980769230769231,518,1040,811,747,0.43320363164721143,True,334,187,250,0.8590381426202321,True,518,19,66,0.9072512647554806,True,538,9,46,0.9606837606837607,True,562,1,22,0.980544747081712,1.0,0.9901768172888015
9658,09658.png,16_32,0.8546639447236181,10885,12736,11613,12008,0.051075268817204304,True,38,260,446,0.39361702127659576,True,222,80,262,0.5444015444015444,True,282,34,202,0.731404958677686,True,354,0,130,1.0,1.0,1.0
9659,09659.png,thick,0.7066226296907921,12409,17561,13283,16687,0.03205128205128205,True,20,294,310,0.14031971580817051,True,79,233,251,0.25984251968503935,True,132,178,198,0.5261904761904762,True,221,90,109,0.0,0.0,0.0
9660,09660.png,4_8,0.3194192377495463,528,1653,910,1271,0.0847953216374269,True,29,84,229,0.34782608695652173,True,96,18,162,0.45348837209302323,True,117,0,141,0.46511627906976744,True,120,0,138,1.0,0.45703125,0.6273458445040214
9661,09661.png,zero,1.0,0,0,0,0,1.0,True,0,0,0,1.0,True,0,0,0,1.0,True,0,0,0,1.0,True,0,0,0,0.0,0.0,0.0
9662,09662.png,16_32,0.6526927547462223,8423,12905,12711,8617,0.023809523809523808,True,19,360,419,0.17604617604617603,True,122,255,316,0.3543046357615894,True,214,166,224,0.6058823529411764,True,309,72,129,1.0,0.9933481152993349,0.9966629588431591
9663,09663.png,8_16,0.7691328560063644,4834,6285,5881,5238,0.046875,True,27,229,320,0.32181425485961124,True,149,116,198,0.5508684863523573,True,222,56,125,0.8962536023054755,True,311,0,36,1.0,0.9972677595628415,0.9986320109439125
9664,09664.png,thick,0.768677635588056,12614,16410,14187,14837,0.024657534246575342,True,18,359,353,0.13484848484848486,True,89,289,282,0.3175438596491228,True,181,199,190,0.8955223880597015,True,360,31,11,1.0,1.0,1.0
9665,09665.png,16_32,0.9360125409719253,6568,7017,6726,6859,0.3013698630136986,True,132,141,165,0.9259259259259259,True,275,0,22,0.9427609427609428,True,280,0,17,0.9663299663299664,True,287,0,10,1.0,1.0,1.0
9666,09666.png,thick,0.8530652992694105,18799,22037,19141,21695,0.0,True,0,276,295,0.043875685557586835,True,24,252,271,0.25165562913907286,True,114,158,181,0.42346938775510207,True,166,97,129,0.0,0.0,0.0
9667,09667.png,16_32,0.6638781997657688,7936,11954,9180,10710,0.038525963149078725,True,23,231,343,0.21764705882352942,True,111,144,255,0.46064814814814814,True,199,66,167,0.6923076923076923,True,261,11,105,1.0,0.7923627684964201,0.8841544607190412
9668,09668.png,zero,1.0,0,0,0,0,1.0,True,0,0,0,1.0,True,0,0,0,1.0,True,0,0,0,1.0,True,0,0,0,0.0,0.0,0.0
9669,09669.png,16_32,0.9595292174272145,4647,4843,4694,4796,0.4604105571847507,True,157,91,93,0.9606299212598425,True,244,4,6,0.9723320158102767,True,246,3,4,0.996,True,249,0,1,1.0,1.0,1.0
9670,09670.png,thick,0.8455157157341691,18346,21698,19994,20050,0.016566265060240965,True,11,391,262,0.15437392795883362,True,90,310,183,0.2765151515151515,True,146,255,127,0.36885245901639346,True,180,215,93,0.0,0.0,0.0
9671,09671.png,0_2,0.6190135811293781,866,1399,1167,1098,0.5762114537444933,True,654,212,269,0.9487179487179487,True,888,13,35,0.9775160599571735,True,913,11,10,0.9956850053937433,True,923,4,0,0.9790209790209791,1.0,0.989399293286219
9672,09672.png,zero,1.0,0,0,0,0,1.0,True,0,0,0,1.0,True,0,0,0,1.0,True,0,0,0,1.0,True,0,0,0,0.0,0.0,0.0
9673,09673.png,4_8,0.4317617866004963,348,806,558,596,0.037037037037037035,True,5,49,81,0.25,True,28,26,58,0.532608695652174,True,49,6,37,0.6976744186046512,True,60,0,26,1.0,0.9204545454545454,0.9585798816568047
9674,09674.png,zero,1.0,0,0,0,0,1.0,True,0,0,0,1.0,True,0,0,0,1.0,True,0,0,0,1.0,True,0,0,0,0.0,0.0,0.0
9675,09675.png,8_16,0.21059473513162172,648,3077,2902,823,0.014925373134328358,True,4,204,60,0.12396694214876033,True,30,178,34,0.24074074074074073,True,52,152,12,0.3248730964467005,True,64,133,0,0.0,1.0,0.0
9676,09676.png,16_32,0.8502849627356422,7758,9124,8405,8477,0.10707803992740472,True,59,205,287,0.4513064133016627,True,190,75,156,0.7380281690140845,True,262,9,84,0.8323699421965318,True,288,0,58,1.0,1.0,1.0
9677,09677.png,thick,0.8328415040456926,8749,10505,9528,9726,0.09381237524950099,True,47,204,250,0.33658536585365856,True,138,113,159,0.7003058103975535,True,229,30,68,0.9057239057239057,True,269,0,28,1.0,0.9834983498349835,0.9916805324459235
9678,09678.png,16_32,0.7118907171685812,4586,6442,5139,5889,0.054404145077720206,True,21,184,181,0.2347560975609756,True,77,126,125,0.45195729537366547,True,127,79,75,0.8564814814814815,True,185,14,17,1.0,1.0,1.0
9679,09679.png,8_16,0.16188197767145135,203,1254,570,887,0.015151515151515152,True,3,101,94,0.13793103448275862,True,24,77,73,0.28846153846153844,True,45,59,52,0.3223684210526316,True,49,55,48,0.14285714285714285,0.0,0.0
9680,09680.png,zero,1.0,0,0,0,0,1.0,True,0,0,0,1.0,True,0,0,0,1.0,True,0,0,0,1.0,True,0,0,0,0.0,0.0,0.0
9681,09681.png,16_32,0.6871159029649596,6373,9275,7371,8277,0.11985898942420682,True,102,361,388,0.4609494640122512,True,301,163,189,0.6731448763250883,True,381,76,109,0.8355899419729207,True,432,27,58,1.0,0.9980430528375733,0.999020568070519
9682,09682.png,zero,1.0,0,0,0,0,1.0,True,0,0,0,1.0,True,0,0,0,1.0,True,0,0,0,1.0,True,0,0,0,0.0,0.0,0.0
9683,09683.png,zero,1.0,0,0,0,0,1.0,True,0,0,0,1.0,True,0,0,0,1.0,True,0,0,0,1.0,True,0,0,0,0.0,0.0,0.0
9684,09684.png,4_8,0.04371584699453552,48,1098,208,938,0.0199203187250996,True,5,37,209,0.06666666666666667,True,16,26,198,0.07563025210084033,True,18,24,196,0.09401709401709402,True,22,20,192,0.0,0.0,0.0
9685,09685.png,4_8,0.8340626051834399,2478,2971,2820,2629,0.3522727272727273,True,186,162,180,0.9460916442048517,True,351,5,15,0.9701897018970189,True,358,3,8,0.9972677595628415,True,365,0,1,1.0,1.0,1.0
9686,09686.png,16_32,0.6396538158929976,1626,2542,2229,1939,0.14545454545454545,True,32,103,85,0.56875,True,91,43,26,0.7278911564625851,True,107,30,10,0.7762237762237763,True,111,26,6,1.0,1.0,1.0
9687,09687.png,2_4,0.6553924696873006,1027,1567,1402,1192,0.3373493975903614,True,168,152,178,0.8895184135977338,True,314,7,32,0.9566473988439307,True,331,0,15,1.0,True,346,0,0,1.0,1.0,1.0
9688,09688.png,8_16,0.8894601542416453,3114,3501,3310,3305,0.3727087576374745,True,183,152,156,0.8798882681564246,True,315,19,24,0.9452449567723343,True,328,8,11,0.9824046920821115,True,335,2,4,1.0,1.0,1.0
9689,09689.png,8_16,0.21136173767752714,759,3591,2318,2032,0.0,True,0,123,146,0.0,True,0,123,146,0.03937007874015748,True,10,108,136,0.20909090909090908,True,46,74,100,0.0,0.0,0.0
9690,09690.png,zero,1.0,0,0,0,0,1.0,True,0,0,0,1.0,True,0,0,0,1.0,True,0,0,0,1.0,True,0,0,0,0.0,0.0,0.0
9691,09691.png,thick,0.8046307151230949,13727,17060,14722,16065,0.0506108202443281,True,29,188,356,0.2805907172995781,True,133,89,252,0.4074074074074074,True,176,47,209,0.6285714285714286,True,242,0,143,1.0,1.0,1.0
9692,09692.png,thick,0.6648289139756717,7597,11427,7852,11172,0.0019880715705765406,True,1,246,256,0.12527964205816555,True,56,190,201,0.40336134453781514,True,144,100,113,0.7769784172661871,True,216,21,41,0.984375,1.0,0.9921259842519685
9693,09693.png,8_16,0.28055465978716543,870,3101,1070,2901,0.012658227848101266,True,6,182,286,0.1806930693069307,True,73,112,219,0.4827586206896552,True,154,27,138,0.6109215017064846,True,179,1,113,0.9578947368421052,1.0,0.978494623655914
9694,09694.png,16_32,0.2767007402185407,3925,14185,4210,13900,0.00964630225080386,True,6,153,463,0.10332749562171628,True,59,102,410,0.22718446601941747,True,117,46,352,0.3049792531120332,True,147,13,322,1.0,0.3764705882352941,0.547008547008547
9695,09695.png,0_2,0.6222791293213829,486,781,681,586,0.5996732026143791,True,367,129,116,0.9576612903225806,True,475,13,8,1.0,True,483,0,0,1.0,True,483,0,0,0.9959016393442623,1.0,0.997946611909651
9696,09696.png,8_16,0.33024950939164566,1178,3567,3070,1675,0.041025641025641026,True,16,217,157,0.16091954022988506,True,56,175,117,0.30363036303630364,True,92,130,81,0.5059760956175299,True,127,78,46,0.0,0.39204545454545453,0.0
9697,09697.png,4_8,0.4189627228525122,1034,2468,1811,1691,0.07518796992481203,True,30,151,218,0.3575949367088608,True,113,68,135,0.4726027397260274,True,138,44,110,0.6833976833976834,True,177,11,71,1.0,1.0,1.0
9698,09698.png,8_16,0.7172301991662807,3097,4318,3544,3871,0.09456740442655935,True,47,236,214,0.48484848484848486,True,176,102,85,0.7850162866449512,True,241,46,20,0.925531914893617,True,261,21,0,1.0,1.0,1.0
9699,09699.png,zero,1.0,0,0,0,0,1.0,True,0,0,0,1.0,True,0,0,0,1.0,True,0,0,0,1.0,True,0,0,0,0.0,0.0,0.0
9700,09700.png,8_16,0.585091132500512,2857,4883,4220,3520,0.018480492813141684,True,9,243,235,0.18795180722891566,True,78,171,166,0.5232198142414861,True,169,79,75,0.991869918699187,True,244,2,0,1.0,1.0,1.0
9701,09701.png,16_32,0.5050170911897673,4580,9069,8600,5049,0.0744466800804829,True,37,250,210,0.32754342431761785,True,132,156,115,0.5887573964497042,True,199,91,48,0.75,True,231,61,16,1.0,1.0,1.0
9702,09702.png,thick,0.7641080097087378,15111,19776,17259,17628,0.026687598116169546,True,17,310,310,0.10338983050847457,True,61,263,266,0.18083182640144665,True,100,226,227,0.46485260770975056,True,205,114,122,0.0,0.0,0.0
9703,09703.png,16_32,0.554908054908055,4285,7722,5194,6813,0.049523809523809526,True,26,225,274,0.17124735729386892,True,81,173,219,0.4123456790123457,True,167,105,133,0.5702917771883289,True,215,77,85,1.0,0.9904458598726115,0.9952
9704,09704.png,zero,1.0,0,0,0,0,1.0,True,0,0,0,1.0,True,0,0,0,1.0,True,0,0,0,1.0,True,0,0,0,0.0,0.0,0.0
9705,09705.png,zero,1.0,0,0,0,0,1.0,True,0,0,0,1.0,True,0,0,0,1.0,True,0,0,0,1.0,True,0,0,0,0.0,0.0,0.0
9706,09706.png,8_16,0.5959382272054157,2817,4727,4241,3303,0.02127659574468085,True,12,275,277,0.32339449541284404,True,141,147,148,0.5721925133689839,True,214,85,75,0.8575757575757575,True,283,41,6,0.8606271777003485,1.0,0.9250936329588015
9707,09707.png,2_4,0.6129679144385026,917,1496,1270,1143,0.35361216730038025,True,186,124,216,0.7777777777777778,True,315,3,87,0.8143564356435643,True,329,2,73,0.8532338308457711,True,343,0,59,0.9936507936507937,0.7481108312342569,0.8535736585007528
9708,09708.png,8_16,0.5258103241296519,1314,2499,2291,1522,0.07792207792207792,True,24,174,110,0.38333333333333336,True,92,106,42,0.6532663316582915,True,130,65,4,0.708994708994709,True,134,55,0,1.0,1.0,1.0
9709,09709.png,zero,1.0,0,0,0,0,1.0,True,0,0,0,1.0,True,0,0,0,1.0,True,0,0,0,1.0,True,0,0,0,0.0,0.0,0.0
9710,09710.png,zero,1.0,0,0,0,0,1.0,True,0,0,0,1.0,True,0,0,0,1.0,True,0,0,0,1.0,True,0,0,0,0.0,0.0,0.0
9711,09711.png,16_32,0.7604579009307799,7108,9347,8261,8194,0.051587301587301584,True,26,233,245,0.22685185185185186,True,98,161,173,0.480225988700565,True,170,83,101,0.8857142857142857,True,248,9,23,1.0,1.0,1.0
9712,09712.png,16_32,0.7174699498191154,6148,8569,8131,6586,0.05327868852459016,True,26,229,233,0.38544474393531,True,143,112,116,0.8013937282229965,True,230,28,29,0.9438202247191011,True,252,8,7,1.0,1.0,1.0
9713,09713.png,8_16,0.5514097943608226,2601,4717,4591,2727,0.060041407867494824,True,29,216,238,0.40771349862258954,True,148,96,119,0.8607142857142858,True,241,13,26,1.0,True,267,0,0,1.0,0.9893238434163701,0.9946332737030411
9714,09714.png,16_32,0.4965554749818709,2739,5516,4986,3269,0.08888888888888889,True,28,185,102,0.2819548872180451,True,75,136,55,0.5654205607476636,True,121,84,9,0.6372549019607843,True,130,74,0,0.9814814814814815,1.0,0.9906542056074767
9715,09715.png,zero,1.0,0,0,0,0,1.0,True,0,0,0,1.0,True,0,0,0,1.0,True,0,0,0,1.0,True,0,0,0,0.0,0.0,0.0
9716,09716.png,8_16,0.6078636567498878,4066,6689,6160,4595,0.0994263862332696,True,52,205,266,0.5672043010752689,True,211,54,107,0.6260387811634349,True,226,43,92,0.7333333333333333,True,253,27,65,1.0,1.0,1.0
9717,09717.png,4_8,0.4792284866468843,1615,3370,2688,2297,0.087248322147651,True,52,243,301,0.52,True,221,72,132,0.7203166226912929,True,273,26,80,0.8595505617977528,True,306,3,47,0.9933774834437086,0.928374655647383,0.9597767166332817
9718,09718.png,0_2,0.5427394438722966,527,971,867,631,0.4474431818181818,True,315,199,190,0.9371428571428572,True,492,20,13,0.9863013698630136,True,504,6,1,1.0,True,505,0,0,0.986328125,1.0,0.9931170108161259
9719,09719.png,8_16,0.520648720949674,3114,5981,5864,3231,0.125,True,71,278,219,0.6788511749347258,True,260,93,30,0.7762430939226519,True,281,72,9,0.8215297450424929,True,290,63,0,0.8022284122562674,1.0,0.8902627511591963
9720,09720.png,8_16,0.8945626477541371,1892,2115,2011,1996,0.438871473354232,True,140,79,100,0.9336099585062241,True,225,1,15,0.9583333333333334,True,230,0,10,0.9791666666666666,True,235,0,5,1.0,1.0,1.0
9721,09721.png,16_32,0.49663969277191056,7242,14582,11217,10607,0.02516411378555799,True,23,319,572,0.1997439180537772,True,156,186,439,0.31154381084840055,True,224,124,371,0.3914327917282127,True,265,82,330,0.9444444444444444,0.5167785234899329,0.6680275580505232
9722,09722.png,8_16,0.0,0,1086,0,1086,0.0,True,0,0,62,0.0,True,0,0,62,0.0,True,0,0,62,0.0,True,0,0,62,0.0,0.0,0.0
9723,09723.png,4_8,0.7807308970099668,2585,3311,2732,3164,0.3974121996303142,True,215,147,179,0.8712871287128713,True,352,10,42,0.9392405063291139,True,371,1,23,0.9644670050761421,True,380,0,14,0.997229916897507,1.0,0.9986130374479889
9724,09724.png,0_2,0.4199011997177135,595,1417,1119,893,0.43297974927675986,True,449,207,381,0.8,True,668,5,162,0.8361445783132531,True,694,0,136,0.8819277108433735,True,732,0,98,1.0,1.0,1.0
9725,09725.png,thick,0.8380808910800693,18359,21906,20805,19460,0.08070866141732283,True,41,230,237,0.2471655328798186,True,109,163,169,0.33902439024390246,True,139,132,139,0.982078853046595,True,274,1,4,1.0,1.0,1.0
9726,09726.png,zero,1.0,0,0,0,0,1.0,True,0,0,0,1.0,True,0,0,0,1.0,True,0,0,0,1.0,True,0,0,0,0.0,0.0,0.0
9727,09727.png,thick,0.7565042779814912,8665,11454,9748,10371,0.05668016194331984,True,28,205,261,0.26024096385542167,True,108,126,181,0.38786279683377306,True,147,90,142,0.5584795321637427,True,191,53,98,1.0,1.0,1.0
9728,09728.png,2_4,0.055491329479768786,48,865,180,733,0.0125,True,3,39,198,0.04700854700854701,True,11,33,190,0.07423580786026202,True,17,28,184,0.1288888888888889,True,29,24,172,0.5609756097560976,0.0,0.0
9729,09729.png,16_32,0.7039613298750295,5971,8482,6391,8062,0.04627766599597585,True,23,231,243,0.27941176470588236,True,114,142,152,0.6104294478527608,True,199,60,67,0.8472222222222222,True,244,22,22,1.0,1.0,1.0
9730,09730.png,zero,1.0,0,0,0,0,1.0,True,0,0,0,1.0,True,0,0,0,1.0,True,0,0,0,1.0,True,0,0,0,0.0,0.0,0.0
9731,09731.png,zero,1.0,0,0,0,0,1.0,True,0,0,0,1.0,True,0,0,0,1.0,True,0,0,0,1.0,True,0,0,0,0.0,0.0,0.0
9732,09732.png,8_16,0.5486708365910868,2807,5116,3324,4599,0.13745019920318724,True,69,132,301,0.38349514563106796,True,158,42,212,0.4908616187989556,True,188,13,182,0.5173333333333333,True,194,5,176,1.0,0.5297157622739018,0.6925675675675677
9733,09733.png,thick,0.8767912334925541,12482,14236,13052,13666,0.04206500956022945,True,22,225,276,0.20842572062084258,True,94,153,204,0.4945054945054945,True,180,66,118,0.7814569536423841,True,236,4,62,1.0,1.0,1.0
9734,09734.png,8_16,0.0,0,681,0,681,0.0,True,0,0,46,0.0,True,0,0,46,0.0,True,0,0,46,0.0,True,0,0,46,0.0,0.0,0.0
9735,09735.png,thick,0.937302876803976,9807,10463,10017,10253,0.1891348088531187,True,94,231,172,0.5442708333333334,True,209,118,57,0.6875,True,242,86,24,0.8099688473520249,True,260,55,6,1.0,1.0,1.0
9736,09736.png,zero,1.0,0,0,0,0,1.0,True,0,0,0,1.0,True,0,0,0,1.0,True,0,0,0,1.0,True,0,0,0,0.0,0.0,0.0
9737,09737.png,thick,0.35390085756117967,3384,9562,3768,9178,0.0022624434389140274,True,1,169,272,0.011441647597254004,True,5,164,268,0.035211267605633804,True,15,153,258,0.05339805825242718,True,22,139,251,0.0,0.0,0.0
9738,09738.png,8_16,0.4248597578978447,7195,16935,12477,11653,0.054245283018867926,True,92,746,858,0.2281786941580756,True,332,505,618,0.40279937791601866,True,518,336,432,0.7030360531309298,True,741,104,209,0.9874285714285714,0.9248197734294542,0.9550992371486569
9739,09739.png,thick,0.6966541481734381,12243,17574,13449,16368,0.028050490883590462,True,20,268,425,0.20860927152317882,True,126,159,319,0.41941747572815535,True,216,70,229,0.5230125523012552,True,250,33,195,1.0,0.538,0.6996098829648895
9740,09740.png,zero,1.0,0,0,0,0,1.0,True,0,0,0,1.0,True,0,0,0,1.0,True,0,0,0,1.0,True,0,0,0,0.0,0.0,0.0
9741,09741.png,thick,0.8328644037030314,18353,22036,19701,20688,0.04746835443037975,True,30,278,324,0.18884892086330934,True,105,202,249,0.4823008849557522,True,218,98,136,0.772020725388601,True,298,32,56,1.0,1.0,1.0
9742,09742.png,zero,1.0,0,0,0,0,1.0,True,0,0,0,1.0,True,0,0,0,1.0,True,0,0,0,1.0,True,0,0,0,0.0,0.0,0.0
9743,09743.png,zero,1.0,0,0,0,0,1.0,True,0,0,0,1.0,True,0,0,0,1.0,True,0,0,0,1.0,True,0,0,0,0.0,0.0,0.0
9744,09744.png,16_32,0.6777537796976242,4707,6945,4781,6871,0.18902439024390244,True,62,108,158,0.28618421052631576,True,87,84,133,0.3900709219858156,True,110,62,110,0.5737051792828686,True,144,31,76,1.0,1.0,1.0
9745,09745.png,8_16,0.44515832950894907,1940,4358,4212,2086,0.054285714285714284,True,19,188,143,0.23154362416107382,True,69,136,93,0.35424354243542433,True,96,109,66,0.6088888888888889,True,137,63,25,0.2935323383084577,0.23214285714285715,0.2592529998309955
9746,09746.png,8_16,0.6697271773347324,2553,3812,3137,3228,0.08853118712273642,True,44,218,235,0.5310734463276836,True,188,75,91,0.9298245614035088,True,265,6,14,1.0,True,279,0,0,1.0,1.0,1.0
9747,09747.png,4_8,0.6733727810650888,1707,2535,1937,2305,0.2152917505030181,True,107,206,184,0.8584615384615385,True,279,34,12,0.9292604501607717,True,289,20,2,0.9603960396039604,True,291,12,0,1.0,1.0,1.0
9748,09748.png,8_16,0.7307692307692307,3135,4290,3567,3858,0.08961303462321792,True,44,211,236,0.48066298342541436,True,174,82,106,0.67601246105919,True,217,41,63,0.9571428571428572,True,268,0,12,1.0,0.9964912280701754,0.9982425307557118
9749,09749.png,zero,1.0,0,0,0,0,1.0,True,0,0,0,1.0,True,0,0,0,1.0,True,0,0,0,1.0,True,0,0,0,0.0,0.0,0.0
9750,09750.png,zero,1.0,0,0,0,0,1.0,True,0,0,0,1.0,True,0,0,0,1.0,True,0,0,0,1.0,True,0,0,0,0.0,0.0,0.0
9751,09751.png,thick,0.9202622486045894,10387,11287,10477,11197,0.14676616915422885,True,59,194,149,0.5282392026578073,True,159,93,49,0.7722007722007722,True,200,51,8,0.8666666666666667,True,208,32,0,1.0,1.0,1.0
9752,09752.png,16_32,0.6279260108037322,7672,12218,8038,11852,0.02953020134228188,True,22,300,423,0.2379421221864952,True,148,177,297,0.4685714285714286,True,246,80,199,0.7093275488069414,True,327,16,118,1.0,1.0,1.0
9753,09753.png,0_2,0.4905847373637265,495,1009,901,603,0.4737654320987654,True,307,143,198,0.8899803536345776,True,453,4,52,0.9148514851485149,True,462,0,43,0.9524752475247524,True,481,0,24,1.0,1.0,1.0
9754,09754.png,16_32,0.8415057399661832,9456,11237,10703,9990,0.0210896309314587,True,12,253,304,0.2309322033898305,True,109,156,207,0.6071428571428571,True,221,48,95,0.8742138364779874,True,278,2,38,1.0,1.0,1.0
9755,09755.png,2_4,0.5834553440702782,797,1366,1147,1016,0.1872146118721461,True,82,174,182,0.8978102189781022,True,246,10,18,0.9886363636363636,True,261,0,3,1.0,True,264,0,0,1.0,1.0,1.0
9756,09756.png,8_16,0.30326162387231087,874,2882,1177,2579,0.03836930455635491,True,16,159,242,0.2781065088757396,True,94,80,164,0.3742138364779874,True,119,60,139,0.4983388704318937,True,150,43,108,0.702247191011236,0.9922779922779923,0.8224421090359827
9757,09757.png,16_32,0.5742958092060064,11703,20378,14521,17560,0.03323262839879154,True,33,467,493,0.16040955631399317,True,141,353,385,0.25742574257425743,True,208,282,318,0.4889543446244477,True,332,153,194,0.2578740157480315,0.0,0.0
9758,09758.png,8_16,0.669130691898285,2263,3382,3207,2438,0.03273809523809524,True,11,150,175,0.28413284132841327,True,77,85,109,0.7135922330097088,True,147,20,39,0.978494623655914,True,182,0,4,1.0,1.0,1.0
9759,09759.png,zero,1.0,0,0,0,0,1.0,True,0,0,0,1.0,True,0,0,0,1.0,True,0,0,0,1.0,True,0,0,0,0.0,0.0,0.0
9760,09760.png,8_16,0.5566247224278312,1504,2702,1991,2215,0.03529411764705882,True,15,176,234,0.5492957746478874,True,156,35,93,0.6566037735849056,True,174,16,75,0.7590361445783133,True,189,0,60,1.0,0.623015873015873,0.7677261613691931
9761,09761.png,16_32,0.5484315753188556,4773,8703,7366,6110,0.006622516556291391,True,3,265,185,0.053117782909930716,True,23,245,165,0.12189054726368159,True,49,214,139,0.4684385382059801,True,141,113,47,0.0,0.0,0.0
9762,09762.png,8_16,0.412009385665529,3863,9376,7765,5474,0.0449438202247191,True,36,394,371,0.1988555078683834,True,139,292,268,0.35993485342019543,True,221,207,186,0.8289473684210527,True,378,49,29,1.0,1.0,1.0
9763,09763.png,16_32,0.6116876574307305,6071,9925,6926,9070,0.0166358595194085,True,9,272,260,0.12065439672801637,True,59,220,210,0.3293269230769231,True,137,147,132,0.7941176470588235,True,243,37,26,0.0,0.0,0.0
9764,09764.png,16_32,0.1505865102639296,1027,6820,2491,5356,0.00702576112412178,True,3,147,277,0.03855421686746988,True,16,135,264,0.08695652173913043,True,34,111,246,0.14363143631436315,True,53,89,227,0.16,0.0,0.0
9765,09765.png,zero,1.0,0,0,0,0,1.0,True,0,0,0,1.0,True,0,0,0,1.0,True,0,0,0,1.0,True,0,0,0,0.0,0.0,0.0
9766,09766.png,4_8,0.2858668565325739,803,2809,973,2639,0.08372093023255814,True,36,90,304,0.3192090395480226,True,113,14,227,0.3742690058479532,True,128,2,212,0.4117647058823529,True,140,0,200,0.992,0.5350877192982456,0.6951886402279306
9767,09767.png,16_32,0.8067838505904971,5875,7282,7017,6140,0.049891540130151846,True,23,227,211,0.48923076923076925,True,159,91,75,0.8984375,True,230,22,4,0.924901185770751,True,234,19,0,0.9195402298850575,1.0,0.9580838323353293
9768,09768.png,4_8,0.2270077720207254,701,3088,3088,701,0.04310344827586207,True,10,129,93,0.16826923076923078,True,35,105,68,0.4491017964071856,True,75,64,28,0.6758620689655173,True,98,42,5,1.0,1.0,1.0
9769,09769.png,4_8,0.21669341894060995,270,1246,626,890,0.008849557522123894,True,2,106,118,0.20105820105820105,True,38,69,82,0.38509316770186336,True,62,41,58,0.8,True,100,5,20,0.26851851851851855,0.25806451612903225,0.2631877481565513
9770,09770.png,4_8,0.44751381215469616,891,1991,977,1905,0.05803571428571429,True,26,129,293,0.43202416918429004,True,143,12,176,0.4601226993865031,True,150,7,169,0.48757763975155277,True,157,3,162,1.0,0.698170731707317,0.8222621184919209
9771,09771.png,8_16,0.6733790999237224,4414,6555,6251,4718,0.05016181229773463,True,31,209,378,0.3834745762711864,True,181,63,228,0.630071599045346,True,264,10,145,0.8117359413202934,True,332,0,77,1.0,1.0,1.0
9772,09772.png,16_32,0.6961325966850829,5922,8507,7424,7005,0.04158004158004158,True,20,244,217,0.2715736040609137,True,107,157,130,0.4367816091954023,True,152,111,85,0.8148148148148148,True,220,33,17,1.0,1.0,1.0
9773,09773.png,16_32,0.4081810269799826,4690,11490,5314,10866,0.02364394993045897,True,17,266,436,0.2,True,122,157,331,0.36329588014981273,True,194,81,259,0.5817409766454352,True,274,18,179,1.0,1.0,1.0
9774,09774.png,2_4,0.5229299363057325,821,1570,1450,941,0.2505307855626327,True,118,187,166,0.7485380116959064,True,256,58,28,0.7767857142857143,True,261,52,23,0.8318042813455657,True,272,43,12,0.9668874172185431,1.0,0.9831649831649832
9775,09775.png,16_32,0.7735028976175145,4805,6212,5490,5527,0.15030060120240482,True,75,211,213,0.49869451697127937,True,191,95,97,0.6932153392330384,True,235,51,53,0.8770226537216829,True,271,21,17,1.0,1.0,1.0
9776,09776.png,4_8,0.3628841607565012,921,2538,1590,1869,0.08931185944363104,True,61,272,350,0.5,True,249,87,162,0.6520787746170679,True,298,46,113,0.7813953488372093,True,336,19,75,0.9516616314199395,0.7912621359223301,0.8640811827368883
9777,09777.png,4_8,0.5007610350076104,987,1971,1008,1950,0.18687872763419483,True,94,180,229,0.84,True,273,2,50,0.8575851393188855,True,277,0,46,0.8575851393188855,True,277,0,46,1.0,0.8489425981873112,0.9183006535947712
9778,09778.png,zero,1.0,0,0,0,0,1.0,True,0,0,0,1.0,True,0,0,0,1.0,True,0,0,0,1.0,True,0,0,0,0.0,0.0,0.0
9779,09779.png,8_16,0.605647148000758,3196,5277,5074,3399,0.059375,True,38,295,307,0.3627254509018036,True,181,154,164,0.6327014218009479,True,267,77,78,0.793733681462141,True,304,38,41,1.0,1.0,1.0
9780,09780.png,16_32,0.7016011644832606,3856,5496,4200,5152,0.06614785992217899,True,34,231,249,0.33902439024390246,True,139,127,144,0.6676829268292683,True,219,45,64,0.9436619718309859,True,268,1,15,1.0,1.0,1.0
9781,09781.png,0_2,0.7006172839506173,454,648,575,527,0.6631016042780749,True,372,89,100,0.9810924369747899,True,467,4,5,0.9978813559322034,True,471,0,1,1.0,True,472,0,0,0.9977876106194691,1.0,0.9988925802879292
9782,09782.png,8_16,0.6673866090712743,7725,11575,10763,8537,0.05485611510791367,True,61,463,588,0.3788235294117647,True,322,201,327,0.6620498614958449,True,478,73,171,0.834575260804769,True,560,22,89,1.0,0.5523255813953488,0.7116104868913857
9783,09783.png,zero,1.0,0,0,0,0,1.0,True,0,0,0,1.0,True,0,0,0,1.0,True,0,0,0,1.0,True,0,0,0,0.0,0.0,0.0
9784,09784.png,4_8,0.11600471883602045,295,2543,2269,569,0.02617801047120419,True,10,269,103,0.22429906542056074,True,72,208,41,0.2445141065830721,True,78,206,35,0.2601880877742947,True,83,206,30,0.26618705035971224,0.8090909090909091,0.4005839060884374
9785,09785.png,4_8,0.31862745098039214,455,1428,1344,539,0.09523809523809523,True,34,230,93,0.4233576642335766,True,116,147,11,0.4827586206896552,True,126,134,1,0.5120967741935484,True,127,121,0,0.6397058823529411,1.0,0.780269058295964
9786,09786.png,zero,1.0,0,0,0,0,1.0,True,0,0,0,1.0,True,0,0,0,1.0,True,0,0,0,1.0,True,0,0,0,0.0,0.0,0.0
9787,09787.png,4_8,0.42669404517453796,1039,2435,1362,2112,0.07674943566591422,True,34,138,271,0.4277286135693215,True,145,34,160,0.5277777777777778,True,171,19,134,0.6753246753246753,True,208,3,97,1.0,0.7270114942528736,0.8419301164725458
9788,09788.png,8_16,0.694829760403531,2204,3172,2366,3010,0.18125,True,87,188,205,0.7625,True,244,28,48,0.912751677852349,True,272,6,20,0.9965753424657534,True,291,0,1,1.0,1.0,1.0
9789,09789.png,16_32,0.5798130315597104,8249,14227,8581,13895,0.031788079470198675,True,24,321,410,0.16591928251121077,True,111,235,323,0.26178861788617885,True,161,181,273,0.5058365758754864,True,260,80,174,1.0,1.0,1.0
9790,09790.png,2_4,0.6229619565217391,917,1472,1363,1026,0.22760290556900725,True,94,158,161,0.9613899613899614,True,249,4,6,0.9882352941176471,True,252,0,3,1.0,True,255,0,0,1.0,1.0,1.0
9791,09791.png,16_32,0.7709539390888497,6126,7946,6771,7301,0.08985024958402663,True,54,252,295,0.4977168949771689,True,218,89,131,0.7376623376623377,True,284,36,65,0.8695652173913043,True,320,19,29,1.0,1.0,1.0
9792,09792.png,4_8,0.4802955665024631,1365,2842,2245,1962,0.07992565055762081,True,43,222,273,0.5452127659574468,True,205,60,111,0.7804878048780488,True,256,12,60,0.939873417721519,True,297,0,19,1.0,1.0,1.0
9793,09793.png,8_16,0.7198447355652596,7418,10305,10094,7629,0.06412005457025921,True,47,273,413,0.31932773109243695,True,190,135,270,0.5426356589147286,True,280,56,180,0.8056155507559395,True,373,3,87,1.0,1.0,1.0
9794,09794.png,16_32,0.6309963099630996,5814,9214,7453,7575,0.021739130434782608,True,10,215,235,0.13801452784503632,True,57,168,188,0.2826086956521739,True,104,123,141,0.5780730897009967,True,174,56,71,0.0,0.0,0.0
9795,09795.png,4_8,0.6170798898071626,896,1452,1125,1223,0.23557692307692307,True,98,156,162,0.8897058823529411,True,242,12,18,0.9923076923076923,True,258,0,2,1.0,True,260,0,0,1.0,1.0,1.0
9796,09796.png,8_16,0.16294568477174276,489,3001,893,2597,0.016,True,6,83,286,0.1111111111111111,True,38,50,254,0.209375,True,67,28,225,0.3069306930693069,True,93,11,199,1.0,0.6411960132890365,0.7813765182186235
9797,09797.png,8_16,0.6425572260598673,4744,7383,6198,5929,0.0946822308690013,True,73,275,423,0.30401234567901236,True,197,152,299,0.46757679180887374,True,274,90,222,0.7600767754318618,True,396,25,100,1.0,0.9457364341085271,0.9721115537848606
9798,09798.png,16_32,0.6584915611814346,4994,7584,5556,7022,0.16666666666666666,True,92,191,269,0.482837528604119,True,211,76,150,0.6516290726817042,True,260,38,101,0.8198924731182796,True,305,11,56,1.0,1.0,1.0
9799,09799.png,0_2,0.44481981981981983,395,888,619,664,0.4236526946107784,True,283,127,258,0.6921739130434783,True,398,34,143,0.7350877192982456,True,419,29,122,0.7869718309859155,True,447,27,94,0.9262899262899262,1.0,0.961734693877551
9800,09800.png,4_8,0.14297624010004167,343,2399,1793,949,0.0196078431372549,True,7,200,150,0.10510510510510511,True,35,176,122,0.18471337579617833,True,58,157,99,0.4423076923076923,True,115,103,42,0.0,0.0,0.0
9801,09801.png,16_32,0.40845959595959597,3882,9504,4946,8440,0.05650684931506849,True,33,285,266,0.2198019801980198,True,111,206,188,0.32762312633832974,True,153,168,146,0.45560747663551404,True,195,129,104,0.3862928348909657,0.0,0.0
9802,09802.png,16_32,0.9340943355589059,4337,4643,4481,4499,0.45251396648044695,True,162,106,90,0.9402985074626866,True,252,16,0,0.9545454545454546,True,252,12,0,0.9767441860465116,True,252,6,0,0.989010989010989,1.0,0.994475138121547
9803,09803.png,8_16,0.7928633594429939,911,1149,1143,917,0.10344827586206896,True,18,70,86,0.5645161290322581,True,70,20,34,0.8942307692307693,True,93,0,11,0.9519230769230769,True,99,0,5,1.0,1.0,1.0
9804,09804.png,16_32,0.8513289036544851,6150,7224,6770,6604,0.06277056277056277,True,29,209,224,0.5668789808917197,True,178,61,75,0.8576779026217228,True,229,14,24,0.9723320158102767,True,246,0,7,1.0,1.0,1.0
9805,09805.png,0_2,0.5896817743490839,1223,2074,1624,1673,0.5392731535756154,True,920,316,470,0.8887323943661972,True,1262,30,128,0.940756602426838,True,1318,11,72,0.979136690647482,True,1361,0,29,0.9877450980392157,1.0,0.9938347718865598
9806,09806.png,4_8,0.660377358490566,1365,2067,1623,1809,0.20308483290488433,True,79,146,164,0.7148014440433214,True,198,34,45,0.9357429718875502,True,233,6,10,0.9958847736625515,True,242,0,1,1.0,1.0,1.0
9807,09807.png,4_8,0.4288266825491364,720,1679,1009,1390,0.11818181818181818,True,52,127,261,0.49240121580547114,True,162,16,151,0.5492063492063493,True,173,2,140,0.5718849840255591,True,179,0,134,1.0,0.4984126984126984,0.6652542372881356
9808,09808.png,thick,0.5865485426714195,11189,19076,12705,17560,0.019138755980861243,True,20,518,507,0.12738853503184713,True,120,415,407,0.2529691211401425,True,213,315,314,0.5135908440629471,True,359,172,168,0.0,0.0,0.0
9809,09809.png,thick,0.8039197559397245,17392,21634,18265,20761,0.04452054794520548,True,39,434,403,0.1673052362707535,True,131,341,311,0.3413173652694611,True,228,226,214,0.5815602836879432,True,328,122,114,0.0,0.0,0.0
9810,09810.png,16_32,0.7282634169205531,6215,8534,8151,6598,0.051756007393715345,True,28,253,260,0.32242990654205606,True,138,140,150,0.6755162241887905,True,229,51,59,0.8831168831168831,True,272,20,16,1.0,1.0,1.0
9811,09811.png,thick,0.8597101020559089,11625,13522,12793,12354,0.05858585858585859,True,29,233,233,0.28431372549019607,True,116,146,146,0.48179271708683474,True,172,95,90,0.9446494464944649,True,256,9,6,1.0,1.0,1.0
9812,09812.png,zero,1.0,0,0,0,0,1.0,True,0,0,0,1.0,True,0,0,0,1.0,True,0,0,0,1.0,True,0,0,0,0.0,0.0,0.0
9813,09813.png,zero,1.0,0,0,0,0,1.0,True,0,0,0,1.0,True,0,0,0,1.0,True,0,0,0,1.0,True,0,0,0,0.0,0.0,0.0
9814,09814.png,8_16,0.7512739626304296,3096,4121,3504,3713,0.2717842323651452,True,131,160,191,0.5922077922077922,True,228,63,94,0.6314363143631436,True,233,47,89,0.7014492753623188,True,242,23,80,0.9578947368421052,0.8788732394366198,0.9166841552990556
9815,09815.png,thick,0.6037043829084907,13168,21812,18065,16915,0.013850415512465374,True,10,434,278,0.057803468208092484,True,40,404,248,0.16586921850079744,True,104,339,184,0.29981718464351004,True,164,259,124,0.0,0.0,0.0
9816,09816.png,thick,0.8358363130711164,10519,12585,11655,11449,0.048,True,24,236,240,0.29207920792079206,True,118,140,146,0.5492537313432836,True,184,71,80,0.6842105263157895,True,208,40,56,1.0,1.0,1.0
9817,09817.png,8_16,0.5107828154185771,3008,5889,5186,3711,0.041237113402061855,True,20,223,242,0.21686746987951808,True,90,153,172,0.5266272189349113,True,178,76,84,0.9057971014492754,True,250,14,12,1.0,0.8681318681318682,0.9294117647058824
9818,09818.png,16_32,0.7778264680105171,5325,6846,6410,5761,0.11320754716981132,True,54,212,211,0.49299719887955185,True,176,92,89,0.6635514018691588,True,213,56,52,0.9214285714285714,True,258,15,7,1.0,1.0,1.0
9819,09819.png,16_32,0.5619738751814224,5808,10335,9479,6664,0.05,True,25,229,246,0.24761904761904763,True,104,149,167,0.4075067024128686,True,152,102,119,0.5850746268656717,True,196,64,75,0.0,0.0,0.0
9820,09820.png,16_32,0.7512978986402966,6078,8090,7914,6254,0.05245346869712352,True,31,237,323,0.43636363636363634,True,192,86,162,0.6511627906976745,True,252,33,102,0.865546218487395,True,309,3,45,1.0,1.0,1.0
9821,09821.png,8_16,0.4483379335173407,3736,8333,7898,4171,0.041158536585365856,True,27,334,295,0.17900172117039587,True,104,259,218,0.3111954459203036,True,164,205,158,0.5502283105022832,True,241,116,81,1.0,1.0,1.0
9822,09822.png,8_16,0.04459092671578131,115,2579,198,2496,0.03773584905660377,True,8,14,190,0.07246376811594203,True,15,9,183,0.09359605911330049,True,19,5,179,0.13793103448275862,True,28,5,170,0.7142857142857143,0.0,0.0
9823,09823.png,8_16,0.5441497093023255,2995,5504,4816,3683,0.03790613718411552,True,21,248,285,0.35058823529411764,True,149,119,157,0.5686813186813187,True,207,58,99,0.7515337423312883,True,245,20,61,1.0,0.8271604938271605,0.9054054054054054
9824,09824.png,zero,1.0,0,0,0,0,1.0,True,0,0,0,1.0,True,0,0,0,1.0,True,0,0,0,1.0,True,0,0,0,0.0,0.0,0.0
9825,09825.png,16_32,0.8653846153846154,5220,6032,5948,5304,0.1705607476635514,True,73,181,174,0.7241379310344828,True,210,43,37,0.8909774436090225,True,237,19,10,0.9840637450199203,True,247,4,0,1.0,1.0,1.0
9826,09826.png,zero,1.0,0,0,0,0,1.0,True,0,0,0,1.0,True,0,0,0,1.0,True,0,0,0,1.0,True,0,0,0,0.0,0.0,0.0
9827,09827.png,4_8,0.6409725814795655,1239,1933,1691,1481,0.28105906313645623,True,138,223,130,0.7403314917127072,True,268,94,0,0.7507002801120448,True,268,89,0,0.7701149425287356,True,268,80,0,0.8434065934065934,1.0,0.9150521609538003
9828,09828.png,zero,1.0,0,0,0,0,1.0,True,0,0,0,1.0,True,0,0,0,1.0,True,0,0,0,1.0,True,0,0,0,0.0,0.0,0.0
9829,09829.png,zero,1.0,0,0,0,0,1.0,True,0,0,0,1.0,True,0,0,0,1.0,True,0,0,0,1.0,True,0,0,0,0.0,0.0,0.0
9830,09830.png,4_8,0.30378096479791394,932,3068,1270,2730,0.09615384615384616,True,65,179,432,0.3663003663003663,True,200,49,297,0.5050301810865191,True,251,0,246,0.5130784708249497,True,255,0,242,0.932806324110672,0.47337278106508873,0.6280353935200585
9831,09831.png,thick,0.6027206904117604,8241,13673,8725,13189,0.015527950310559006,True,10,342,292,0.10714285714285714,True,63,286,239,0.2637795275590551,True,134,206,168,0.6666666666666666,True,254,79,48,0.9369627507163324,1.0,0.9674556213017751
9832,09832.png,zero,1.0,0,0,0,0,1.0,True,0,0,0,1.0,True,0,0,0,1.0,True,0,0,0,1.0,True,0,0,0,0.0,0.0,0.0
9833,09833.png,0_2,0.3262999246420497,433,1327,954,806,0.32898696088264795,True,328,254,415,0.6549210206561361,True,539,80,204,0.7051597051597052,True,574,71,169,0.7471980074719801,True,600,60,143,0.8771626297577855,1.0,0.9345622119815669
9834,09834.png,thick,0.8299363884200961,12786,15406,15121,13071,0.08043478260869565,True,37,222,201,0.2607594936708861,True,103,157,135,0.6904761904761905,True,203,56,35,0.8787878787878788,True,232,26,6,1.0,1.0,1.0
9835,09835.png,16_32,0.5618789521228545,4354,7749,6717,5386,0.005263157894736842,True,3,332,235,0.1532258064516129,True,76,258,162,0.3255269320843091,True,139,189,99,0.5814606741573034,True,207,118,31,1.0,1.0,1.0
9836,09836.png,zero,1.0,0,0,0,0,1.0,True,0,0,0,1.0,True,0,0,0,1.0,True,0,0,0,1.0,True,0,0,0,0.0,0.0,0.0
9837,09837.png,16_32,0.7565922920892495,8206,10846,10504,8548,0.017713365539452495,True,11,259,351,0.2446183953033268,True,125,149,237,0.4497716894977169,True,197,76,165,0.8123324396782842,True,303,11,59,0.9833887043189369,1.0,0.9916247906197655
9838,09838.png,2_4,0.4262135922330097,439,1030,752,717,0.18232044198895028,True,66,133,163,0.712,True,178,21,51,0.7258064516129032,True,180,19,49,0.728744939271255,True,180,18,49,0.9183673469387755,0.7894736842105263,0.8490566037735849
9839,09839.png,thick,0.6145872071402008,13221,21512,13952,20781,0.005834305717619603,True,5,276,576,0.03110047846889952,True,26,255,555,0.0603448275862069,True,49,231,532,0.2143845089903181,True,155,142,426,0.0,0.0,0.0
9840,09840.png,thick,0.6029585798816568,13247,21970,16876,18341,0.013293943870014771,True,9,384,284,0.05692307692307692,True,37,357,256,0.08188976377952756,True,52,342,241,0.16695059625212946,True,98,294,195,0.0,0.0,0.0
9841,09841.png,zero,1.0,0,0,0,0,1.0,True,0,0,0,1.0,True,0,0,0,1.0,True,0,0,0,1.0,True,0,0,0,0.0,0.0,0.0
9842,09842.png,thick,0.6823564021475326,9278,13597,10891,11984,0.003745318352059925,True,2,296,236,0.09164969450101833,True,45,253,193,0.2311212814645309,True,101,199,137,0.5875370919881305,True,198,99,40,0.0,0.0,0.0
9843,09843.png,2_4,0.5069637883008357,546,1077,1023,600,0.24597701149425288,True,107,181,147,0.8819444444444444,True,254,34,0,0.8819444444444444,True,254,34,0,0.8881118881118881,True,254,32,0,0.8819444444444444,1.0,0.9372693726937269
9844,09844.png,16_32,0.7377268385864374,3862,5235,4898,4199,0.07,True,28,159,213,0.27514792899408286,True,93,97,148,0.625,True,170,31,71,0.8492063492063492,True,214,11,27,0.9536082474226805,1.0,0.9762532981530343
9845,09845.png,zero,1.0,0,0,0,0,1.0,True,0,0,0,1.0,True,0,0,0,1.0,True,0,0,0,1.0,True,0,0,0,0.0,0.0,0.0
9846,09846.png,4_8,0.3873927197395679,1309,3379,3363,1325,0.09808612440191387,True,41,193,184,0.6153846153846154,True,176,61,49,0.7824427480916031,True,205,37,20,0.896,True,224,25,1,1.0,1.0,1.0
9847,09847.png,16_32,0.6443081991215227,7041,10928,10473,7496,0.03807615230460922,True,19,242,238,0.33161953727506427,True,129,132,128,0.609375,True,195,63,62,0.8368794326241135,True,236,25,21,1.0,1.0,1.0
9848,09848.png,zero,1.0,0,0,0,0,1.0,True,0,0,0,1.0,True,0,0,0,1.0,True,0,0,0,1.0,True,0,0,0,0.0,0.0,0.0
9849,09849.png,8_16,0.6046413502109704,1433,2370,2008,1795,0.021834061135371178,True,5,104,120,0.2786885245901639,True,51,58,74,0.6620689655172414,True,96,20,29,0.984,True,123,0,2,1.0,1.0,1.0
9850,09850.png,zero,1.0,0,0,0,0,1.0,True,0,0,0,1.0,True,0,0,0,1.0,True,0,0,0,1.0,True,0,0,0,0.0,0.0,0.0
9851,09851.png,thick,0.707468334472066,13461,19027,14313,18175,0.001567398119122257,True,1,348,289,0.04411764705882353,True,27,322,263,0.15009041591320071,True,83,263,207,0.5218446601941747,True,215,122,75,0.0,0.0,0.0
9852,09852.png,16_32,0.7943968726731199,17070,21488,19421,19137,0.033,True,33,460,507,0.18306636155606407,True,160,334,380,0.29265255292652553,True,235,263,305,0.46875,True,330,164,210,0.0,0.0,0.0
9853,09853.png,thick,0.6758965601366187,11082,16396,16270,11208,0.03711340206185567,True,18,218,249,0.1297539149888143,True,58,180,209,0.30256410256410254,True,118,123,149,0.48703170028818443,True,169,80,98,0.0,0.0,0.0
9854,09854.png,16_32,0.8112375679278171,7912,9753,8804,8861,0.07102803738317758,True,38,226,271,0.37857142857142856,True,159,111,150,0.7286135693215339,True,247,30,62,0.941747572815534,True,291,0,18,1.0,1.0,1.0
9855,09855.png,zero,1.0,0,0,0,0,1.0,True,0,0,0,1.0,True,0,0,0,1.0,True,0,0,0,1.0,True,0,0,0,0.0,0.0,0.0
9856,09856.png,8_16,0.4521896343913218,2251,4978,3806,3423,0.02968036529680365,True,13,204,221,0.1188118811881188,True,48,170,186,0.1806282722513089,True,69,148,165,0.35403726708074534,True,114,88,120,0.7619047619047619,0.3603238866396761,0.4892630132279677
9857,09857.png,16_32,0.872375127420999,4279,4905,4555,4629,0.1995249406175772,True,84,172,165,0.6449511400651465,True,198,58,51,0.8810408921933085,True,237,20,12,0.9201520912547528,True,242,14,7,1.0,1.0,1.0
9858,09858.png,thick,0.7530038319153082,11594,15397,14346,12645,0.009933774834437087,True,6,295,303,0.07570422535211267,True,43,259,266,0.206286836935167,True,105,200,204,0.713091922005571,True,256,50,53,0.0,0.0,0.0
9859,09859.png,16_32,0.5920510434667021,4454,7523,5764,6213,0.03683241252302026,True,20,254,269,0.208067940552017,True,98,182,191,0.4158415841584158,True,168,115,121,0.6514285714285715,True,228,61,61,0.0,0.0,0.0
9860,09860.png,8_16,0.6731681602530311,1277,1897,1637,1537,0.020100502512562814,True,4,100,95,0.3355263157894737,True,51,53,48,0.7699115044247787,True,87,14,12,0.9801980198019802,True,99,2,0,1.0,1.0,1.0
9861,09861.png,8_16,0.5850166699352815,2983,5099,4458,3624,0.009501187648456057,True,4,201,216,0.07868020304568528,True,31,174,189,0.29012345679012347,True,94,104,126,0.9818181818181818,True,216,0,4,1.0,1.0,1.0
9862,09862.png,8_16,0.4963177275118359,3774,7604,5196,6182,0.033236994219653176,True,23,308,361,0.1472,True,92,241,292,0.2924187725631769,True,162,170,222,0.7575757575757576,True,300,12,84,0.9032258064516129,0.7712082262210797,0.8320126782884311
9863,09863.png,16_32,0.7172601834255969,8681,12103,11843,8941,0.07038123167155426,True,48,314,320,0.27461139896373055,True,159,211,209,0.41132075471698115,True,218,162,150,0.6630901287553648,True,309,98,59,1.0,0.9974358974358974,0.9987163029525032
9864,09864.png,2_4,0.6564569536423841,793,1208,960,1041,0.2917771883289125,True,110,119,148,0.8674242424242424,True,229,6,29,0.9153846153846154,True,238,2,20,0.9689922480620154,True,250,0,8,0.9781659388646288,1.0,0.988962472406181
9865,09865.png,2_4,0.0,0,729,0,729,0.0,True,0,0,242,0.0,True,0,0,242,0.0,True,0,0,242,0.0,True,0,0,242,0.0,0.0,0.0
9866,09866.png,8_16,0.5534064044702343,5150,9306,8595,5861,0.030751708428246014,True,27,434,417,0.24554183813443073,True,179,285,265,0.4878836833602585,True,302,175,142,0.8793456032719836,True,430,45,14,1.0,1.0,1.0
9867,09867.png,thick,0.3761755485893417,2760,7337,3213,6884,0.0028089887640449437,True,1,178,177,0.014204545454545454,True,5,174,173,0.05309734513274336,True,18,161,160,0.1893687707641196,True,57,123,121,0.0,0.0,0.0
9868,09868.png,2_4,0.39272030651340994,615,1566,1116,1065,0.14776119402985075,True,99,157,414,0.4779270633397313,True,249,8,264,0.49707602339181284,True,255,0,258,0.49707602339181284,True,255,0,258,1.0,0.49902912621359224,0.6658031088082902
9869,09869.png,16_32,0.5640726707471097,5806,10293,9698,6401,0.007707129094412331,True,4,274,241,0.03550295857988166,True,18,262,227,0.23222748815165878,True,98,177,147,0.5757575757575758,True,190,85,55,1.0,1.0,1.0
9870,09870.png,8_16,0.0,0,940,402,538,0.0,True,0,34,28,0.0,True,0,34,28,0.0,True,0,34,28,0.0,True,0,34,28,0.0,0.0,0.0
9871,09871.png,zero,1.0,0,0,0,0,1.0,True,0,0,0,1.0,True,0,0,0,1.0,True,0,0,0,1.0,True,0,0,0,0.0,0.0,0.0
9872,09872.png,16_32,0.4090486931139711,3083,7537,5435,5185,0.01984126984126984,True,10,254,240,0.1111111111111111,True,52,218,198,0.21149425287356322,True,92,185,158,0.41025641025641024,True,160,140,90,0.250936329588015,0.0,0.0
9873,09873.png,zero,1.0,0,0,0,0,1.0,True,0,0,0,1.0,True,0,0,0,1.0,True,0,0,0,1.0,True,0,0,0,0.0,0.0,0.0
9874,09874.png,16_32,0.7760855664709644,13351,17203,16800,13754,0.06289308176100629,True,50,361,384,0.30153846153846153,True,196,216,238,0.5606617647058824,True,305,110,129,0.8668122270742358,True,397,24,37,1.0,1.0,1.0
9875,09875.png,16_32,0.4840608465608466,7319,15120,9133,13306,0.01824817518248175,True,15,375,432,0.13414634146341464,True,99,291,348,0.22418879056047197,True,152,231,295,0.5146520146520146,True,281,99,166,1.0,0.8637316561844863,0.9268841394825647
9876,09876.png,4_8,0.7677165354330708,3315,4318,3494,4139,0.4018324607329843,True,307,220,237,0.9281867145421903,True,517,13,27,0.9706959706959707,True,530,2,14,0.9926470588235294,True,540,0,4,1.0,1.0,1.0
9877,09877.png,zero,1.0,0,0,0,0,1.0,True,0,0,0,1.0,True,0,0,0,1.0,True,0,0,0,1.0,True,0,0,0,0.0,0.0,0.0
9878,09878.png,8_16,0.5613737734165923,6293,11210,10961,6542,0.08391608391608392,True,96,463,585,0.3830022075055188,True,347,225,334,0.6758530183727034,True,515,81,166,0.9024745269286754,True,620,6,61,1.0,0.9985590778097982,0.9992790194664743
9879,09879.png,8_16,0.6992840095465394,2344,3352,2731,2965,0.027586206896551724,True,8,110,172,0.3141592920353982,True,71,46,109,0.6137566137566137,True,116,9,64,0.7388888888888889,True,133,0,47,1.0,0.8325358851674641,0.9086161879895561
9880,09880.png,8_16,0.3218839448347645,2474,7686,5314,4846,0.01437699680511182,True,9,288,329,0.10278745644599303,True,59,236,279,0.28016359918200406,True,137,151,201,0.5831202046035806,True,228,53,110,1.0,0.4441489361702128,0.6151012891344384
9881,09881.png,16_32,0.9395519077196096,8471,9016,8899,8588,0.24302788844621515,True,122,172,208,0.906060606060606,True,299,0,31,0.9303030303030303,True,307,0,23,0.9606060606060606,True,317,0,13,1.0,1.0,1.0
9882,09882.png,zero,1.0,0,0,0,0,1.0,True,0,0,0,1.0,True,0,0,0,1.0,True,0,0,0,1.0,True,0,0,0,0.0,0.0,0.0
9883,09883.png,16_32,0.6450749464668094,6025,9340,8908,6457,0.05765765765765766,True,32,269,254,0.3116591928251121,True,139,160,147,0.5378590078328982,True,206,97,80,0.7897897897897898,True,263,47,23,1.0,1.0,1.0
9884,09884.png,16_32,0.5554020447637469,4020,7238,5508,5750,0.0,True,0,248,252,0.09911894273127753,True,45,202,207,0.32439678284182305,True,121,121,131,0.6237623762376238,True,189,51,63,0.0,0.0,0.0
9885,09885.png,8_16,0.9292364990689013,499,537,504,532,0.4927536231884058,True,34,16,19,0.9622641509433962,True,51,0,2,1.0,True,53,0,0,1.0,True,53,0,0,1.0,1.0,1.0
9886,09886.png,16_32,0.5640928109547356,2966,5258,3105,5119,0.08656036446469248,True,38,196,205,0.3475783475783476,True,122,108,121,0.590443686006826,True,173,50,70,0.876,True,219,7,24,1.0,1.0,1.0
9887,09887.png,thick,0.7922889362999086,10398,13124,12064,11458,0.0210896309314587,True,12,262,295,0.16633266533066132,True,83,192,224,0.3623529411764706,True,154,118,153,0.7865853658536586,True,258,21,49,1.0,1.0,1.0
9888,09888.png,16_32,0.4472924914446756,6666,14903,10822,10747,0.01910828025477707,True,18,367,557,0.10982658959537572,True,95,290,480,0.2636363636363636,True,203,195,372,0.5458786936236392,True,351,68,224,0.0,0.0,0.0
9889,09889.png,16_32,0.9318479685452162,4977,5341,5067,5251,0.2494061757719715,True,105,137,179,0.8697183098591549,True,247,0,37,0.897887323943662,True,255,0,29,0.954225352112676,True,271,0,13,1.0,1.0,1.0
9890,09890.png,8_16,0.6844559585492228,1321,1930,1367,1884,0.1306532663316583,True,52,166,180,0.82,True,205,18,27,0.9913793103448276,True,230,0,2,1.0,True,232,0,0,1.0,1.0,1.0
9891,09891.png,thick,0.7755524400827826,11617,14979,13013,13583,0.01746031746031746,True,11,277,342,0.10463121783876501,True,61,230,292,0.2648221343873518,True,134,153,219,0.7718832891246684,True,291,24,62,1.0,1.0,1.0
9892,09892.png,zero,1.0,0,0,0,0,1.0,True,0,0,0,1.0,True,0,0,0,1.0,True,0,0,0,1.0,True,0,0,0,0.0,0.0,0.0
9893,09893.png,8_16,0.7088854247856586,1819,2566,1906,2479,0.15806451612903225,True,49,115,146,0.5877192982456141,True,134,33,61,0.7380952380952381,True,155,15,40,0.8877551020408163,True,174,1,21,1.0,0.9108910891089109,0.9533678756476685
9894,09894.png,16_32,0.7272627777169749,6645,9137,8050,7732,0.044444444444444446,True,26,229,330,0.28870292887029286,True,138,122,218,0.4880952380952381,True,205,64,151,0.7928176795580111,True,287,6,69,1.0,1.0,1.0
9895,09895.png,16_32,0.7997331217541835,22175,27728,26482,23421,0.04253926701570681,True,65,600,863,0.22964669738863286,True,299,374,629,0.4227714033539276,True,479,205,449,0.6170825335892515,True,643,114,285,0.0,0.10124164278892073,0.0
9896,09896.png,8_16,0.5404129793510325,916,1695,1517,1094,0.02564102564102564,True,4,82,70,0.18382352941176472,True,25,62,49,0.4375,True,49,38,25,0.8888888888888888,True,72,7,2,1.0,1.0,1.0
9897,09897.png,0_2,0.5582047685834503,398,713,608,503,0.4639175257731959,True,270,153,159,0.8869179600886918,True,400,22,29,0.9151785714285714,True,410,19,19,0.9616252821670429,True,426,14,3,0.9466019417475728,1.0,0.972568578553616
9898,09898.png,zero,1.0,0,0,0,0,1.0,True,0,0,0,1.0,True,0,0,0,1.0,True,0,0,0,1.0,True,0,0,0,0.0,0.0,0.0
9899,09899.png,zero,1.0,0,0,0,0,1.0,True,0,0,0,1.0,True,0,0,0,1.0,True,0,0,0,1.0,True,0,0,0,0.0,0.0,0.0
9900,09900.png,zero,1.0,0,0,0,0,1.0,True,0,0,0,1.0,True,0,0,0,1.0,True,0,0,0,1.0,True,0,0,0,0.0,0.0,0.0
9901,09901.png,4_8,0.8728671796587487,2609,2989,2805,2793,0.3476482617586912,True,170,154,165,0.8082191780821918,True,295,30,40,0.8888888888888888,True,312,16,23,0.9852941176470589,True,335,5,0,0.9881656804733728,1.0,0.9940476190476192
9902,09902.png,8_16,0.6938914412115025,4078,5877,4232,5723,0.10122699386503067,True,66,259,327,0.45161290322580644,True,224,103,169,0.7950617283950617,True,322,12,71,0.898989898989899,True,356,3,37,1.0,1.0,1.0
9903,09903.png,8_16,0.7075992637391533,2691,3803,3357,3137,0.06485355648535565,True,31,226,221,0.6346153846153846,True,198,60,54,0.9540229885057471,True,249,9,3,0.984375,True,252,4,0,1.0,1.0,1.0
9904,09904.png,8_16,0.6446811085562144,5327,8263,6748,6842,0.04234972677595628,True,31,314,387,0.252442996742671,True,155,196,263,0.47036328871892924,True,246,105,172,0.9168646080760094,True,386,3,32,1.0,1.0,1.0
9905,09905.png,zero,1.0,0,0,0,0,1.0,True,0,0,0,1.0,True,0,0,0,1.0,True,0,0,0,1.0,True,0,0,0,0.0,0.0,0.0
9906,09906.png,4_8,0.5770277626565051,1060,1837,1768,1129,0.2016348773841962,True,74,162,131,0.6923076923076923,True,180,55,25,0.7909836065573771,True,193,39,12,0.9403669724770642,True,205,13,0,1.0,1.0,1.0
9907,09907.png,4_8,0.4152462121212121,877,2112,1387,1602,0.08076009501187649,True,34,170,217,0.3834355828220859,True,125,75,126,0.6289752650176679,True,178,32,73,0.7218045112781954,True,192,15,59,1.0,0.852,0.920086393088553
9908,09908.png,zero,1.0,0,0,0,0,1.0,True,0,0,0,1.0,True,0,0,0,1.0,True,0,0,0,1.0,True,0,0,0,0.0,0.0,0.0
9909,09909.png,4_8,0.6991643454038997,2008,2872,2096,2784,0.42251223491027734,True,259,181,173,0.9330357142857143,True,418,16,14,0.9771689497716894,True,428,6,4,0.9863013698630136,True,432,6,0,0.9865168539325843,1.0,0.9932126696832579
9910,09910.png,2_4,0.5709033613445378,1087,1904,1272,1719,0.34903381642512077,True,289,191,348,0.7439759036144579,True,494,27,143,0.8351145038167939,True,547,18,90,0.9119010819165378,True,590,10,47,1.0,1.0,1.0
9911,09911.png,8_16,0.45831495368328184,1039,2267,1274,2032,0.01048951048951049,True,3,136,147,0.10344827586206896,True,27,111,123,0.24034334763948498,True,56,83,94,0.7100591715976331,True,120,19,30,1.0,1.0,1.0
9912,09912.png,zero,1.0,0,0,0,0,1.0,True,0,0,0,1.0,True,0,0,0,1.0,True,0,0,0,1.0,True,0,0,0,0.0,0.0,0.0
9913,09913.png,16_32,0.5963953412713905,9166,15369,11870,12665,0.027710843373493974,True,23,288,519,0.1814404432132964,True,131,180,411,0.29668674698795183,True,197,122,345,0.48688524590163934,True,297,68,245,1.0,0.39168110918544197,0.5628891656288917
9914,09914.png,4_8,0.6889438943894389,835,1212,1001,1046,0.32113821138211385,True,79,69,98,0.8032786885245902,True,147,6,30,0.8388888888888889,True,151,3,26,0.8531073446327684,True,151,0,26,1.0,0.8681318681318682,0.9294117647058824
9915,09915.png,16_32,0.5300306299107738,11940,22527,13743,20724,0.03468780971258672,True,35,381,593,0.167973124300112,True,150,265,478,0.2618757612667479,True,215,193,413,0.3612217795484728,True,272,125,356,0.0,0.0,0.0
9916,09916.png,zero,1.0,0,0,0,0,1.0,True,0,0,0,1.0,True,0,0,0,1.0,True,0,0,0,1.0,True,0,0,0,0.0,0.0,0.0
9917,09917.png,4_8,0.861075747931254,5411,6284,6125,5570,0.4322274881516588,True,456,291,308,0.9818417639429312,True,757,7,7,0.9934810951760105,True,762,3,2,1.0,True,764,0,0,1.0,1.0,1.0
9918,09918.png,8_16,0.4203527815468114,1549,3685,2584,2650,0.032119914346895075,True,15,212,240,0.24870466321243523,True,96,131,159,0.45345345345345345,True,151,78,104,0.75,True,204,17,51,0.8526785714285714,1.0,0.9204819277108434
9919,09919.png,thick,0.5945376830724747,18917,31818,19987,30748,0.005134788189987163,True,4,445,330,0.023529411764705882,True,18,431,316,0.04666666666666667,True,35,416,299,0.09295774647887324,True,66,376,268,0.0,0.0,0.0
9920,09920.png,2_4,0.40594594594594596,751,1850,912,1689,0.1315345699831366,True,78,110,405,0.4,True,196,7,287,0.44693877551020406,True,219,7,264,0.511340206185567,True,248,2,235,0.9631578947368421,1.0,0.9812332439678284
9921,09921.png,16_32,0.37980911148282986,3860,10163,4131,9892,0.0218408736349454,True,14,158,469,0.16755793226381463,True,94,78,389,0.30392156862745096,True,155,27,328,0.4152892561983471,True,201,1,282,0.9943820224719101,0.3492063492063492,0.5168912192208136
9922,09922.png,16_32,0.6348559790514984,8728,13748,12961,9515,0.011666666666666667,True,7,311,282,0.14528301886792452,True,77,241,212,0.36794582392776526,True,163,154,126,0.5592783505154639,True,217,99,72,0.0,0.0,0.0
9923,09923.png,16_32,0.5643153526970954,1496,2651,2100,2047,0.015503875968992248,True,4,146,108,0.17488789237668162,True,39,111,73,0.6459627329192547,True,104,49,8,0.7115384615384616,True,111,44,1,0.9808917197452229,1.0,0.9903536977491961
9924,09924.png,16_32,0.17631498626513378,1733,9829,6696,4866,0.0032258064516129032,True,2,362,256,0.06174957118353345,True,36,325,222,0.11211573236889692,True,62,295,196,0.1889763779527559,True,96,250,162,0.0,0.0,0.0
9925,09925.png,8_16,0.7454260324098275,2852,3826,3080,3598,0.2552504038772213,True,158,217,244,0.868421052631579,True,363,16,39,0.9528535980148883,True,384,1,18,0.9950248756218906,True,400,0,2,1.0,1.0,1.0
9926,09926.png,zero,1.0,0,0,0,0,1.0,True,0,0,0,1.0,True,0,0,0,1.0,True,0,0,0,1.0,True,0,0,0,0.0,0.0,0.0
9927,09927.png,8_16,0.5868386614320433,3139,5349,4840,3648,0.08823529411764706,True,45,232,233,0.37530864197530867,True,152,127,126,0.6568047337278107,True,222,60,56,0.992831541218638,True,277,1,1,1.0,1.0,1.0
9928,09928.png,8_16,0.8114153490165831,2104,2593,2577,2120,0.3953488372093023,True,136,115,93,0.867704280155642,True,223,28,6,0.950207468879668,True,229,12,0,1.0,True,229,0,0,1.0,1.0,1.0
9929,09929.png,16_32,0.9010526315789473,4708,5225,5209,4724,0.11693548387096774,True,58,227,211,0.8653198653198653,True,257,28,12,0.926829268292683,True,266,18,3,0.9711191335740073,True,269,8,0,1.0,1.0,1.0
9930,09930.png,8_16,0.6009332872450743,3477,5786,5746,3517,0.10351201478743069,True,56,255,230,0.5438144329896907,True,211,102,75,0.7959183673469388,True,273,57,13,0.8461538461538461,True,286,52,0,0.8449367088607594,1.0,0.915951972555746
9931,09931.png,8_16,0.5080099679601282,2854,5618,4371,4101,0.006633499170812604,True,4,310,289,0.18323586744639375,True,94,220,199,0.425531914893617,True,180,130,113,0.8714733542319749,True,278,26,15,1.0,0.9057239057239057,0.950530035335689
9932,09932.png,thick,0.7592139217891881,11474,15113,14067,12520,0.03453689167974882,True,22,317,298,0.2255083179297597,True,122,221,198,0.3393213572854291,True,170,181,150,0.6004672897196262,True,257,108,63,1.0,1.0,1.0
9933,09933.png,16_32,0.07535380909364649,1001,13284,2303,11982,0.0032414910858995136,True,2,123,492,0.016366612111292964,True,10,117,484,0.03488372093023256,True,21,108,473,0.09106239460370995,True,54,99,440,0.12408759124087591,0.0,0.0
9934,09934.png,4_8,0.36008560727661854,673,1869,1031,1511,0.0891891891891892,True,33,159,178,0.4444444444444444,True,124,68,87,0.6265060240963856,True,156,38,55,0.852017937219731,True,190,12,21,1.0,1.0,1.0
9935,09935.png,16_32,0.7,4641,6630,6183,5088,0.03225806451612903,True,16,226,254,0.2684729064039409,True,109,136,161,0.5585585585585585,True,186,63,84,0.9444444444444444,True,255,0,15,1.0,1.0,1.0
9936,09936.png,zero,1.0,0,0,0,0,1.0,True,0,0,0,1.0,True,0,0,0,1.0,True,0,0,0,1.0,True,0,0,0,0.0,0.0,0.0
9937,09937.png,2_4,0.6405135520684736,898,1402,1258,1042,0.25586854460093894,True,109,147,170,0.8881118881118881,True,254,7,25,0.9142857142857143,True,256,1,23,0.978494623655914,True,273,0,6,1.0,0.996415770609319,0.9982046678635548
9938,09938.png,zero,1.0,0,0,0,0,1.0,True,0,0,0,1.0,True,0,0,0,1.0,True,0,0,0,1.0,True,0,0,0,0.0,0.0,0.0
9939,09939.png,16_32,0.7007808142777467,5026,7172,6499,5699,0.06,True,36,265,299,0.4174107142857143,True,187,113,148,0.6868421052631579,True,261,45,74,0.8703170028818443,True,302,12,33,0.9344262295081968,1.0,0.9661016949152543
9940,09940.png,4_8,0.4547677261613692,930,2045,1732,1243,0.08716707021791767,True,36,188,189,0.4627831715210356,True,143,84,82,0.6593406593406593,True,180,48,45,0.8446215139442231,True,212,26,13,0.981651376146789,1.0,0.9907407407407407
9941,09941.png,2_4,0.3475661827497865,407,1171,1042,536,0.1949367088607595,True,77,148,170,0.7388059701492538,True,198,21,49,0.8571428571428571,True,216,5,31,0.8809523809523809,True,222,5,25,0.9778761061946902,0.9233870967741935,0.9498507910887559
9942,09942.png,2_4,0.6471014492753623,893,1380,1223,1050,0.27951807228915665,True,116,111,188,0.7295597484276729,True,232,14,72,0.8143322475570033,True,250,3,54,0.8618421052631579,True,262,0,42,1.0,0.9620253164556962,0.9806451612903226
9943,09943.png,8_16,0.3794632956309603,1711,4509,3449,2771,0.04198473282442748,True,22,254,248,0.24429223744292236,True,107,168,163,0.5934718100890207,True,200,67,70,0.875,True,252,18,18,1.0,0.9424460431654677,0.9703703703703704
9944,09944.png,zero,1.0,0,0,0,0,1.0,True,0,0,0,1.0,True,0,0,0,1.0,True,0,0,0,1.0,True,0,0,0,0.0,0.0,0.0
9945,09945.png,zero,1.0,0,0,0,0,1.0,True,0,0,0,1.0,True,0,0,0,1.0,True,0,0,0,1.0,True,0,0,0,0.0,0.0,0.0
9946,09946.png,16_32,0.7583219334245326,4989,6579,6431,5137,0.10504201680672269,True,50,227,199,0.639751552795031,True,206,73,43,0.8812949640287769,True,245,29,4,0.939622641509434,True,249,16,0,1.0,1.0,1.0
9947,09947.png,thick,0.6136410681018423,5929,9662,6651,8940,0.03455723542116631,True,16,230,217,0.1486810551558753,True,62,184,171,0.21374045801526717,True,84,160,149,0.5858585858585859,True,174,64,59,0.0,0.0,0.0
9948,09948.png,16_32,0.27647988758124015,1574,5693,1601,5666,0.036312849162011177,True,13,131,214,0.16614420062695925,True,53,92,174,0.28719723183391005,True,83,62,144,0.3843283582089552,True,103,41,124,0.8741721854304636,1.0,0.9328621908127208
9949,09949.png,4_8,0.5965639810426541,1007,1688,1166,1529,0.15704387990762125,True,68,182,183,0.9122137404580153,True,239,11,12,0.9881422924901185,True,250,2,1,1.0,True,251,0,0,0.9879032258064516,1.0,0.9939148073022313
9950,09950.png,0_2,0.50734394124847,829,1634,1404,1059,0.4470119521912351,True,561,314,380,0.8788501026694046,True,856,33,85,0.9464285714285714,True,901,11,40,0.971307120085016,True,914,0,27,0.9861271676300578,1.0,0.9930151338766007
9951,09951.png,4_8,0.4774193548387097,518,1085,778,825,0.08664259927797834,True,24,126,127,0.5459183673469388,True,107,45,44,0.823170731707317,True,135,13,16,0.9868421052631579,True,150,1,1,1.0,1.0,1.0
9952,09952.png,4_8,0.5206499661475965,769,1477,1441,805,0.0798611111111111,True,23,165,100,0.43457943925233644,True,93,91,30,0.6988636363636364,True,123,53,0,0.7639751552795031,True,123,38,0,1.0,1.0,1.0
9953,09953.png,8_16,0.2160887656033287,779,3605,1513,2871,0.028017241379310345,True,13,202,249,0.17866004962779156,True,72,141,190,0.34770114942528735,True,121,86,141,0.41411042944785276,True,135,64,127,0.776255707762557,0.5075187969924813,0.6137594437387176
9954,09954.png,zero,1.0,0,0,0,0,1.0,True,0,0,0,1.0,True,0,0,0,1.0,True,0,0,0,1.0,True,0,0,0,0.0,0.0,0.0
9955,09955.png,8_16,0.5334728033472803,2805,5258,5169,2894,0.08771929824561403,True,40,202,214,0.5339506172839507,True,173,70,81,0.7714285714285715,True,216,26,38,0.968503937007874,True,246,0,8,1.0,1.0,1.0
9956,09956.png,16_32,0.6321236178055004,4459,7054,6822,4691,0.05104408352668213,True,22,196,213,0.18848167539267016,True,72,147,163,0.36826347305389223,True,123,99,112,0.8068181818181818,True,213,29,22,1.0,1.0,1.0
9957,09957.png,8_16,0.4941820670773443,4332,8766,6079,7019,0.05854241338112306,True,49,215,573,0.2865412445730825,True,198,69,424,0.38390092879256965,True,248,24,374,0.4440944881889764,True,282,13,340,1.0,0.9575471698113207,0.9783132530120482
9958,09958.png,16_32,0.6155258594307865,6034,9803,8585,7252,0.043706293706293704,True,25,240,307,0.1519230769230769,True,79,188,253,0.32962138084632514,True,148,117,184,0.5338541666666666,True,205,52,127,1.0,1.0,1.0
9959,09959.png,zero,1.0,0,0,0,0,1.0,True,0,0,0,1.0,True,0,0,0,1.0,True,0,0,0,1.0,True,0,0,0,0.0,0.0,0.0
9960,09960.png,16_32,0.5257781172426962,5507,10474,9321,6660,0.010380622837370242,True,6,307,265,0.08971962616822429,True,48,264,223,0.14763779527559054,True,75,237,196,0.46365914786967416,True,185,128,86,0.0,0.0,0.0
9961,09961.png,16_32,0.600486223662885,3705,6170,4728,5147,0.032504780114722756,True,17,264,242,0.2080536912751678,True,93,188,166,0.47802197802197804,True,174,105,85,0.7557755775577558,True,229,44,30,1.0,1.0,1.0
9962,09962.png,16_32,0.7637317140491305,5534,7246,6466,6314,0.031476997578692496,True,13,201,199,0.29573170731707316,True,97,116,115,0.5814814814814815,True,157,58,55,1.0,True,212,0,0,1.0,1.0,1.0
9963,09963.png,16_32,0.7943786982248521,3759,4732,4690,3801,0.1111111111111111,True,38,160,144,0.540650406504065,True,133,64,49,0.6163793103448276,True,143,50,39,0.8317307692307693,True,173,26,9,1.0,1.0,1.0
9964,09964.png,16_32,0.8084240416469475,8541,10565,9990,9116,0.05546218487394958,True,33,198,364,0.336864406779661,True,159,75,238,0.5776699029126213,True,238,15,159,0.743073047858942,True,295,0,102,1.0,1.0,1.0
9965,09965.png,zero,1.0,0,0,0,0,1.0,True,0,0,0,1.0,True,0,0,0,1.0,True,0,0,0,1.0,True,0,0,0,0.0,0.0,0.0
9966,09966.png,thick,0.7486420279049952,14058,18778,16119,16717,0.02494802494802495,True,12,258,211,0.11085972850678733,True,49,219,174,0.1522248243559719,True,65,204,158,0.24615384615384617,True,96,167,127,0.0,0.0,0.0
9967,09967.png,16_32,0.6316194243023512,5749,9102,7216,7635,0.013114754098360656,True,8,333,269,0.12844036697247707,True,70,268,207,0.25256673511293637,True,123,210,154,0.4231678486997636,True,179,146,98,0.06720430107526881,0.0,0.0
9968,09968.png,16_32,0.8115059221658206,4796,5910,5413,5293,0.16210526315789472,True,77,201,197,0.6261127596439169,True,211,63,63,0.8823529411764706,True,255,15,19,0.9963503649635036,True,273,0,1,1.0,1.0,1.0
9969,09969.png,16_32,0.5409893992932863,1531,2830,2267,2094,0.0,True,0,104,57,0.0189873417721519,True,3,101,54,0.09655172413793103,True,14,88,43,0.1984732824427481,True,26,74,31,0.0,0.0,0.0
9970,09970.png,16_32,0.7797672336615935,6097,7819,6710,7206,0.04331450094161959,True,23,255,253,0.30424528301886794,True,129,148,147,0.547486033519553,True,196,82,80,0.8145695364238411,True,246,26,30,1.0,0.9928571428571429,0.996415770609319
9971,09971.png,4_8,0.5195473251028807,505,972,537,940,0.2297734627831715,True,71,119,119,0.8585365853658536,True,176,15,14,0.8926829268292683,True,183,15,7,0.926829268292683,True,190,15,0,0.90625,1.0,0.9508196721311475
9972,09972.png,16_32,0.5784686396959001,4261,7366,4459,7168,0.03718199608610567,True,19,247,245,0.3012345679012346,True,122,141,142,0.6048632218844985,True,199,65,65,1.0,True,264,0,0,1.0,1.0,1.0
9973,09973.png,thick,0.5041065098988502,5831,11567,8385,9013,0.029469548133595286,True,15,252,242,0.13665943600867678,True,63,204,194,0.28361858190709044,True,116,152,141,0.5409356725146199,True,185,85,72,0.0,0.0,0.0
9974,09974.png,16_32,0.6626006036217303,5269,7952,6407,6814,0.04063604240282685,True,23,213,330,0.2242798353909465,True,109,133,244,0.5663265306122449,True,222,39,131,0.8045325779036827,True,284,0,69,1.0,0.9074550128534704,0.9514824797843665
9975,09975.png,16_32,0.5569930546098325,4090,7343,5325,6108,0.017964071856287425,True,9,210,282,0.13333333333333333,True,60,159,231,0.29219143576826195,True,116,106,175,0.6036585365853658,True,198,37,93,1.0,1.0,1.0
9976,09976.png,8_16,0.6984126984126984,2112,3024,2485,2651,0.12195121951219512,True,55,197,199,0.7943262411347518,True,224,28,30,0.9612403100775194,True,248,4,6,1.0,True,254,0,0,1.0,1.0,1.0
9977,09977.png,thick,0.5312362322671601,6029,11349,6262,11116,0.015267175572519083,True,8,242,274,0.07910750507099391,True,39,211,243,0.20045045045045046,True,89,162,193,0.7363344051446945,True,229,29,53,1.0,0.9970501474926253,0.9985228951255538
9978,09978.png,4_8,0.558282208588957,819,1467,1062,1224,0.22141119221411193,True,91,161,159,0.8376383763837638,True,227,21,23,0.9840637450199203,True,247,1,3,1.0,True,250,0,0,1.0,0.9486166007905138,0.973630831643002
9979,09979.png,8_16,0.8223924142961342,2255,2742,2447,2550,0.2868217054263566,True,111,138,138,0.996,True,249,1,0,1.0,True,249,0,0,1.0,True,249,0,0,1.0,1.0,1.0
9980,09980.png,16_32,0.7147091515376065,3858,5398,4682,4574,0.012779552715654952,True,4,122,187,0.08191126279863481,True,24,102,167,0.20599250936329588,True,55,76,136,0.5550239234449761,True,116,18,75,1.0,0.9942528735632183,0.9971181556195965
9981,09981.png,16_32,0.5216821695270536,3982,7633,4783,6832,0.06164383561643835,True,36,216,332,0.3730684326710817,True,169,85,199,0.5831202046035806,True,228,23,140,0.6666666666666666,True,246,1,122,1.0,0.6851851851851852,0.8131868131868133
9982,09982.png,zero,1.0,0,0,0,0,1.0,True,0,0,0,1.0,True,0,0,0,1.0,True,0,0,0,1.0,True,0,0,0,0.0,0.0,0.0
9983,09983.png,16_32,0.765725832735806,11747,15341,13451,13637,0.024509803921568627,True,20,225,571,0.12885906040268458,True,96,154,495,0.29607250755287007,True,196,71,395,0.5414551607445008,True,320,0,271,1.0,1.0,1.0
9984,09984.png,8_16,0.5560593569661995,1349,2426,1471,2304,0.17098445595854922,True,66,130,190,0.5993031358885017,True,172,31,84,0.7945736434108527,True,205,2,51,0.8515625,True,218,0,38,0.8223350253807107,1.0,0.9025069637883009
9985,09985.png,2_4,0.5810306198655714,778,1339,1127,990,0.2755102040816326,True,108,133,151,0.898876404494382,True,240,8,19,0.9655172413793104,True,252,2,7,1.0,True,259,0,0,1.0,1.0,1.0
9986,09986.png,16_32,0.7255375164545853,6614,9116,7689,8041,0.05860113421550094,True,31,248,250,0.28735632183908044,True,125,154,156,0.5965909090909091,True,210,71,71,0.9115646258503401,True,268,13,13,1.0,1.0,1.0
9987,09987.png,zero,1.0,0,0,0,0,1.0,True,0,0,0,1.0,True,0,0,0,1.0,True,0,0,0,1.0,True,0,0,0,0.0,0.0,0.0
9988,09988.png,zero,1.0,0,0,0,0,1.0,True,0,0,0,1.0,True,0,0,0,1.0,True,0,0,0,1.0,True,0,0,0,0.0,0.0,0.0
9989,09989.png,16_32,0.6717667436489607,6981,10392,9837,7536,0.04040404040404041,True,20,218,257,0.27722772277227725,True,112,127,165,0.4744318181818182,True,167,75,110,0.78839590443686,True,231,16,46,1.0,1.0,1.0
9990,09990.png,zero,1.0,0,0,0,0,1.0,True,0,0,0,1.0,True,0,0,0,1.0,True,0,0,0,1.0,True,0,0,0,0.0,0.0,0.0
9991,09991.png,2_4,0.34782608695652173,512,1472,1425,559,0.19282511210762332,True,86,188,172,0.8415492957746479,True,239,26,19,0.9288389513108615,True,248,9,10,0.9961240310077519,True,257,0,1,1.0,0.99609375,0.9980430528375733
9992,09992.png,8_16,0.6845429362880886,6178,9025,8644,6559,0.05172413793103448,True,42,371,399,0.3996710526315789,True,243,167,198,0.7413441955193483,True,364,50,77,0.9133333333333333,True,411,9,30,1.0,0.9624724061810155,0.9808773903262092
9993,09993.png,8_16,0.5800564849011515,2670,4603,4582,2691,0.15550755939524838,True,72,198,193,0.7290322580645161,True,226,45,39,0.9081272084805654,True,257,18,8,0.9532374100719424,True,265,13,0,0.9821428571428571,1.0,0.9909909909909909
9994,09994.png,8_16,0.2791783380018674,299,1071,369,1001,0.024844720496894408,True,4,76,81,0.4732142857142857,True,53,27,32,0.5277777777777778,True,57,23,28,0.5904761904761905,True,62,20,23,0.8,1.0,0.888888888888889
9995,09995.png,8_16,0.6278190222720269,4482,7139,6948,4673,0.04063604240282685,True,23,255,288,0.2826552462526767,True,132,156,179,0.5412371134020618,True,210,77,101,0.7636887608069164,True,265,36,46,0.9862068965517241,0.9261363636363636,0.9552281622031431
9996,09996.png,16_32,0.5719509318235433,4849,8478,7138,6189,0.01841620626151013,True,10,252,281,0.1496881496881497,True,72,190,219,0.39348370927318294,True,157,108,134,0.5355191256830601,True,196,75,95,0.7323420074349443,0.7060702875399361,0.7189662290479729
9997,09997.png,8_16,0.1691977691977692,1972,11655,2789,10838,0.04266467065868264,True,57,381,898,0.19377162629757785,True,224,201,731,0.3006597549481621,True,319,106,636,0.37996031746031744,True,383,53,572,0.6497695852534562,0.35137895812053116,0.4561068612562122
9998,09998.png,thick,0.7006136661380404,10161,14503,10405,14259,0.031423290203327174,True,17,272,252,0.15113871635610765,True,73,214,196,0.4505208333333333,True,173,115,96,0.9640287769784173,True,268,9,1,1.0,1.0,1.0
9999,09999.png,zero,1.0,0,0,0,0,1.0,True,0,0,0,1.0,True,0,0,0,1.0,True,0,0,0,1.0,True,0,0,0,0.0,0.0,0.0
10000,10000.png,4_8,0.7152732060566162,2173,3038,2482,2729,0.37209302325581395,True,304,215,298,0.7904761904761904,True,498,28,104,0.8587848932676518,True,523,7,79,0.9003322259136213,True,542,0,60,0.9942196531791907,0.9099836333878887,0.9502384737678855
10001,10001.png,16_32,0.8524261015058561,7642,8965,8304,8303,0.08464566929133858,True,43,214,251,0.37037037037037035,True,150,111,144,0.7515723270440252,True,239,24,55,0.9319727891156463,True,274,0,20,1.0,1.0,1.0
10002,10002.png,8_16,0.6079888527635857,1309,2153,1611,1851,0.09597523219814241,True,31,150,142,0.5982142857142857,True,134,51,39,0.8638743455497382,True,165,18,8,0.9402173913043478,True,173,11,0,1.0,1.0,1.0
10003,10003.png,16_32,0.64800229127882,4525,6983,6416,5092,0.052734375,True,27,272,213,0.22477064220183487,True,98,196,142,0.27710843373493976,True,115,175,125,0.5632530120481928,True,187,92,53,0.9863481228668942,1.0,0.993127147766323
10004,10004.png,8_16,0.9133313271140535,3035,3323,3152,3206,0.5131195335276968,True,176,82,85,0.9846743295019157,True,257,0,4,0.9885057471264368,True,258,0,3,1.0,True,261,0,0,1.0,1.0,1.0
10005,10005.png,thick,0.8204238712125318,15136,18449,16502,17083,0.019417475728155338,True,10,275,230,0.10970464135021098,True,52,234,188,0.17752808988764046,True,79,205,161,0.4657142857142857,True,163,110,77,1.0,1.0,1.0
10006,10006.png,thick,0.7788187972137741,15877,20386,17369,18894,0.026845637583892617,True,20,328,397,0.22169059011164274,True,139,210,278,0.3612565445026178,True,207,156,210,0.5540540540540541,True,287,101,130,1.0,0.9532520325203252,0.976066597294485
10007,10007.png,thick,0.5251534518762261,8299,15803,15207,8895,0.0047694753577106515,True,3,464,162,0.03776683087027915,True,23,444,142,0.10912343470483005,True,61,394,104,0.241869918699187,True,119,327,46,0.0,0.0,0.0
10008,10008.png,8_16,0.7055541465888917,2782,3943,3035,3690,0.11764705882352941,True,54,204,201,0.4670487106017192,True,163,94,92,0.9138576779026217,True,244,12,11,0.9922178988326849,True,255,2,0,1.0,1.0,1.0
10009,10009.png,4_8,0.42208588957055215,1032,2445,1716,1761,0.04798464491362764,True,25,242,254,0.40458015267175573,True,159,114,120,0.579250720461095,True,201,68,78,0.86,True,258,21,21,1.0,0.5106382978723404,0.676056338028169
10010,10010.png,4_8,0.23660946437857514,455,1923,562,1816,0.07038123167155426,True,24,69,248,0.3111888111888112,True,89,14,183,0.45588235294117646,True,124,0,148,0.5183823529411765,True,141,0,131,0.8421052631578947,0.4908424908424908,0.6201909169800405
10011,10011.png,8_16,0.4439799331103679,1062,2392,1147,2307,0.07756232686980609,True,28,172,161,0.5967078189300411,True,145,54,44,0.8719211822660099,True,177,14,12,0.9476439790575916,True,181,2,8,1.0,1.0,1.0
10012,10012.png,8_16,0.7498513379583747,3783,5045,4827,4001,0.12320328542094455,True,60,215,212,0.6081871345029239,True,208,70,64,0.9020979020979021,True,258,14,14,0.9963369963369964,True,272,1,0,1.0,1.0,1.0
10013,10013.png,thick,0.8367557090072082,13814,16509,14639,15684,0.025210084033613446,True,12,238,226,0.19852941176470587,True,81,170,157,0.4109195402298851,True,143,110,95,0.5714285714285714,True,176,70,62,0.0,0.0,0.0
10014,10014.png,zero,1.0,0,0,0,0,1.0,True,0,0,0,1.0,True,0,0,0,1.0,True,0,0,0,1.0,True,0,0,0,0.0,0.0,0.0
10015,10015.png,8_16,0.6463734821135543,3939,6094,4129,5904,0.14634146341463414,True,168,448,532,0.8021680216802168,True,592,38,108,0.9035460992907801,True,637,5,63,0.9428571428571428,True,660,0,40,1.0,1.0,1.0
10016,10016.png,16_32,0.7304054054054054,8648,11840,10557,9931,0.02358490566037736,True,15,294,327,0.21910112359550563,True,117,192,225,0.36268343815513626,True,173,135,169,0.5735294117647058,True,234,66,108,0.0,0.0,0.0
10017,10017.png,thick,0.8051906095197071,7477,9286,8476,8287,0.05220883534136546,True,26,240,232,0.2962962962962963,True,120,147,138,0.6806451612903226,True,211,52,47,0.9809160305343512,True,257,4,1,1.0,1.0,1.0
10018,10018.png,16_32,0.6696165191740413,4086,6102,4503,5685,0.054009819967266774,True,33,282,296,0.3803418803418803,True,178,139,151,0.5249406175771971,True,221,92,108,0.6727748691099477,True,257,53,72,1.0,1.0,1.0
10019,10019.png,4_8,0.5877961700746511,1811,3081,2738,2154,0.2840409956076135,True,194,232,257,0.6800766283524904,True,355,71,96,0.7773279352226721,True,384,43,67,0.8091286307053942,True,390,31,61,1.0,0.8650442477876106,0.9276393831553974
10020,10020.png,zero,1.0,0,0,0,0,1.0,True,0,0,0,1.0,True,0,0,0,1.0,True,0,0,0,1.0,True,0,0,0,0.0,0.0,0.0
10021,10021.png,2_4,0.6407137064071371,790,1233,922,1101,0.16080402010050251,True,64,55,279,0.31728045325779036,True,112,10,231,0.3314121037463977,True,115,4,228,0.33527696793002915,True,115,0,228,1.0,0.34402332361516036,0.5119305856832972
10022,10022.png,8_16,0.8545722231310322,5224,6113,5793,5544,0.3262987012987013,True,201,207,208,0.7860262008733624,True,360,49,49,0.9,True,387,21,22,0.9641148325358851,True,403,9,6,0.9903846153846154,1.0,0.9951690821256038
10023,10023.png,thick,0.7940414507772021,14099,17756,15628,16227,0.05128205128205128,True,30,352,203,0.24242424242424243,True,120,262,113,0.3466666666666667,True,156,217,77,0.5792349726775956,True,212,133,21,1.0,1.0,1.0
10024,10024.png,4_8,0.7164119066773934,1781,2486,2113,2154,0.3282442748091603,True,215,204,236,0.920704845814978,True,418,3,33,0.9445676274944568,True,426,0,25,0.9556541019955654,True,431,0,20,1.0,1.0,1.0
10025,10025.png,8_16,0.5134713002733308,2630,5122,4986,2766,0.024886877828054297,True,11,240,191,0.18276762402088773,True,70,181,132,0.34421364985163205,True,116,135,86,0.8375,True,201,38,1,1.0,1.0,1.0
10026,10026.png,0_2,0.4093211752786221,404,987,787,604,0.35046113306982873,True,266,195,298,0.7996545768566494,True,463,15,101,0.8506151142355008,True,484,5,80,0.8780918727915195,True,497,2,67,0.9890350877192983,0.9325044404973357,0.9599382136696174
10027,10027.png,16_32,0.3875085479826761,5100,13161,11880,6381,0.01608187134502924,True,11,436,237,0.084375,True,54,392,194,0.1423841059602649,True,86,356,162,0.3521400778210117,True,181,266,67,0.0,0.0,0.0
10028,10028.png,zero,1.0,0,0,0,0,1.0,True,0,0,0,1.0,True,0,0,0,1.0,True,0,0,0,1.0,True,0,0,0,0.0,0.0,0.0
10029,10029.png,16_32,0.7411278561011181,6098,8228,7679,6647,0.12435233160621761,True,72,206,301,0.4370860927152318,True,198,80,175,0.6393034825870647,True,257,29,116,0.7857142857142857,True,297,5,76,1.0,1.0,1.0
10030,10030.png,8_16,0.9263865546218487,5512,5950,5927,5535,0.43023255813953487,True,259,181,162,0.9700460829493087,True,421,13,0,0.9836448598130841,True,421,7,0,0.9929245283018868,True,421,3,0,1.0,1.0,1.0
10031,10031.png,zero,1.0,0,0,0,0,1.0,True,0,0,0,1.0,True,0,0,0,1.0,True,0,0,0,1.0,True,0,0,0,0.0,0.0,0.0
10032,10032.png,2_4,0.3884418434528164,531,1367,1207,691,0.2255125284738041,True,99,149,191,0.6971608832807571,True,221,27,69,0.8135593220338984,True,240,5,50,0.896551724137931,True,260,0,30,1.0,0.8466898954703833,0.9169811320754718
10033,10033.png,4_8,0.5834542815674891,402,689,590,501,0.11029411764705882,True,15,60,61,0.7241379310344828,True,63,11,13,0.9620253164556962,True,76,3,0,0.9620253164556962,True,76,3,0,0.9615384615384616,1.0,0.9803921568627451
10034,10034.png,zero,1.0,0,0,0,0,1.0,True,0,0,0,1.0,True,0,0,0,1.0,True,0,0,0,1.0,True,0,0,0,0.0,0.0,0.0
10035,10035.png,8_16,0.5518018018018018,3430,6216,6154,3492,0.078125,True,35,223,190,0.24806201550387597,True,96,162,129,0.4575757575757576,True,151,105,74,0.6842105263157895,True,195,60,30,1.0,1.0,1.0
10036,10036.png,thick,0.7165660051768766,4983,6954,6685,5252,0.034653465346534656,True,7,137,58,0.21637426900584794,True,37,106,28,0.35947712418300654,True,55,88,10,0.48507462686567165,True,65,69,0,0.68125,1.0,0.8104089219330856
10037,10037.png,8_16,0.6506591337099812,3455,5310,4964,3801,0.07429718875502007,True,37,226,235,0.32598039215686275,True,133,136,139,0.48947368421052634,True,186,108,86,0.6966292134831461,True,248,84,24,1.0,0.9927007299270073,0.9963369963369962
10038,10038.png,zero,1.0,0,0,0,0,1.0,True,0,0,0,1.0,True,0,0,0,1.0,True,0,0,0,1.0,True,0,0,0,0.0,0.0,0.0
10039,10039.png,4_8,0.5024099801531047,1772,3527,2834,2465,0.10634648370497427,True,62,238,283,0.5364705882352941,True,228,80,117,0.7409326424870466,True,286,41,59,0.843915343915344,True,319,33,26,0.9339622641509434,1.0,0.9658536585365853
10040,10040.png,8_16,0.580737901293723,1212,2087,1377,1922,0.09950248756218906,True,40,184,178,0.7723577235772358,True,190,28,28,0.8927038626609443,True,208,15,10,0.9473684210526315,True,216,10,2,1.0,1.0,1.0
10041,10041.png,8_16,0.5101214574898786,504,988,632,860,0.0,True,0,92,81,0.5727272727272728,True,63,29,18,0.8,True,76,14,5,0.8404255319148937,True,79,13,2,0.0,0.0,0.0
10042,10042.png,16_32,0.4378368333023602,4712,10762,6513,8961,0.010903426791277258,True,7,281,354,0.12178387650085763,True,71,222,290,0.2571428571428571,True,135,164,226,0.443010752688172,True,206,104,155,0.2328767123287671,0.0,0.0
10043,10043.png,4_8,0.7167785234899329,1602,2235,2039,1798,0.2152777777777778,True,93,165,174,0.9306569343065694,True,255,7,12,0.9962546816479401,True,266,0,1,1.0,True,267,0,0,1.0,1.0,1.0
10044,10044.png,16_32,0.6377696136525243,10763,16876,12550,15089,0.06192170818505338,True,87,567,751,0.37962962962962965,True,410,242,428,0.6002120890774125,True,566,105,272,0.8035087719298246,True,687,17,151,0.9705882352941176,1.0,0.9850746268656716
10045,10045.png,16_32,0.8030897972320566,12476,15535,14852,13159,0.09368421052631579,True,89,339,522,0.2941903584672435,True,238,198,373,0.4399460188933873,True,326,130,285,0.593841642228739,True,405,71,206,1.0,0.9985141158989599,0.9992565055762082
10046,10046.png,8_16,0.5410552606931002,1733,3203,2096,2840,0.11290322580645161,True,63,232,263,0.656084656084656,True,248,52,78,0.8328445747800587,True,284,15,42,0.9079754601226994,True,296,0,30,1.0,1.0,1.0
10047,10047.png,zero,1.0,0,0,0,0,1.0,True,0,0,0,1.0,True,0,0,0,1.0,True,0,0,0,1.0,True,0,0,0,0.0,0.0,0.0
10048,10048.png,thick,0.6054026033867066,10511,17362,16104,11769,0.008097165991902834,True,8,674,306,0.05063291139240506,True,48,634,266,0.16666666666666666,True,142,538,172,0.3919308357348703,True,272,380,42,0.0,0.0,0.0
10049,10049.png,zero,1.0,0,0,0,0,1.0,True,0,0,0,1.0,True,0,0,0,1.0,True,0,0,0,1.0,True,0,0,0,0.0,0.0,0.0
10050,10050.png,4_8,0.8117365905469994,3057,3766,3309,3514,0.398110661268556,True,295,218,228,0.9244935543278084,True,502,20,21,0.9606003752345216,True,512,10,11,0.9829867674858223,True,520,6,3,0.9905838041431262,1.0,0.9952696310312203
10051,10051.png,0_2,0.40436456996148906,630,1558,993,1195,0.3500772797527048,True,453,236,605,0.6607310215557638,True,705,9,353,0.7012252591894439,True,744,3,314,0.7544853635505193,True,799,1,259,0.9897510980966325,1.0,0.9948491537895511
10052,10052.png,zero,1.0,0,0,0,0,1.0,True,0,0,0,1.0,True,0,0,0,1.0,True,0,0,0,1.0,True,0,0,0,0.0,0.0,0.0
10053,10053.png,zero,1.0,0,0,0,0,1.0,True,0,0,0,1.0,True,0,0,0,1.0,True,0,0,0,1.0,True,0,0,0,0.0,0.0,0.0
10054,10054.png,8_16,0.7414590747330961,8334,11240,9306,10268,0.08076923076923077,True,84,438,518,0.41228070175438597,True,329,196,273,0.6189111747851003,True,432,96,170,0.8642172523961661,True,541,24,61,1.0,0.9730538922155688,0.9863429438543247
10055,10055.png,0_2,0.5716969317470256,913,1597,1273,1237,0.5346153846153846,True,695,284,321,0.8996212121212122,True,950,40,66,0.9408914728682171,True,971,16,45,0.9607072691552063,True,978,2,38,0.9815384615384616,1.0,0.9906832298136645
10056,10056.png,16_32,0.3980735001570516,3802,9551,4465,8888,0.041025641025641026,True,24,191,370,0.1256931608133087,True,68,147,326,0.21386138613861386,True,108,111,286,0.3927765237020316,True,174,49,220,0.0,0.0,0.0
10057,10057.png,16_32,0.6062196562130954,4620,7621,6529,5712,0.02460456942003515,True,14,317,238,0.1971252566735113,True,96,235,156,0.38461538461538464,True,160,164,92,0.7401812688821753,True,245,79,7,0.8076923076923077,1.0,0.8936170212765957
10058,10058.png,4_8,0.49368478857770454,899,1821,1719,1001,0.20162932790224034,True,99,256,136,0.6208791208791209,True,226,129,9,0.6609686609686609,True,232,116,3,0.6911764705882353,True,235,105,0,0.7983425414364641,1.0,0.8878648233486944
10059,10059.png,16_32,0.2899316345556246,3732,12872,7719,8885,0.01437125748502994,True,12,377,446,0.08985879332477535,True,70,321,388,0.1696551724137931,True,123,267,335,0.3525641025641026,True,220,166,238,0.6992481203007519,0.5878661087866108,0.6387378249233138
10060,10060.png,8_16,0.6255639097744361,2912,4655,4509,3058,0.1154639175257732,True,56,204,225,0.569364161849711,True,197,65,84,0.8854166666666666,True,255,7,26,0.9119718309859155,True,259,3,22,1.0,0.926056338028169,0.9616087751371115
10061,10061.png,4_8,0.2347266881028939,511,2177,656,2032,0.22,True,77,73,200,0.5212765957446809,True,147,5,130,0.5321428571428571,True,149,3,128,0.5595667870036101,True,155,0,122,1.0,0.972318339100346,0.9859649122807017
10062,10062.png,0_2,0.5930493273542601,529,892,753,668,0.5407608695652174,True,398,156,182,0.8953488372093024,True,539,22,41,0.9525423728813559,True,562,10,18,0.9863247863247864,True,577,5,3,0.9741219963031423,1.0,0.9868913857677902
10063,10063.png,zero,1.0,0,0,0,0,1.0,True,0,0,0,1.0,True,0,0,0,1.0,True,0,0,0,1.0,True,0,0,0,0.0,0.0,0.0
10064,10064.png,8_16,0.3418079096045198,726,2124,956,1894,0.03896103896103896,True,9,103,119,0.26455026455026454,True,50,61,78,0.3772455089820359,True,63,39,65,0.42567567567567566,True,63,20,65,1.0,0.49645390070921985,0.6635071090047393
10065,10065.png,16_32,0.5345789180145009,5751,10758,8186,8323,0.048812664907651716,True,37,338,383,0.1548480463096961,True,107,271,313,0.24031007751937986,True,155,225,265,0.7014925373134329,True,329,49,91,1.0,1.0,1.0
10066,10066.png,zero,1.0,0,0,0,0,1.0,True,0,0,0,1.0,True,0,0,0,1.0,True,0,0,0,1.0,True,0,0,0,0.0,0.0,0.0
10067,10067.png,thick,0.6156096541636192,5892,9571,6587,8876,0.005025125628140704,True,2,193,203,0.11388888888888889,True,41,155,164,0.1981981981981982,True,66,128,139,0.36082474226804123,True,105,86,100,1.0,1.0,1.0
10068,10068.png,4_8,0.36031892057651027,1175,3261,1620,2816,0.1404639175257732,True,109,270,397,0.5230769230769231,True,306,79,200,0.6672794117647058,True,363,38,143,0.7556390977443609,True,402,26,104,0.983739837398374,0.8952569169960475,0.9374150241566549
10069,10069.png,8_16,0.2935282967776875,1084,3693,1307,3470,0.06233062330623306,True,23,149,197,0.268370607028754,True,84,93,136,0.3642611683848797,True,106,71,114,0.427536231884058,True,118,56,102,0.7719298245614035,0.6355555555555555,0.6971358927483241
10070,10070.png,16_32,0.724633487654321,7513,10368,10139,7742,0.02666666666666667,True,12,215,223,0.2178477690288714,True,83,146,152,0.6548042704626335,True,184,46,51,1.0,True,235,0,0,1.0,1.0,1.0
10071,10071.png,thick,0.8473178775826947,8735,10309,9890,9154,0.04781704781704782,True,23,215,243,0.2824427480916031,True,111,127,155,0.5355029585798816,True,181,72,85,0.7272727272727273,True,216,31,50,1.0,1.0,1.0
10072,10072.png,4_8,0.0823502197547999,356,4323,3548,1131,0.038306451612903226,True,19,271,206,0.1550561797752809,True,69,220,156,0.21140142517814728,True,89,196,136,0.22276029055690072,True,92,188,133,0.41214057507987223,0.6188340807174888,0.4947679993329721
10073,10073.png,16_32,0.6735852116101833,8308,12334,11115,9527,0.055741360089186176,True,50,378,469,0.3161559888579387,True,227,199,292,0.5039246467817896,True,321,118,198,0.7739602169981917,True,428,34,91,1.0,1.0,1.0
10074,10074.png,zero,1.0,0,0,0,0,1.0,True,0,0,0,1.0,True,0,0,0,1.0,True,0,0,0,1.0,True,0,0,0,0.0,0.0,0.0
10075,10075.png,4_8,0.8282312925170068,974,1176,1126,1024,0.3377777777777778,True,76,75,74,0.9490445859872612,True,149,7,1,0.974025974025974,True,150,4,0,1.0,True,150,0,0,1.0,1.0,1.0
10076,10076.png,thick,0.8147690232662695,7249,8897,7850,8296,0.02262443438914027,True,10,195,237,0.2047244094488189,True,78,134,169,0.48562300319488816,True,152,66,95,0.7938931297709924,True,208,15,39,1.0,1.0,1.0
10077,10077.png,thick,0.7774879417265479,15797,20318,17162,18953,0.047186932849364795,True,26,245,280,0.1536926147704591,True,77,195,229,0.24838012958963282,True,115,157,191,0.5423280423280423,True,205,72,101,1.0,1.0,1.0
10078,10078.png,zero,1.0,0,0,0,0,1.0,True,0,0,0,1.0,True,0,0,0,1.0,True,0,0,0,1.0,True,0,0,0,0.0,0.0,0.0
10079,10079.png,2_4,0.2995981001096091,820,2737,1100,2457,0.1779100529100529,True,269,590,653,0.8519269776876268,True,840,64,82,0.9198751300728408,True,884,39,38,0.9431578947368421,True,896,28,26,0.8656361474435196,0.9935135135135135,0.9251769541008339
10080,10080.png,16_32,0.7222389861194931,4787,6628,5654,5761,0.064,True,32,233,235,0.36666666666666664,True,143,123,124,0.6645962732919255,True,214,55,53,0.8888888888888888,True,256,21,11,1.0,1.0,1.0
10081,10081.png,8_16,0.47137788857992136,4916,10429,9250,6095,0.046706586826347304,True,39,390,406,0.2096551724137931,True,152,280,293,0.4410339256865913,True,273,174,172,0.7185185185185186,True,388,95,57,1.0,0.9663865546218487,0.9829059829059829
10082,10082.png,16_32,0.7886400408754152,9261,11743,11253,9751,0.04950495049504951,True,35,278,394,0.3629764065335753,True,200,122,229,0.5467479674796748,True,269,63,160,0.8022727272727272,True,353,11,76,1.0,0.979381443298969,0.9895833333333333
10083,10083.png,4_8,0.27715565509518475,990,3572,2309,2253,0.023255813953488372,True,16,225,447,0.16260162601626016,True,100,152,363,0.29533678756476683,True,171,116,292,0.7094188376753507,True,354,36,109,0.28688524590163933,0.10351966873706005,0.15214083894805477
10084,10084.png,8_16,0.6690540874289949,2709,4049,3658,3100,0.11691022964509394,True,56,199,224,0.5801749271137027,True,199,63,81,0.8433333333333334,True,253,20,27,0.9928571428571429,True,278,0,2,1.0,1.0,1.0
10085,10085.png,zero,1.0,0,0,0,0,1.0,True,0,0,0,1.0,True,0,0,0,1.0,True,0,0,0,1.0,True,0,0,0,0.0,0.0,0.0
10086,10086.png,zero,1.0,0,0,0,0,1.0,True,0,0,0,1.0,True,0,0,0,1.0,True,0,0,0,1.0,True,0,0,0,0.0,0.0,0.0
10087,10087.png,8_16,0.4302463891248938,2532,5885,2574,5843,0.052307692307692305,True,34,289,327,0.5043859649122807,True,230,95,131,0.7885117493472585,True,302,22,59,0.9085872576177285,True,328,0,33,1.0,0.9482288828337875,0.9734265734265735
10088,10088.png,8_16,0.8224561403508772,1172,1425,1283,1314,0.046632124352331605,True,9,84,100,0.5864661654135338,True,78,24,31,0.7704918032786885,True,94,13,15,0.956140350877193,True,109,5,0,1.0,1.0,1.0
10089,10089.png,zero,1.0,0,0,0,0,1.0,True,0,0,0,1.0,True,0,0,0,1.0,True,0,0,0,1.0,True,0,0,0,0.0,0.0,0.0
10090,10090.png,4_8,0.47018633540372673,757,1610,1096,1271,0.09839816933638444,True,43,206,188,0.7240143369175627,True,202,48,29,0.8295454545454546,True,219,33,12,0.9011857707509882,True,228,22,3,0.972,1.0,0.9858012170385395
10091,10091.png,0_2,0.6048252911813644,727,1202,1094,835,0.5812053115423902,True,569,231,179,0.8719806763285024,True,722,80,26,0.9085290482076638,True,735,61,13,0.9321608040201005,True,742,48,6,0.9331651954602774,1.0,0.9654272667971298
10092,10092.png,8_16,0.6630300024795438,2674,4033,3613,3094,0.24860853432282004,True,134,203,202,0.7558441558441559,True,291,49,45,0.8324324324324325,True,308,34,28,0.9180790960451978,True,325,18,11,1.0,1.0,1.0
10093,10093.png,zero,1.0,0,0,0,0,1.0,True,0,0,0,1.0,True,0,0,0,1.0,True,0,0,0,1.0,True,0,0,0,0.0,0.0,0.0
10094,10094.png,zero,1.0,0,0,0,0,1.0,True,0,0,0,1.0,True,0,0,0,1.0,True,0,0,0,1.0,True,0,0,0,0.0,0.0,0.0
10095,10095.png,16_32,0.777078239608802,12713,16360,14203,14870,0.06835443037974684,True,54,300,436,0.3397129186602871,True,213,137,277,0.6173076923076923,True,321,30,169,0.726530612244898,True,356,0,134,1.0,0.9943074003795066,0.9971455756422455
10096,10096.png,zero,1.0,0,0,0,0,1.0,True,0,0,0,1.0,True,0,0,0,1.0,True,0,0,0,1.0,True,0,0,0,0.0,0.0,0.0
10097,10097.png,16_32,0.5872750104646296,4209,7167,6904,4472,0.045454545454545456,True,21,184,257,0.2689295039164491,True,103,105,175,0.43023255813953487,True,148,66,130,0.7731958762886598,True,225,13,53,1.0,1.0,1.0
10098,10098.png,8_16,0.6464499727619394,3560,5507,4455,4612,0.09268292682926829,True,57,210,348,0.47516198704103674,True,220,58,185,0.6746987951807228,True,280,10,125,0.8197530864197531,True,332,0,73,1.0,0.9975961538461539,0.9987966305655837
10099,10099.png,zero,1.0,0,0,0,0,1.0,True,0,0,0,1.0,True,0,0,0,1.0,True,0,0,0,1.0,True,0,0,0,0.0,0.0,0.0
10100,10100.png,thick,0.6806294663220314,8953,13154,11140,10967,0.026785714285714284,True,15,262,283,0.10638297872340426,True,55,219,243,0.22483940042826553,True,105,169,193,0.4425,True,177,102,121,0.0,0.0,0.0
10101,10101.png,zero,1.0,0,0,0,0,1.0,True,0,0,0,1.0,True,0,0,0,1.0,True,0,0,0,1.0,True,0,0,0,0.0,0.0,0.0
10102,10102.png,16_32,0.7034788316376764,4287,6094,4972,5409,0.06889352818371608,True,33,204,242,0.4171270718232044,True,151,87,124,0.6612903225806451,True,205,35,70,0.8853046594982079,True,247,4,28,1.0,1.0,1.0
10103,10103.png,16_32,0.8447596532702916,15008,17766,17390,15384,0.031385281385281384,True,29,333,562,0.18633540372670807,True,150,214,441,0.3878437047756874,True,268,100,323,0.5587301587301587,True,352,39,239,1.0,0.9983974358974359,0.9991980753809142
10104,10104.png,zero,1.0,0,0,0,0,1.0,True,0,0,0,1.0,True,0,0,0,1.0,True,0,0,0,1.0,True,0,0,0,0.0,0.0,0.0
10105,10105.png,4_8,0.6037991858887382,890,1474,1220,1144,0.19411764705882353,True,66,140,134,0.9146919431279621,True,193,11,7,0.9900990099009901,True,200,2,0,1.0,True,200,0,0,1.0,1.0,1.0
10106,10106.png,16_32,0.7695633376567229,5340,6939,6372,5907,0.05665024630541872,True,23,161,222,0.28273809523809523,True,95,91,150,0.5104166666666666,True,147,43,98,0.8408163265306122,True,206,0,39,1.0,0.9886363636363636,0.9942857142857142
10107,10107.png,16_32,0.5147896879240162,1897,3685,2766,2816,0.020477815699658702,True,6,126,161,0.15,True,39,93,128,0.20901639344262296,True,51,77,116,0.30985915492957744,True,66,46,101,0.0,0.0,0.0
10108,10108.png,zero,1.0,0,0,0,0,1.0,True,0,0,0,1.0,True,0,0,0,1.0,True,0,0,0,1.0,True,0,0,0,0.0,0.0,0.0
10109,10109.png,16_32,0.6363231363231363,4285,6734,5944,5075,0.04742268041237113,True,23,208,254,0.20657276995305165,True,88,149,189,0.3248081841432225,True,127,114,150,0.6128048780487805,True,201,51,76,1.0,0.8538205980066446,0.921146953405018
10110,10110.png,2_4,0.5329991645781119,638,1197,1071,764,0.26109660574412535,True,100,148,135,0.9015748031496063,True,229,19,6,0.9631147540983607,True,235,9,0,0.9631147540983607,True,235,9,0,0.96,1.0,0.9795918367346939
10111,10111.png,4_8,0.6044997039668443,1021,1689,1582,1128,0.22544642857142858,True,101,176,171,0.8581081081081081,True,254,24,18,0.9537366548042705,True,268,9,4,1.0,True,272,0,0,1.0,1.0,1.0
10112,10112.png,16_32,0.7706533776301218,6959,9030,8224,7765,0.04669260700389105,True,24,290,200,0.19730941704035873,True,88,222,136,0.3094059405940594,True,125,180,99,0.5232558139534884,True,180,120,44,0.0,0.0,0.0
10113,10113.png,4_8,0.7553444180522565,954,1263,1098,1119,0.4394366197183099,True,156,99,100,1.0,True,256,0,0,1.0,True,256,0,0,1.0,True,256,0,0,1.0,1.0,1.0
10114,10114.png,8_16,0.42306356373740883,6090,14395,13790,6695,0.0015128593040847202,True,1,277,383,0.0091324200913242,True,6,273,378,0.03271028037383177,True,21,258,363,0.07920792079207921,True,48,222,336,0.0,0.0,0.0
10115,10115.png,4_8,0.861904761904762,543,630,595,578,0.21875,True,28,50,50,1.0,True,78,0,0,1.0,True,78,0,0,1.0,True,78,0,0,1.0,1.0,1.0
10116,10116.png,2_4,0.3582842724978974,426,1189,1072,543,0.20588235294117646,True,84,174,150,0.6644067796610169,True,196,61,38,0.725,True,203,46,31,0.7689393939393939,True,203,30,31,0.9224806201550387,0.8652173913043478,0.8929318828830527
10117,10117.png,16_32,0.6442165242165242,5653,8775,6071,8357,0.04666666666666667,True,21,220,209,0.1745635910224439,True,70,171,160,0.3081232492997199,True,110,127,120,0.4934640522875817,True,151,76,79,0.027559055118110236,0.17314487632508835,0.04754973313925279
10118,10118.png,2_4,0.5130434782608696,1121,2185,1712,1594,0.22580645161290322,True,154,185,343,0.6986027944111777,True,350,4,147,0.744466800804829,True,370,0,127,0.7686116700201208,True,382,0,115,0.9970501474926253,1.0,0.9985228951255538
10119,10119.png,8_16,0.32934131736526945,1210,3674,1766,3118,0.10950413223140495,True,53,259,172,0.5358166189111748,True,187,124,38,0.7281553398058253,True,225,84,0,0.7281553398058253,True,225,84,0,0.731629392971246,1.0,0.8450184501845017
10120,10120.png,4_8,0.4417989417989418,334,756,546,544,0.21390374331550802,True,40,54,93,0.624113475177305,True,88,8,45,0.6934306569343066,True,95,4,38,0.7894736842105263,True,105,0,28,1.0,1.0,1.0
10121,10121.png,thick,0.7958631355113087,8234,10346,8493,10087,0.06263048016701461,True,30,235,214,0.3134715025906736,True,121,142,123,0.639344262295082,True,195,61,49,0.9838709677419355,True,244,4,0,1.0,1.0,1.0
10122,10122.png,16_32,0.3295741011012339,2484,7537,2539,7482,0.010438413361169102,True,5,169,305,0.04565217391304348,True,21,150,289,0.13033175355450238,True,55,112,255,0.19696969696969696,True,78,86,232,0.0,0.0,0.0
10123,10123.png,4_8,0.21356147021546262,337,1578,435,1480,0.053125,True,17,94,209,0.4016393442622951,True,98,18,128,0.543859649122807,True,124,2,102,0.6592920353982301,True,149,0,77,0.972972972972973,0.9698275862068966,0.9713977334052888
10124,10124.png,16_32,0.9388068023417898,6735,7174,6889,7020,0.48660714285714285,True,218,124,106,0.9135446685878963,True,317,23,7,0.935672514619883,True,320,18,4,0.9641791044776119,True,323,11,1,1.0,1.0,1.0
10125,10125.png,0_2,0.36470588235294116,496,1360,1287,569,0.4153400868306802,True,287,185,219,0.9001919385796545,True,469,15,37,0.9901185770750988,True,501,0,5,1.0,True,506,0,0,1.0,1.0,1.0
10126,10126.png,16_32,0.6593338304747701,5305,8046,5865,7486,0.016771488469601678,True,8,189,280,0.19464720194647203,True,80,123,208,0.3351206434316354,True,125,85,163,0.6816720257234726,True,212,23,76,1.0,1.0,1.0
10127,10127.png,16_32,0.7203992657182193,6279,8716,7580,7415,0.08301158301158301,True,43,235,240,0.32,True,136,142,147,0.6063218390804598,True,211,65,72,0.9149659863945578,True,269,11,14,1.0,1.0,1.0
10128,10128.png,4_8,0.364551863041289,362,993,508,847,0.1391304347826087,True,32,102,96,0.42245989304812837,True,79,59,49,0.5257142857142857,True,92,47,36,0.7643312101910829,True,120,29,8,0.7131782945736435,0.828125,0.7663654223968567
10129,10129.png,16_32,0.9666887271122877,4382,4533,4473,4442,0.5714285714285714,True,188,73,68,0.9846153846153847,True,256,4,0,0.9922480620155039,True,256,2,0,1.0,True,256,0,0,1.0,1.0,1.0
10130,10130.png,zero,1.0,0,0,0,0,1.0,True,0,0,0,1.0,True,0,0,0,1.0,True,0,0,0,1.0,True,0,0,0,0.0,0.0,0.0
10131,10131.png,2_4,0.42563291139240506,538,1264,1035,767,0.17814726840855108,True,75,182,164,0.75177304964539,True,212,43,27,0.8593155893536122,True,226,24,13,0.959349593495935,True,236,7,3,1.0,0.9957627118644068,0.9978768577494692
10132,10132.png,8_16,0.436915441878221,2289,5239,5093,2435,0.04337899543378995,True,19,185,234,0.2722222222222222,True,98,107,155,0.38622754491017963,True,129,81,124,0.608843537414966,True,179,41,74,0.9276595744680851,0.9494163424124513,0.9384118695199618
10133,10133.png,16_32,0.47085927770859276,3781,8030,7146,4665,0.03524229074889868,True,16,229,209,0.21614583333333334,True,83,159,142,0.44753086419753085,True,145,99,80,0.6948529411764706,True,189,47,36,0.7913385826771654,1.0,0.8835164835164836
10134,10134.png,16_32,0.4177685950413223,1011,2420,2244,1187,0.0,True,0,55,44,0.0,True,0,55,44,0.05154639175257732,True,5,53,39,0.33707865168539325,True,30,45,14,0.5806451612903226,1.0,0.7346938775510204
10135,10135.png,0_2,0.6840052015604682,526,769,702,593,0.6406779661016949,True,378,108,104,0.9958592132505176,True,481,1,1,1.0,True,482,0,0,1.0,True,482,0,0,1.0,1.0,1.0
10136,10136.png,8_16,0.8541510845175767,1142,1337,1239,1240,0.20625,True,33,59,68,0.7657657657657657,True,85,10,16,0.9405940594059405,True,95,0,6,0.9801980198019802,True,99,0,2,1.0,1.0,1.0
10137,10137.png,4_8,0.6620977353992848,1111,1678,1453,1336,0.1670428893905192,True,74,182,187,0.9288389513108615,True,248,6,13,1.0,True,261,0,0,1.0,True,261,0,0,1.0,1.0,1.0
10138,10138.png,8_16,0.5938461538461538,1351,2275,1989,1637,0.09818181818181818,True,27,153,95,0.5721925133689839,True,107,65,15,0.6609195402298851,True,115,52,7,0.7643312101910829,True,120,35,2,0.8757062146892656,1.0,0.9337349397590362
10139,10139.png,zero,1.0,0,0,0,0,1.0,True,0,0,0,1.0,True,0,0,0,1.0,True,0,0,0,1.0,True,0,0,0,0.0,0.0,0.0
10140,10140.png,8_16,0.660574412532637,5060,7660,6873,5847,0.04698972099853157,True,32,307,342,0.2231686541737649,True,131,213,243,0.4927835051546392,True,239,111,135,0.96,True,360,1,14,1.0,1.0,1.0
10141,10141.png,16_32,0.8181578600606141,6209,7589,6925,6873,0.059870550161812294,True,37,280,301,0.4184549356223176,True,195,128,143,0.7891891891891892,True,292,32,46,0.9507246376811594,True,328,7,10,1.0,1.0,1.0
10142,10142.png,0_2,0.319910514541387,286,894,651,529,0.20178041543026706,True,136,218,320,0.5984251968503937,True,304,52,152,0.6591375770020534,True,321,31,135,0.6934156378600823,True,337,30,119,0.8954802259887006,0.5550660792951542,0.6853289637363486
10143,10143.png,thick,0.0,0,13153,1707,11446,0.0,True,0,71,245,0.0,True,0,71,245,0.0,True,0,71,245,0.0,True,0,71,245,0.0,0.0,0.0
10144,10144.png,2_4,0.5911664779161948,522,883,786,619,0.26136363636363635,True,115,148,177,0.9013605442176871,True,265,2,27,0.9657534246575342,True,282,0,10,1.0,True,292,0,0,1.0,1.0,1.0
10145,10145.png,2_4,0.41223241590214066,674,1635,1108,1201,0.24103831891223734,True,195,230,384,0.5493372606774669,True,373,100,206,0.6340361445783133,True,421,85,158,0.7167182662538699,True,463,67,116,0.8389423076923077,0.9040590405904059,0.870284327146703
10146,10146.png,zero,1.0,0,0,0,0,1.0,True,0,0,0,1.0,True,0,0,0,1.0,True,0,0,0,1.0,True,0,0,0,0.0,0.0,0.0
10147,10147.png,zero,1.0,0,0,0,0,1.0,True,0,0,0,1.0,True,0,0,0,1.0,True,0,0,0,1.0,True,0,0,0,0.0,0.0,0.0
10148,10148.png,16_32,0.8606870229007634,5863,6812,6459,6216,0.20930232558139536,True,90,169,171,0.5,True,173,85,88,0.6320754716981132,True,201,57,60,0.9040590405904059,True,245,10,16,1.0,1.0,1.0
10149,10149.png,16_32,0.6684406599254923,3768,5637,4485,4920,0.0891304347826087,True,41,200,219,0.3791208791208791,True,138,104,122,0.5333333333333333,True,176,70,84,0.9692307692307692,True,252,0,8,1.0,1.0,1.0
10150,10150.png,zero,1.0,0,0,0,0,1.0,True,0,0,0,1.0,True,0,0,0,1.0,True,0,0,0,1.0,True,0,0,0,0.0,0.0,0.0
10151,10151.png,8_16,0.559015156710788,8151,14581,13272,9460,0.04084720121028744,True,54,641,627,0.26170798898071623,True,285,408,396,0.5460750853242321,True,480,198,201,0.8485675306957708,True,622,52,59,1.0,0.7819225251076041,0.8776167471819646
10152,10152.png,zero,1.0,0,0,0,0,1.0,True,0,0,0,1.0,True,0,0,0,1.0,True,0,0,0,1.0,True,0,0,0,0.0,0.0,0.0
10153,10153.png,8_16,0.7396009469056476,2187,2957,2253,2891,0.27606177606177607,True,143,181,194,0.9560117302052786,True,326,4,11,0.9970326409495549,True,336,0,1,1.0,True,337,0,0,1.0,1.0,1.0
10154,10154.png,zero,1.0,0,0,0,0,1.0,True,0,0,0,1.0,True,0,0,0,1.0,True,0,0,0,1.0,True,0,0,0,0.0,0.0,0.0
10155,10155.png,8_16,0.6717627274117107,4394,6541,6209,4726,0.0432,True,27,293,305,0.3784355179704017,True,179,141,153,0.8076923076923077,True,294,32,38,0.9028571428571428,True,316,18,16,1.0,1.0,1.0
10156,10156.png,zero,1.0,0,0,0,0,1.0,True,0,0,0,1.0,True,0,0,0,1.0,True,0,0,0,1.0,True,0,0,0,0.0,0.0,0.0
10157,10157.png,thick,0.0,0,4163,2411,1752,0.0,True,0,168,33,0.0,True,0,168,33,0.0,True,0,168,33,0.0,True,0,168,33,0.0,0.0,0.0
10158,10158.png,zero,1.0,0,0,0,0,1.0,True,0,0,0,1.0,True,0,0,0,1.0,True,0,0,0,1.0,True,0,0,0,0.0,0.0,0.0
10159,10159.png,zero,1.0,0,0,0,0,1.0,True,0,0,0,1.0,True,0,0,0,1.0,True,0,0,0,1.0,True,0,0,0,0.0,0.0,0.0
10160,10160.png,zero,1.0,0,0,0,0,1.0,True,0,0,0,1.0,True,0,0,0,1.0,True,0,0,0,1.0,True,0,0,0,0.0,0.0,0.0
10161,10161.png,0_2,0.6307339449541285,825,1308,1058,1075,0.5689497716894977,True,623,188,284,0.9139433551198257,True,839,11,68,0.9516483516483516,True,866,3,41,0.9845644983461963,True,893,0,14,0.9987562189054726,1.0,0.9993777224642191
10162,10162.png,16_32,0.8569794050343249,1498,1748,1661,1585,0.23333333333333334,True,35,59,56,0.7619047619047619,True,80,14,11,0.967741935483871,True,90,2,1,1.0,True,91,0,0,1.0,1.0,1.0
10163,10163.png,zero,1.0,0,0,0,0,1.0,True,0,0,0,1.0,True,0,0,0,1.0,True,0,0,0,1.0,True,0,0,0,0.0,0.0,0.0
10164,10164.png,zero,1.0,0,0,0,0,1.0,True,0,0,0,1.0,True,0,0,0,1.0,True,0,0,0,1.0,True,0,0,0,0.0,0.0,0.0
10165,10165.png,8_16,0.6664569703069955,5297,7948,7211,6034,0.03586206896551724,True,26,280,419,0.25496688741721857,True,154,159,291,0.4501915708812261,True,235,77,210,0.7029914529914529,True,329,23,116,1.0,0.9625550660792952,0.9809203142536476
10166,10166.png,16_32,0.6621203855246408,10923,16497,12202,15218,0.05150214592274678,True,36,188,475,0.21487603305785125,True,130,94,381,0.37243947858473,True,200,26,311,0.4598825831702544,True,235,0,276,1.0,0.575139146567718,0.7302709069493523
10167,10167.png,8_16,0.5117101193106496,1158,2263,1312,2109,0.14505494505494507,True,66,197,192,0.6762820512820513,True,211,54,47,0.9621212121212122,True,254,6,4,1.0,True,258,0,0,1.0,1.0,1.0
10168,10168.png,zero,1.0,0,0,0,0,1.0,True,0,0,0,1.0,True,0,0,0,1.0,True,0,0,0,1.0,True,0,0,0,0.0,0.0,0.0
10169,10169.png,16_32,0.8584764749813294,4598,5356,4845,5109,0.11003236245954692,True,34,132,143,0.6811594202898551,True,141,30,36,0.96045197740113,True,170,0,7,0.9774011299435028,True,173,0,4,1.0,1.0,1.0
10170,10170.png,zero,0.0,0,2073,2073,0,0.0,True,0,193,0,0.0,True,0,193,0,0.0,True,0,193,0,0.0,True,0,193,0,0.0,0.0,0.0
10171,10171.png,8_16,0.6690447879508522,1688,2523,1966,2245,0.046153846153846156,True,15,114,196,0.32941176470588235,True,84,44,127,0.591743119266055,True,129,7,82,0.8672985781990521,True,183,0,28,1.0,1.0,1.0
10172,10172.png,8_16,0.7079922027290448,5448,7695,7385,5758,0.11609907120743033,True,75,267,304,0.5306553911205074,True,251,94,128,0.7843137254901961,True,320,29,59,0.9633507853403142,True,368,3,11,1.0,1.0,1.0
10173,10173.png,16_32,0.45294567712318284,592,1307,655,1244,0.09375,True,12,60,56,0.2803738317757009,True,30,39,38,0.6707317073170732,True,55,14,13,0.9436619718309859,True,67,3,1,0.9733333333333334,1.0,0.9864864864864865
10174,10174.png,16_32,0.6614119259766964,5790,8754,8063,6481,0.04272151898734177,True,27,287,318,0.2857142857142857,True,148,173,197,0.6893939393939394,True,273,51,72,0.9826086956521739,True,339,0,6,1.0,1.0,1.0
10175,10175.png,0_2,0.5721153846153846,476,832,803,505,0.5399305555555556,True,311,154,111,0.8948497854077253,True,417,44,5,0.9230769230769231,True,420,33,2,0.9610983981693364,True,420,15,2,0.9570815450643777,0.995260663507109,0.9757977975266453
10176,10176.png,4_8,0.6099265990912268,1745,2861,2275,2331,0.1794871794871795,True,84,172,212,0.7838709677419354,True,243,14,53,0.8716216216216216,True,258,0,38,0.8885135135135135,True,263,0,33,1.0,1.0,1.0
10177,10177.png,16_32,0.7507636767564565,5407,7202,5977,6632,0.07739307535641547,True,38,229,224,0.37402597402597404,True,144,123,118,0.5933734939759037,True,197,70,65,0.8596491228070176,True,245,23,17,1.0,1.0,1.0
10178,10178.png,4_8,0.5026056745801969,868,1727,1286,1309,0.1318181818181818,True,58,197,185,0.743859649122807,True,212,42,31,0.9173228346456693,True,233,11,10,0.9635627530364372,True,238,4,5,1.0,1.0,1.0
10179,10179.png,zero,1.0,0,0,0,0,1.0,True,0,0,0,1.0,True,0,0,0,1.0,True,0,0,0,1.0,True,0,0,0,0.0,0.0,0.0
10180,10180.png,16_32,0.74364896073903,1610,2165,1890,1885,0.02976190476190476,True,5,75,88,0.13157894736842105,True,20,59,73,0.3798449612403101,True,49,36,44,0.797979797979798,True,79,6,14,1.0,1.0,1.0
10181,10181.png,8_16,0.28805374763804326,1372,4763,4217,1918,0.11467889908256881,True,50,272,114,0.2558139534883721,True,99,223,65,0.35,True,126,196,38,0.3652173913043478,True,126,181,38,0.0,0.7647058823529411,0.0
10182,10182.png,zero,1.0,0,0,0,0,1.0,True,0,0,0,1.0,True,0,0,0,1.0,True,0,0,0,1.0,True,0,0,0,0.0,0.0,0.0
10183,10183.png,8_16,0.34926884139482567,621,1778,1048,1351,0.0398406374501992,True,10,125,116,0.2222222222222222,True,48,90,78,0.48863636363636365,True,86,50,40,0.9618320610687023,True,126,5,0,1.0,1.0,1.0
10184,10184.png,0_2,0.5704113924050633,721,1264,934,1051,0.5089201877934272,True,542,183,340,0.8159645232815964,True,736,20,146,0.8385300668151447,True,753,16,129,0.8638392857142857,True,774,14,108,0.972183588317107,1.0,0.9858956276445698
10185,10185.png,16_32,0.8523543495610535,6408,7518,7102,6824,0.0642570281124498,True,32,244,222,0.49719101123595505,True,177,102,77,0.7258064516129032,True,225,56,29,0.8680555555555556,True,250,34,4,0.9384057971014492,1.0,0.9682242990654205
10186,10186.png,16_32,0.7638621654714011,8734,11434,11087,9081,0.04363636363636364,True,24,262,264,0.34498834498834496,True,148,141,140,0.5792349726775956,True,212,78,76,0.7870370370370371,True,255,36,33,1.0,1.0,1.0
10187,10187.png,16_32,0.6320500633713562,7979,12624,12054,8549,0.012110726643598616,True,7,300,271,0.12909441233140656,True,67,241,211,0.19153225806451613,True,95,218,183,0.4632352941176471,True,189,130,89,0.0,0.0,0.0
10188,10188.png,16_32,0.6270623145400593,5283,8425,8374,5334,0.049429657794676805,True,26,237,263,0.25968109339407747,True,114,150,175,0.5277777777777778,True,190,71,99,0.8167202572347267,True,254,22,35,1.0,1.0,1.0
10189,10189.png,thick,0.11444486051301254,2445,21364,10138,13671,0.004665629860031105,True,3,292,348,0.0141287284144427,True,9,286,342,0.02711323763955343,True,17,276,334,0.06446280991735537,True,39,254,312,0.0,0.0,0.0
10190,10190.png,16_32,0.8256295824035703,2590,3137,3110,2617,0.041044776119402986,True,11,128,129,0.5875706214689266,True,104,37,36,1.0,True,140,0,0,1.0,True,140,0,0,1.0,1.0,1.0
10191,10191.png,8_16,0.6337656627830293,2883,4549,3640,3792,0.056261343012704176,True,31,281,239,0.4835443037974684,True,191,125,79,0.7798165137614679,True,255,57,15,0.8333333333333334,True,265,48,5,1.0,1.0,1.0
10192,10192.png,4_8,0.06387035271687322,67,1049,198,918,0.012145748987854251,True,3,57,187,0.13122171945701358,True,29,31,161,0.1493212669683258,True,33,31,157,0.18552036199095023,True,41,31,149,0.4745762711864407,0.0,0.0
10193,10193.png,16_32,0.9488312594487731,8159,8599,8527,8231,0.3248847926267281,True,141,140,153,0.9427609427609428,True,280,3,14,0.9591836734693877,True,282,0,12,0.9727891156462585,True,286,0,8,1.0,1.0,1.0
10194,10194.png,16_32,0.5190307183943214,4241,8171,5643,6769,0.03944773175542406,True,20,254,233,0.13090128755364808,True,61,213,192,0.22843822843822845,True,98,176,155,0.5555555555555556,True,185,80,68,1.0,1.0,1.0
10195,10195.png,4_8,0.6764651506748013,3659,5409,4227,4841,0.19230769230769232,True,235,507,480,0.8716302952503209,True,679,64,36,0.9633152173913043,True,709,21,6,0.9944367176634215,True,715,4,0,1.0,1.0,1.0
10196,10196.png,16_32,0.6423019057171514,5123,7976,7275,5824,0.03434343434343434,True,17,242,236,0.18077803203661327,True,79,184,174,0.46458923512747874,True,164,100,89,0.7602739726027398,True,222,39,31,1.0,1.0,1.0
10197,10197.png,zero,1.0,0,0,0,0,1.0,True,0,0,0,1.0,True,0,0,0,1.0,True,0,0,0,1.0,True,0,0,0,0.0,0.0,0.0
10198,10198.png,zero,1.0,0,0,0,0,1.0,True,0,0,0,1.0,True,0,0,0,1.0,True,0,0,0,1.0,True,0,0,0,0.0,0.0,0.0
10199,10199.png,8_16,0.2974607013301088,492,1654,1566,580,0.032520325203252036,True,4,84,35,0.3263157894736842,True,31,56,8,0.4090909090909091,True,36,49,3,0.4482758620689655,True,39,48,0,0.4631578947368421,1.0,0.6330935251798561
10200,10200.png,4_8,0.45206611570247934,547,1210,848,909,0.17763157894736842,True,54,113,137,0.719047619047619,True,151,19,40,0.7536231884057971,True,156,16,35,0.782608695652174,True,162,16,29,0.9141104294478528,0.8947368421052632,0.9043198857550874
10201,10201.png,8_16,0.5212135577150984,2199,4219,2565,3853,0.052941176470588235,True,27,233,250,0.4930747922437673,True,178,84,99,0.7243589743589743,True,226,35,51,0.896797153024911,True,252,4,25,1.0,1.0,1.0
10202,10202.png,16_32,0.5508474576271186,3965,7198,4565,6598,0.06398537477148081,True,35,238,274,0.29977628635346754,True,134,138,175,0.6323119777158774,True,227,50,82,0.8746081504702194,True,279,10,30,1.0,1.0,1.0
10203,10203.png,8_16,0.8464135021097047,2006,2370,2184,2192,0.44166666666666665,True,159,115,86,0.8844765342960289,True,245,32,0,0.8941605839416058,True,245,29,0,0.9210526315789473,True,245,21,0,1.0,1.0,1.0
10204,10204.png,8_16,0.694816800714924,4665,6714,5998,5381,0.023131672597864767,True,13,265,284,0.18533604887983707,True,91,194,206,0.581081081081081,True,215,73,82,0.9377049180327869,True,286,8,11,0.9355932203389831,0.9653179190751445,0.9502231659674477
10205,10205.png,16_32,0.6257187663355985,2394,3826,2589,3631,0.056657223796033995,True,20,170,163,0.2961672473867596,True,85,104,98,0.6488888888888888,True,146,42,37,0.9682539682539683,True,183,6,0,1.0,1.0,1.0
10206,10206.png,zero,1.0,0,0,0,0,1.0,True,0,0,0,1.0,True,0,0,0,1.0,True,0,0,0,1.0,True,0,0,0,0.0,0.0,0.0
10207,10207.png,2_4,0.2942430703624733,414,1407,1283,538,0.09433962264150944,True,35,227,109,0.34,True,102,156,42,0.4201388888888889,True,121,144,23,0.5,True,139,134,5,0.748062015503876,0.986013986013986,0.8507119746158776
10208,10208.png,2_4,0.8271604938271605,1072,1296,1263,1105,0.6166281755196305,True,267,82,84,0.9971590909090909,True,351,1,0,1.0,True,351,0,0,1.0,True,351,0,0,1.0,1.0,1.0
10209,10209.png,8_16,0.9592074592074592,2469,2574,2524,2519,0.526829268292683,True,108,47,50,0.9873417721518988,True,156,0,2,1.0,True,158,0,0,1.0,True,158,0,0,1.0,1.0,1.0
10210,10210.png,4_8,0.7078313253012049,1410,1992,1970,1432,0.3189873417721519,True,126,130,139,0.9230769230769231,True,252,8,13,0.9962406015037594,True,265,1,0,1.0,True,265,0,0,1.0,1.0,1.0
10211,10211.png,2_4,0.4029438822447102,438,1087,864,661,0.14166666666666666,True,68,223,189,0.6984615384615385,True,227,68,30,0.7734627831715211,True,239,52,18,0.8187919463087249,True,244,41,13,0.8387096774193549,0.9561752988047809,0.8935987397966489
10212,10212.png,16_32,0.6259259259259259,3549,5670,3733,5486,0.04068522483940043,True,19,232,216,0.4127906976744186,True,142,109,93,0.6287625418060201,True,188,64,47,0.9357429718875502,True,233,14,2,1.0,1.0,1.0
10213,10213.png,thick,0.7405500226346763,13087,17672,15348,15411,0.006546644844517185,True,4,349,258,0.07705779334500876,True,44,309,218,0.21541501976284586,True,109,244,153,0.4064665127020785,True,176,171,86,0.0,0.0,0.0
10214,10214.png,8_16,0.9248786061125392,3238,3501,3392,3347,0.4791666666666667,True,207,100,125,0.9548192771084337,True,317,0,15,0.9728915662650602,True,323,0,9,1.0,True,332,0,0,1.0,1.0,1.0
10215,10215.png,16_32,0.6028304336535965,4643,7702,7367,4978,0.025139664804469275,True,9,151,198,0.12883435582822086,True,42,119,165,0.265993265993266,True,79,90,128,0.8285714285714286,True,174,3,33,1.0,0.9230769230769231,0.9600000000000001
10216,10216.png,8_16,0.7165775401069518,2144,2992,2483,2653,0.049723756906077346,True,18,151,193,0.3776978417266187,True,105,67,106,0.7522123893805309,True,170,15,41,0.9154929577464789,True,195,2,16,1.0,1.0,1.0
10217,10217.png,zero,1.0,0,0,0,0,1.0,True,0,0,0,1.0,True,0,0,0,1.0,True,0,0,0,1.0,True,0,0,0,0.0,0.0,0.0
10218,10218.png,4_8,0.40972838629504704,2308,5633,5215,2726,0.06772908366533864,True,68,473,463,0.4389261744966443,True,327,214,204,0.8324786324786325,True,487,54,44,0.9581818181818181,True,527,19,4,1.0,0.9980879541108987,0.999043062200957
10219,10219.png,8_16,0.7242373288493874,3015,4163,3862,3316,0.09263657957244656,True,39,149,233,0.473015873015873,True,149,43,123,0.6607773851590106,True,187,11,85,0.8161764705882353,True,222,0,50,1.0,1.0,1.0
10220,10220.png,0_2,0.5619596541786743,390,694,576,508,0.504950495049505,True,255,103,147,0.9111111111111111,True,369,3,33,0.9601990049751243,True,386,0,16,0.9950248756218906,True,400,0,2,0.9942363112391931,1.0,0.9971098265895955
10221,10221.png,8_16,0.8132404905425068,7825,9622,9454,7993,0.07582938388625593,True,64,301,479,0.43188854489164086,True,279,103,264,0.5683690280065898,True,345,64,198,0.7670753064798599,True,438,28,105,1.0,1.0,1.0
10222,10222.png,2_4,0.7306451612903225,906,1240,1075,1071,0.3878048780487805,True,159,119,132,0.9453924914675768,True,277,2,14,0.9656357388316151,True,281,0,10,1.0,True,291,0,0,0.989247311827957,0.9494949494949495,0.9689635854341737
10223,10223.png,16_32,0.786228447073266,14090,17921,14290,17721,0.10703592814371257,True,143,592,601,0.303886925795053,True,344,388,400,0.4327485380116959,True,444,282,300,0.5951327433628318,True,538,160,206,0.9987113402061856,0.9498018494055482,0.9736427579832241
10224,10224.png,16_32,0.7236088379705401,10611,14664,12091,13184,0.027659574468085105,True,26,495,419,0.19154228855721392,True,154,359,291,0.4032496307237814,True,273,232,172,0.632404181184669,True,363,129,82,0.0,0.0,0.0
10225,10225.png,16_32,0.5846266874827808,6366,10889,6828,10427,0.02148997134670487,True,15,362,321,0.16229508196721312,True,99,274,237,0.3,True,162,204,174,0.6261682242990654,True,268,92,68,1.0,0.970108695652174,0.9848275862068966
10226,10226.png,8_16,0.22397749404890716,1035,4621,3368,2288,0.002325581395348837,True,1,203,226,0.07178217821782178,True,29,177,198,0.18528610354223432,True,68,140,159,0.6070175438596491,True,173,58,54,0.9853658536585366,0.5807860262008734,0.7308189274104703
10227,10227.png,8_16,0.6591612721643682,2342,3553,3179,2716,0.17670682730923695,True,88,194,216,0.6581196581196581,True,231,47,73,0.8562300319488818,True,268,9,36,0.9111842105263158,True,277,0,27,1.0,0.9163987138263665,0.9563758389261745
10228,10228.png,zero,1.0,0,0,0,0,1.0,True,0,0,0,1.0,True,0,0,0,1.0,True,0,0,0,1.0,True,0,0,0,0.0,0.0,0.0
10229,10229.png,4_8,0.4022857142857143,352,875,724,503,0.0935672514619883,True,16,95,60,0.5241935483870968,True,65,48,11,0.6239316239316239,True,73,41,3,0.6666666666666666,True,76,38,0,0.9722222222222222,1.0,0.9859154929577464
10230,10230.png,zero,1.0,0,0,0,0,1.0,True,0,0,0,1.0,True,0,0,0,1.0,True,0,0,0,1.0,True,0,0,0,0.0,0.0,0.0
10231,10231.png,zero,1.0,0,0,0,0,1.0,True,0,0,0,1.0,True,0,0,0,1.0,True,0,0,0,1.0,True,0,0,0,0.0,0.0,0.0
10232,10232.png,0_2,0.5770020533880903,562,974,866,670,0.5518169582772544,True,410,157,176,0.8631239935587761,True,536,35,50,0.8888888888888888,True,544,26,42,0.9083469721767594,True,555,25,31,0.9541446208112875,0.9215017064846417,0.9375391122678537
10233,10233.png,8_16,0.6353252542136788,4561,7179,6269,5471,0.07556270096463022,True,47,234,341,0.32745098039215687,True,167,122,221,0.49782608695652175,True,229,72,159,0.8193384223918575,True,322,5,66,1.0,0.983451536643026,0.9916567342073896
10234,10234.png,zero,1.0,0,0,0,0,1.0,True,0,0,0,1.0,True,0,0,0,1.0,True,0,0,0,1.0,True,0,0,0,0.0,0.0,0.0
10235,10235.png,16_32,0.7185262065386612,6923,9635,7413,9145,0.0912280701754386,True,52,191,327,0.3305084745762712,True,156,93,223,0.5165094339622641,True,219,45,160,0.7012658227848101,True,277,16,102,1.0,0.9975845410628019,0.9987908101571946
10236,10236.png,thick,0.8733392057549733,23795,27246,25522,25519,0.010327022375215147,True,6,306,269,0.11026615969581749,True,58,251,217,0.4860050890585242,True,191,118,84,0.9166666666666666,True,275,25,0,1.0,1.0,1.0
10237,10237.png,zero,1.0,0,0,0,0,1.0,True,0,0,0,1.0,True,0,0,0,1.0,True,0,0,0,1.0,True,0,0,0,0.0,0.0,0.0
10238,10238.png,4_8,0.6150911403136923,1451,2359,2120,1690,0.3211009174311927,True,175,222,148,0.7585365853658537,True,311,87,12,0.795,True,318,77,5,0.8590425531914894,True,323,53,0,0.9926108374384236,1.0,0.996291718170581
10239,10239.png,16_32,0.64749368914533,7182,11092,8593,9681,0.0224,True,14,289,322,0.20793950850661624,True,110,193,226,0.3859275053304904,True,181,133,155,0.671875,True,258,48,78,1.0,1.0,1.0
10240,10240.png,zero,1.0,0,0,0,0,1.0,True,0,0,0,1.0,True,0,0,0,1.0,True,0,0,0,1.0,True,0,0,0,0.0,0.0,0.0
10241,10241.png,4_8,0.17634590928359475,832,4718,4604,946,0.03291139240506329,True,13,207,175,0.2125748502994012,True,71,146,117,0.3945578231292517,True,116,106,72,0.48214285714285715,True,135,92,53,0.0,0.41935483870967744,0.0
10242,10242.png,8_16,0.5014259787399533,1934,3857,2228,3563,0.14285714285714285,True,46,89,187,0.5397489539748954,True,129,6,104,0.5654008438818565,True,134,4,99,0.6068376068376068,True,142,1,91,1.0,0.7628458498023716,0.8654708520179373
10243,10243.png,0_2,0.005016722408026756,3,598,21,580,0.0038240917782026767,True,2,10,511,0.037037037037037035,True,19,0,494,0.050682261208576995,True,26,0,487,0.07407407407407407,True,38,0,475,0.75,0.0,0.0
10244,10244.png,thick,0.7242605888940122,10995,15181,15100,11076,0.05197505197505198,True,25,249,207,0.39779005524861877,True,144,130,88,0.6879194630872483,True,205,66,27,0.7377622377622378,True,211,54,21,1.0,1.0,1.0
10245,10245.png,2_4,0.6063738156761412,704,1161,871,994,0.27486910994764396,True,105,127,150,0.8555133079847909,True,225,8,30,0.9372549019607843,True,239,0,16,0.9921568627450981,True,253,0,2,0.9134199134199135,1.0,0.9547511312217195
10246,10246.png,4_8,0.09648798521256932,261,2705,1377,1589,0.0234192037470726,True,10,160,257,0.11053984575835475,True,43,122,224,0.34177215189873417,True,108,49,159,0.4019933554817276,True,121,34,146,0.6511627906976745,0.5305343511450382,0.5846916547735297
10247,10247.png,16_32,0.8244995771074147,5849,7094,6263,6680,0.0648854961832061,True,34,252,238,0.615606936416185,True,213,74,59,0.8949152542372881,True,264,23,8,0.9645390070921985,True,272,10,0,1.0,1.0,1.0
10248,10248.png,8_16,0.20613254203758655,1042,5055,4679,1418,0.0026666666666666666,True,1,198,176,0.06818181818181818,True,24,175,153,0.24422442244224424,True,74,126,103,0.5222672064777328,True,129,70,48,0.5891089108910891,0.46285714285714286,0.5184069701777503
10249,10249.png,zero,1.0,0,0,0,0,1.0,True,0,0,0,1.0,True,0,0,0,1.0,True,0,0,0,1.0,True,0,0,0,0.0,0.0,0.0
10250,10250.png,16_32,0.8286357692866483,11407,13766,13165,12008,0.0234375,True,18,283,467,0.25801282051282054,True,161,139,324,0.49250936329588013,True,263,49,222,0.7010309278350515,True,340,0,145,1.0,1.0,1.0
10251,10251.png,16_32,0.6598688524590164,10063,15250,12661,12652,0.03500473036896878,True,37,489,531,0.28352941176470586,True,241,282,327,0.5547652916073968,True,390,135,178,0.8104575163398693,True,496,44,72,1.0,1.0,1.0
10252,10252.png,zero,1.0,0,0,0,0,1.0,True,0,0,0,1.0,True,0,0,0,1.0,True,0,0,0,1.0,True,0,0,0,0.0,0.0,0.0
10253,10253.png,thick,0.6036813089098346,6789,11246,7617,10418,0.035789473684210524,True,17,225,233,0.1336405529953917,True,58,184,192,0.19902912621359223,True,82,162,168,0.3994413407821229,True,143,108,107,0.0,0.0,0.0
10254,10254.png,8_16,0.46823617339312407,1253,2676,1435,2494,0.14659685863874344,True,56,132,194,0.6273062730627307,True,170,21,80,0.76,True,190,0,60,0.76,True,190,0,60,1.0,0.7590361445783133,0.8630136986301369
10255,10255.png,16_32,0.12984529810533635,747,5753,1324,5176,0.027932960893854747,True,10,96,252,0.14906832298136646,True,48,60,214,0.36594202898550726,True,101,14,161,0.43018867924528303,True,114,3,148,1.0,0.40217391304347827,0.5736434108527132
10256,10256.png,thick,0.7057148586324443,17597,24935,22005,20527,0.0,True,0,317,208,0.029469548133595286,True,15,301,193,0.09623430962343096,True,46,270,162,0.17420814479638008,True,77,234,131,0.0,0.0,0.0
10257,10257.png,8_16,0.2973462002412545,3451,11606,7504,7553,0.012626262626262626,True,10,297,485,0.13437057991513437,True,95,212,400,0.2222222222222222,True,146,162,349,0.32231404958677684,True,195,110,300,0.0,0.0,0.0
10258,10258.png,4_8,0.4087870105062082,856,2094,1579,1371,0.08333333333333333,True,36,162,234,0.5161290322580645,True,160,40,110,0.7463235294117647,True,203,2,67,0.7925925925925926,True,214,0,56,1.0,0.9704797047970479,0.9850187265917603
10259,10259.png,4_8,0.3190639269406393,559,1752,1372,939,0.03418803418803419,True,8,113,113,0.16826923076923078,True,35,87,86,0.4114285714285714,True,72,54,49,0.4508670520231214,True,78,52,43,0.6,0.6641221374045801,0.6304347826086957
10260,10260.png,zero,1.0,0,0,0,0,1.0,True,0,0,0,1.0,True,0,0,0,1.0,True,0,0,0,1.0,True,0,0,0,0.0,0.0,0.0
10261,10261.png,8_16,0.8273484630853203,2880,3481,2972,3389,0.23382045929018788,True,112,160,207,0.877742946708464,True,280,0,39,0.9153605015673981,True,292,0,27,0.9623824451410659,True,307,0,12,1.0,0.9911504424778761,0.9955555555555555
10262,10262.png,8_16,0.9506699147381242,3122,3284,3229,3177,0.5705329153605015,True,182,70,67,0.9647058823529412,True,246,6,3,0.9841897233201581,True,249,4,0,1.0,True,249,0,0,1.0,1.0,1.0
10263,10263.png,4_8,0.49042709867452133,666,1358,1024,1000,0.18341708542713567,True,73,149,176,0.676056338028169,True,192,35,57,0.9558232931726908,True,238,0,11,0.9839357429718876,True,245,0,4,0.9955357142857143,0.9426229508196722,0.9683570592455538
10264,10264.png,16_32,0.7539191253316183,9378,12439,11627,10190,0.07807807807807808,True,78,446,475,0.4350132625994695,True,328,201,225,0.6424242424242425,True,424,107,129,0.9483985765124555,True,533,9,20,1.0,1.0,1.0
10265,10265.png,zero,1.0,0,0,0,0,1.0,True,0,0,0,1.0,True,0,0,0,1.0,True,0,0,0,1.0,True,0,0,0,0.0,0.0,0.0
10266,10266.png,zero,1.0,0,0,0,0,1.0,True,0,0,0,1.0,True,0,0,0,1.0,True,0,0,0,1.0,True,0,0,0,0.0,0.0,0.0
10267,10267.png,zero,1.0,0,0,0,0,1.0,True,0,0,0,1.0,True,0,0,0,1.0,True,0,0,0,1.0,True,0,0,0,0.0,0.0,0.0
10268,10268.png,16_32,0.6619482017405893,6313,9537,8779,7071,0.048252911813643926,True,29,249,323,0.25595238095238093,True,129,152,223,0.482837528604119,True,211,85,141,0.6846153846153846,True,267,38,85,1.0,1.0,1.0
10269,10269.png,16_32,0.765397536394177,1367,1786,1485,1668,0.07627118644067797,True,9,57,52,0.34408602150537637,True,32,32,29,0.8769230769230769,True,57,4,4,1.0,True,61,0,0,1.0,1.0,1.0
10270,10270.png,8_16,0.6278899975663178,2580,4109,3745,2944,0.10472279260780287,True,51,217,219,0.4486486486486487,True,166,100,104,0.8169491525423729,True,241,25,29,0.9814814814814815,True,265,0,5,1.0,1.0,1.0
10271,10271.png,8_16,0.5648607813511763,5234,9266,8490,6010,0.09701492537313433,True,104,467,501,0.4400977995110024,True,360,213,245,0.7525925925925926,True,508,70,97,0.9588138385502472,True,582,2,23,1.0,1.0,1.0
10272,10272.png,16_32,0.5303499166865032,6684,12603,7998,11289,0.00929368029739777,True,5,260,273,0.07952286282306163,True,40,225,238,0.18995633187772926,True,87,180,191,0.37851662404092073,True,148,113,130,0.0,0.0,0.0
10273,10273.png,zero,1.0,0,0,0,0,1.0,True,0,0,0,1.0,True,0,0,0,1.0,True,0,0,0,1.0,True,0,0,0,0.0,0.0,0.0
10274,10274.png,16_32,0.6605687676700482,11916,18039,15003,14952,0.04336734693877551,True,34,319,431,0.21973094170403587,True,147,204,318,0.44190140845070425,True,251,103,214,0.650887573964497,True,330,42,135,0.0,0.0,0.0
10275,10275.png,16_32,0.8074534161490683,8840,10948,10047,9741,0.04655172413793104,True,27,270,283,0.28662420382165604,True,135,161,175,0.5604113110539846,True,218,79,92,0.9329073482428115,True,292,3,18,1.0,1.0,1.0
10276,10276.png,zero,1.0,0,0,0,0,1.0,True,0,0,0,1.0,True,0,0,0,1.0,True,0,0,0,1.0,True,0,0,0,0.0,0.0,0.0
10277,10277.png,zero,1.0,0,0,0,0,1.0,True,0,0,0,1.0,True,0,0,0,1.0,True,0,0,0,1.0,True,0,0,0,0.0,0.0,0.0
10278,10278.png,16_32,0.7367804420838866,9433,12803,11849,10387,0.03771661569826707,True,37,488,456,0.25866336633663367,True,209,315,284,0.7931654676258992,True,441,63,52,0.916988416988417,True,475,25,18,1.0,0.9940476190476191,0.9970149253731343
10279,10279.png,16_32,0.89478324761205,6089,6805,6140,6754,0.38461538461538464,True,170,131,141,0.9221183800623053,True,296,10,15,0.9465408805031447,True,301,7,10,0.9714285714285714,True,306,4,5,0.9901315789473685,1.0,0.9950413223140495
10280,10280.png,8_16,0.7028647568287808,4220,6004,5102,5122,0.08084358523725835,True,46,260,263,0.4748201438848921,True,198,108,111,0.723463687150838,True,259,49,50,0.9135802469135802,True,296,15,13,1.0,1.0,1.0
10281,10281.png,4_8,0.2896642527978934,440,1519,801,1158,0.1352549889135255,True,61,200,190,0.6166134185303515,True,193,62,58,0.743859649122807,True,212,34,39,0.8191881918819188,True,222,20,29,0.9266409266409267,0.7370517928286853,0.8210438722204244
10282,10282.png,0_2,0.6405867970660146,524,818,758,584,0.5787781350482315,True,360,146,116,0.9306930693069307,True,470,29,6,0.9382470119521913,True,471,26,5,0.9538152610441767,True,475,22,1,0.998,1.0,0.998998998998999
10283,10283.png,16_32,0.7386888273314867,4800,6498,6217,5081,0.1134020618556701,True,55,219,211,0.5384615384615384,True,189,85,77,0.7873754152823921,True,237,35,29,0.9528985507246377,True,263,10,3,1.0,1.0,1.0
10284,10284.png,4_8,0.6546059065128105,3347,5113,3998,4462,0.2654067378800329,True,323,342,552,0.7227722772277227,True,657,34,218,0.8225255972696246,True,723,4,152,0.9062857142857143,True,793,0,82,1.0,0.9591836734693877,0.9791666666666666
10285,10285.png,thick,0.8819258954866105,12877,14601,14252,13226,0.048903878583473864,True,29,252,312,0.38222222222222224,True,172,109,169,0.7720797720797721,True,271,10,70,0.8155619596541787,True,283,6,58,1.0,0.9918256130790191,0.9958960328317373
10286,10286.png,16_32,0.6995341614906833,5406,7728,5784,7350,0.04772727272727273,True,21,185,234,0.15538847117794485,True,62,144,193,0.311614730878187,True,110,98,145,0.6418439716312057,True,181,27,74,1.0,1.0,1.0
10287,10287.png,8_16,0.8583039826605257,3168,3691,3575,3284,0.34782608695652173,True,144,129,141,0.951048951048951,True,272,1,13,0.9719298245614035,True,277,0,8,1.0,True,285,0,0,1.0,1.0,1.0
10288,10288.png,zero,1.0,0,0,0,0,1.0,True,0,0,0,1.0,True,0,0,0,1.0,True,0,0,0,1.0,True,0,0,0,0.0,0.0,0.0
10289,10289.png,4_8,0.6318312559923298,659,1043,741,961,0.3151750972762646,True,81,66,110,0.6231884057971014,True,129,16,62,0.6341463414634146,True,130,14,61,0.6517412935323383,True,131,10,60,0.9536423841059603,0.6894736842105263,0.8003224369444856
10290,10290.png,16_32,0.7778124026176378,7488,9627,8046,9069,0.057947019867549666,True,35,277,292,0.26429980276134124,True,134,180,193,0.437219730941704,True,195,119,132,0.9161676646706587,True,306,7,21,1.0,1.0,1.0
10291,10291.png,4_8,0.6741308190925162,1144,1697,1345,1496,0.16939890710382513,True,62,155,149,0.944954128440367,True,206,7,5,0.995260663507109,True,210,0,1,1.0,True,211,0,0,1.0,1.0,1.0
10292,10292.png,8_16,0.2615202252185509,1765,6749,6453,2061,0.00390625,True,2,346,164,0.11764705882352941,True,54,293,112,0.24278846153846154,True,101,250,65,0.337696335078534,True,129,216,37,0.013774104683195593,1.0,0.02717391304347826
10293,10293.png,thick,0.525342039800995,3379,6432,3643,6168,0.023323615160349854,True,8,169,166,0.16611295681063123,True,50,127,124,0.26353790613718414,True,73,103,101,0.47844827586206895,True,111,58,63,1.0,1.0,1.0
10294,10294.png,16_32,0.5651608105595836,3040,5379,3821,4598,0.052854122621564484,True,25,224,224,0.17772511848341233,True,75,173,174,0.39943342776203966,True,141,104,108,1.0,True,249,0,0,1.0,1.0,1.0
10295,10295.png,16_32,0.6979551613697955,8499,12177,10791,9885,0.015625,True,10,282,348,0.09949409780775717,True,59,235,299,0.2062043795620438,True,113,190,245,0.5662921348314607,True,252,87,106,0.0,0.0,0.0
10296,10296.png,thick,0.6350248678893379,16343,25736,20142,21937,0.0222007722007722,True,23,494,519,0.14563106796116504,True,135,385,407,0.2346109175377468,True,202,319,340,0.4226110363391655,True,314,201,228,0.0,0.0,0.0
10297,10297.png,16_32,0.7447937392227085,5615,7539,7387,5767,0.0776173285198556,True,43,211,300,0.34151785714285715,True,153,105,190,0.5896103896103896,True,227,42,116,0.8472622478386167,True,294,4,49,1.0,1.0,1.0
10298,10298.png,0_2,0.4783950617283951,465,972,810,627,0.4031413612565445,True,308,220,236,0.970856102003643,True,533,5,11,1.0,True,544,0,0,1.0,True,544,0,0,0.9786407766990292,1.0,0.9892051030421983
10299,10299.png,16_32,0.6903765690376569,3465,5019,3467,5017,0.39378238341968913,True,152,122,112,0.9381818181818182,True,258,11,6,0.9887640449438202,True,264,3,0,1.0,True,264,0,0,1.0,1.0,1.0
10300,10300.png,thick,0.45569070373588183,6294,13812,6380,13726,0.013422818791946308,True,8,247,341,0.07692307692307693,True,43,210,306,0.1171003717472119,True,63,189,286,0.28051391862955033,True,131,118,218,0.0,0.0,0.0
10301,10301.png,16_32,0.6360975609756098,4564,7175,6699,5040,0.03759398496240601,True,15,206,178,0.2808641975308642,True,91,131,102,0.475177304964539,True,134,89,59,0.726530612244898,True,178,52,15,1.0,1.0,1.0
10302,10302.png,4_8,0.81580259222333,3273,4012,3637,3648,0.40607734806629836,True,294,189,241,0.8729281767955801,True,474,8,61,0.9065420560747663,True,485,0,50,0.9252336448598131,True,495,0,40,1.0,0.925589836660617,0.9613572101790763
10303,10303.png,16_32,0.7249876786594381,4413,6087,5698,4802,0.13392857142857142,True,60,199,189,0.4350282485875706,True,154,105,95,0.850909090909091,True,234,26,15,0.9841897233201581,True,249,4,0,1.0,1.0,1.0
10304,10304.png,16_32,0.6892911010558069,9140,13260,11780,10620,0.018538713195201745,True,17,304,596,0.1050767414403778,True,89,234,524,0.2069408740359897,True,161,165,452,0.5762439807383628,True,359,10,254,1.0,1.0,1.0
10305,10305.png,thick,0.7278724894908921,12467,17128,13750,15845,0.015332197614991482,True,9,280,298,0.06428571428571428,True,36,253,271,0.15057915057915058,True,78,211,229,0.25,True,118,165,189,0.0,0.0,0.0
10306,10306.png,zero,1.0,0,0,0,0,1.0,True,0,0,0,1.0,True,0,0,0,1.0,True,0,0,0,1.0,True,0,0,0,0.0,0.0,0.0
10307,10307.png,zero,1.0,0,0,0,0,1.0,True,0,0,0,1.0,True,0,0,0,1.0,True,0,0,0,1.0,True,0,0,0,0.0,0.0,0.0
10308,10308.png,zero,1.0,0,0,0,0,1.0,True,0,0,0,1.0,True,0,0,0,1.0,True,0,0,0,1.0,True,0,0,0,0.0,0.0,0.0
10309,10309.png,16_32,0.7198525539757767,6835,9495,9316,7014,0.07297830374753451,True,37,222,248,0.32926829268292684,True,135,125,150,0.624633431085044,True,213,56,72,0.9444444444444444,True,272,3,13,1.0,1.0,1.0
10310,10310.png,4_8,0.49304677623261695,780,1582,1210,1152,0.17715617715617715,True,76,175,178,0.7216494845360825,True,210,37,44,0.9764705882352941,True,249,1,5,0.9960629921259843,True,253,0,1,1.0,0.996031746031746,0.9980119284294234
10311,10311.png,zero,1.0,0,0,0,0,1.0,True,0,0,0,1.0,True,0,0,0,1.0,True,0,0,0,1.0,True,0,0,0,0.0,0.0,0.0
10312,10312.png,4_8,0.9293563579277865,592,637,601,628,0.5742574257425742,True,58,17,26,0.9285714285714286,True,78,0,6,0.9880952380952381,True,83,0,1,1.0,True,84,0,0,1.0,1.0,1.0
10313,10313.png,thick,0.8002721793791718,12349,15431,13244,14536,0.013445378151260505,True,8,308,279,0.16893203883495145,True,87,228,200,0.41232227488151657,True,174,135,113,0.6685393258426966,True,238,69,49,1.0,1.0,1.0
10314,10314.png,8_16,0.6295244854506742,3548,5636,5433,3751,0.15436241610738255,True,69,204,174,0.5386904761904762,True,181,93,62,0.6357827476038339,True,199,70,44,0.8810408921933085,True,237,26,6,1.0,1.0,1.0
10315,10315.png,8_16,0.05232692752952072,226,4319,2462,2083,0.0,True,0,105,158,0.0,True,0,105,158,0.023166023166023165,True,6,101,152,0.11067193675889328,True,28,95,130,0.0,0.0,0.0
10316,10316.png,16_32,0.4800473270947618,8926,18594,9836,17684,0.0320962888665998,True,32,357,608,0.17465753424657535,True,153,236,487,0.3247422680412371,True,252,136,388,0.4721030042918455,True,330,59,310,0.5743073047858942,0.41743119266055045,0.4834616863371043
10317,10317.png,16_32,0.4720602069614299,5018,10630,6037,9611,0.0050933786078098476,True,3,299,287,0.06859205776173286,True,38,264,252,0.1266540642722117,True,67,239,223,0.3181818181818182,True,147,172,143,0.0,0.0,0.0
10318,10318.png,zero,1.0,0,0,0,0,1.0,True,0,0,0,1.0,True,0,0,0,1.0,True,0,0,0,1.0,True,0,0,0,0.0,0.0,0.0
10319,10319.png,thick,0.6318380743982495,5775,9140,6404,8511,0.04487179487179487,True,21,219,228,0.11441647597254005,True,50,188,199,0.2512820512820513,True,98,141,151,0.6666666666666666,True,196,45,53,0.0,0.0,0.0
10320,10320.png,2_4,0.7161290322580646,555,775,764,566,0.6369426751592356,True,200,58,56,0.9922178988326849,True,255,1,1,1.0,True,256,0,0,1.0,True,256,0,0,1.0,1.0,1.0
10321,10321.png,16_32,0.22030628240684916,1827,8293,3554,6566,0.0020491803278688526,True,1,238,249,0.01867219917012448,True,9,232,241,0.03164556962025317,True,15,224,235,0.12903225806451613,True,56,184,194,0.0,0.0,0.0
10322,10322.png,zero,1.0,0,0,0,0,1.0,True,0,0,0,1.0,True,0,0,0,1.0,True,0,0,0,1.0,True,0,0,0,0.0,0.0,0.0
10323,10323.png,16_32,0.7566973210715714,7570,10004,8315,9259,0.021775544388609715,True,13,258,326,0.15749525616698293,True,83,188,256,0.5073170731707317,True,208,71,131,0.8849557522123894,True,300,0,39,1.0,1.0,1.0
10324,10324.png,4_8,0.8189533239038189,1158,1414,1390,1182,0.41603053435114506,True,109,72,81,0.9278350515463918,True,180,4,10,0.9894736842105263,True,188,0,2,1.0,True,190,0,0,1.0,1.0,1.0
10325,10325.png,zero,1.0,0,0,0,0,1.0,True,0,0,0,1.0,True,0,0,0,1.0,True,0,0,0,1.0,True,0,0,0,0.0,0.0,0.0
10326,10326.png,2_4,0.4863498483316481,481,989,838,632,0.0851063829787234,True,28,161,140,0.7574257425742574,True,153,34,15,0.8624338624338624,True,163,21,5,0.9130434782608695,True,168,16,0,0.9267015706806283,0.9401197604790419,0.933362442481443
10327,10327.png,16_32,0.8309435298282882,4694,5649,5131,5212,0.08779443254817987,True,41,217,209,0.6334405144694534,True,197,61,53,0.9459459459459459,True,245,9,5,0.984251968503937,True,250,4,0,1.0,1.0,1.0
10328,10328.png,4_8,0.8729508196721312,2343,2684,2534,2493,0.50355871886121,True,283,131,148,0.9631336405529954,True,418,3,13,0.9814385150812065,True,423,0,8,1.0,True,431,0,0,1.0,1.0,1.0
10329,10329.png,thick,0.4873183688349565,9357,19201,10580,17978,0.011363636363636364,True,7,316,293,0.09734513274336283,True,55,265,245,0.232,True,116,200,184,0.3574561403508772,True,163,156,137,0.0,0.0,0.0
10330,10330.png,4_8,0.0,0,836,62,774,0.0,True,0,6,117,0.0,True,0,6,117,0.0,True,0,6,117,0.0,True,0,6,117,0.0,0.0,0.0
10331,10331.png,4_8,0.27946873270614275,505,1807,937,1375,0.13648293963254593,True,52,105,224,0.40390879478827363,True,124,31,152,0.46283783783783783,True,137,20,139,0.5263157894736842,True,150,9,126,0.9490445859872612,0.5215827338129496,0.6731892750868557
10332,10332.png,thick,0.6765514927876551,10084,14905,10296,14693,0.049586776859504134,True,24,272,188,0.21394230769230768,True,89,204,123,0.5182926829268293,True,170,116,42,0.7794117647058824,True,212,60,0,0.0,0.0,0.0
10333,10333.png,thick,0.6870611835506519,9590,13958,12581,10967,0.010570824524312896,True,5,228,240,0.03463203463203463,True,16,217,229,0.0645879732739421,True,29,204,216,0.4281437125748503,True,143,89,102,0.0,0.0,0.0
10334,10334.png,0_2,0.39475713184271394,512,1297,1027,782,0.39209726443769,True,387,252,348,0.7623888182973316,True,600,52,135,0.8010335917312662,True,620,39,115,0.852437417654809,True,647,24,88,0.9287974683544303,0.9114441416893733,0.9200389848020185
10335,10335.png,4_8,0.624271137026239,1713,2744,2583,1874,0.10436893203883495,True,43,150,219,0.46474358974358976,True,145,50,117,0.5436241610738255,True,162,36,100,0.9274809160305344,True,243,0,19,1.0,0.9586466165413534,0.9788867562380038
10336,10336.png,16_32,0.7895325430552449,10590,13413,12226,11777,0.027868852459016394,True,17,289,304,0.22700587084148727,True,116,190,205,0.37037037037037035,True,170,138,151,0.6970509383378016,True,260,52,61,0.0,0.0,0.0
10337,10337.png,4_8,0.8897719419488597,2575,2894,2748,2721,0.4532520325203252,True,223,132,137,1.0,True,360,0,0,1.0,True,360,0,0,1.0,True,360,0,0,1.0,1.0,1.0
10338,10338.png,zero,1.0,0,0,0,0,1.0,True,0,0,0,1.0,True,0,0,0,1.0,True,0,0,0,1.0,True,0,0,0,0.0,0.0,0.0
10339,10339.png,16_32,0.6715351812366738,6299,9380,8143,7536,0.06324110671936758,True,32,230,244,0.2635294117647059,True,112,149,164,0.4722222222222222,True,170,84,106,0.8571428571428571,True,246,11,30,1.0,1.0,1.0
10340,10340.png,2_4,0.6398678414096917,1162,1816,1727,1251,0.3406998158379374,True,185,197,161,0.8538461538461538,True,333,44,13,0.9042553191489362,True,340,30,6,0.958217270194986,True,344,13,2,1.0,1.0,1.0
10341,10341.png,thick,0.8276560584252892,15526,18759,16802,17483,0.02681992337164751,True,21,395,367,0.16715116279069767,True,115,300,273,0.4400715563506261,True,246,171,142,0.8985849056603774,True,381,36,7,1.0,1.0,1.0
10342,10342.png,zero,1.0,0,0,0,0,1.0,True,0,0,0,1.0,True,0,0,0,1.0,True,0,0,0,1.0,True,0,0,0,0.0,0.0,0.0
10343,10343.png,thick,0.6793960272667302,9269,13643,11759,11153,0.02092050209205021,True,10,226,242,0.13225058004640372,True,57,179,195,0.19704433497536947,True,80,154,172,0.3728813559322034,True,132,102,120,0.0,0.0,0.0
10344,10344.png,8_16,0.585445205479452,3419,5840,5583,3676,0.05818965517241379,True,27,218,219,0.22556390977443608,True,90,153,156,0.45294117647058824,True,154,94,92,0.9800796812749004,True,246,5,0,1.0,1.0,1.0
10345,10345.png,16_32,0.5883079965393647,4760,8091,6038,6813,0.009523809523809525,True,5,214,306,0.08130081300813008,True,40,181,271,0.170995670995671,True,79,151,232,0.4637305699481865,True,179,75,132,0.0,0.0,0.0
10346,10346.png,8_16,0.34351432880844646,1822,5304,5216,1910,0.06567164179104477,True,22,183,130,0.2579505300353357,True,73,131,79,0.45416666666666666,True,109,88,43,0.6884422110552764,True,137,47,15,0.9811320754716981,0.8819875776397516,0.9289218769656561
10347,10347.png,zero,1.0,0,0,0,0,1.0,True,0,0,0,1.0,True,0,0,0,1.0,True,0,0,0,1.0,True,0,0,0,0.0,0.0,0.0
10348,10348.png,zero,1.0,0,0,0,0,1.0,True,0,0,0,1.0,True,0,0,0,1.0,True,0,0,0,1.0,True,0,0,0,0.0,0.0,0.0
10349,10349.png,2_4,0.0,0,667,0,667,0.0,True,0,0,255,0.0,True,0,0,255,0.0,True,0,0,255,0.0,True,0,0,255,0.0,0.0,0.0
10350,10350.png,16_32,0.6723768736616702,8478,12609,9180,11907,0.05538922155688623,True,37,320,311,0.27207207207207207,True,151,207,197,0.4681724845995893,True,228,139,120,0.6995305164319249,True,298,78,50,1.0,1.0,1.0
10351,10351.png,thick,0.2706061374587877,3201,11829,5408,9622,0.006289308176100629,True,3,189,285,0.03017241379310345,True,14,176,274,0.0696629213483146,True,31,157,257,0.21052631578947367,True,80,92,208,0.0,0.0,0.0
10352,10352.png,16_32,0.8165973776782859,5107,6254,5897,5464,0.041928721174004195,True,20,226,231,0.45244956772334294,True,157,96,94,0.8717948717948718,True,238,22,13,0.9920948616600791,True,251,2,0,1.0,1.0,1.0
10353,10353.png,16_32,0.8201634877384196,9331,11377,10068,10640,0.06841046277665996,True,34,228,235,0.2511737089201878,True,107,157,162,0.40897097625329815,True,155,110,114,0.5806451612903226,True,198,72,71,0.0,0.0,0.0
10354,10354.png,zero,1.0,0,0,0,0,1.0,True,0,0,0,1.0,True,0,0,0,1.0,True,0,0,0,1.0,True,0,0,0,0.0,0.0,0.0
10355,10355.png,zero,1.0,0,0,0,0,1.0,True,0,0,0,1.0,True,0,0,0,1.0,True,0,0,0,1.0,True,0,0,0,0.0,0.0,0.0
10356,10356.png,thick,0.8761416534087562,14869,16971,14919,16921,0.04326123128119801,True,26,302,273,0.22524271844660193,True,116,216,183,0.4610091743119266,True,201,137,98,0.6649214659685864,True,254,83,45,1.0,1.0,1.0
10357,10357.png,16_32,0.6882475299011961,5294,7692,7617,5369,0.085995085995086,True,35,192,180,0.27089337175792505,True,94,132,121,0.6139705882352942,True,167,57,48,0.9419642857142857,True,211,9,4,1.0,0.9817351598173516,0.9907834101382489
10358,10358.png,zero,1.0,0,0,0,0,1.0,True,0,0,0,1.0,True,0,0,0,1.0,True,0,0,0,1.0,True,0,0,0,0.0,0.0,0.0
10359,10359.png,16_32,0.9632077550121172,4372,4539,4453,4458,0.4561933534743202,True,151,90,90,1.0,True,241,0,0,1.0,True,241,0,0,1.0,True,241,0,0,1.0,1.0,1.0
10360,10360.png,8_16,0.5907388491658154,5205,8811,8240,5776,0.061930783242258654,True,68,488,542,0.39712918660287083,True,332,226,278,0.6767241379310345,True,471,86,139,0.8779714738510301,True,554,21,56,1.0,0.8325281803542673,0.9086115992970123
10361,10361.png,4_8,0.5887799564270153,1081,1836,1560,1357,0.17713004484304934,True,79,184,183,0.8178694158075601,True,238,29,24,0.927797833935018,True,257,15,5,0.9632352941176471,True,262,10,0,1.0,1.0,1.0
10362,10362.png,16_32,0.7040850776502363,4171,5924,4609,5486,0.03736263736263736,True,17,220,218,0.234375,True,90,149,145,0.587248322147651,True,175,63,60,0.9747899159663865,True,232,3,3,1.0,1.0,1.0
10363,10363.png,2_4,0.6070763500931099,1304,2148,1533,1919,0.43812104787714545,True,485,214,408,0.7553648068669528,True,704,39,189,0.8278508771929824,True,755,19,138,0.899888765294772,True,809,6,84,0.984081041968162,0.8828125,0.9307001447405874
10364,10364.png,2_4,0.5261437908496732,1288,2448,1849,1887,0.24743589743589745,True,193,272,315,0.8371212121212122,True,442,20,66,0.907843137254902,True,463,2,45,0.9763779527559056,True,496,0,12,0.9978354978354979,1.0,0.9989165763813651
10365,10365.png,zero,1.0,0,0,0,0,1.0,True,0,0,0,1.0,True,0,0,0,1.0,True,0,0,0,1.0,True,0,0,0,0.0,0.0,0.0
10366,10366.png,zero,1.0,0,0,0,0,1.0,True,0,0,0,1.0,True,0,0,0,1.0,True,0,0,0,1.0,True,0,0,0,0.0,0.0,0.0
10367,10367.png,2_4,0.6707650273224044,1964,2928,2871,2021,0.3907203907203907,True,320,251,248,0.9691252144082333,True,565,15,3,0.9861111111111112,True,568,8,0,0.9982425307557118,True,568,1,0,1.0,1.0,1.0
10368,10368.png,8_16,0.8065203494566375,3785,4693,3925,4553,0.15769944341372913,True,85,182,272,0.640625,True,246,27,111,0.7142857142857143,True,265,14,92,0.7871148459383753,True,281,0,76,1.0,0.8082191780821918,0.8939393939393939
10369,10369.png,thick,0.7486580086580087,8647,11550,10359,9838,0.005607476635514018,True,3,274,258,0.12108559498956159,True,58,218,203,0.3131067961165049,True,129,151,132,0.7647058823529411,True,234,45,27,1.0,1.0,1.0
10370,10370.png,zero,1.0,0,0,0,0,1.0,True,0,0,0,1.0,True,0,0,0,1.0,True,0,0,0,1.0,True,0,0,0,0.0,0.0,0.0
10371,10371.png,thick,0.6021902352013938,14517,24107,15332,23292,0.014230271668822769,True,11,296,466,0.09902370990237098,True,71,240,406,0.22445820433436534,True,145,169,332,0.3443478260869565,True,198,98,279,0.0,0.0,0.0
10372,10372.png,2_4,0.521978021978022,665,1274,1103,836,0.30965391621129323,True,170,168,211,0.7892156862745098,True,322,27,59,0.8589420654911839,True,341,16,40,0.8961038961038961,True,345,4,36,0.9594202898550724,0.9601063829787234,0.9597632138023542
10373,10373.png,8_16,0.7181342983514274,3572,4974,4797,3749,0.10088495575221239,True,57,190,318,0.45958429561200925,True,199,58,176,0.6802030456852792,True,268,19,107,0.8759894459102903,True,332,4,43,0.980544747081712,1.0,0.9901768172888015
10374,10374.png,4_8,0.805469235550031,1296,1609,1524,1381,0.3630769230769231,True,118,104,103,0.9733333333333334,True,219,4,2,0.9866071428571429,True,221,3,0,1.0,True,221,0,0,0.9823788546255506,1.0,0.9911111111111112
10375,10375.png,8_16,0.8888888888888888,2128,2394,2389,2133,0.45425867507886436,True,144,86,87,0.9913419913419913,True,229,0,2,0.9956709956709957,True,230,0,1,1.0,True,231,0,0,1.0,1.0,1.0
10376,10376.png,4_8,0.7199036918138042,1794,2492,2247,2039,0.18568232662192394,True,83,185,179,0.8512110726643599,True,246,27,16,0.9490909090909091,True,261,13,1,1.0,True,262,0,0,1.0,1.0,1.0
10377,10377.png,4_8,0.5861220472440944,1191,2032,1561,1662,0.16972477064220184,True,74,180,182,0.8028169014084507,True,228,28,28,0.9883268482490273,True,254,1,2,1.0,True,256,0,0,1.0,0.9961089494163424,0.9980506822612086
10378,10378.png,16_32,0.38310354942798475,3918,10227,7499,6646,0.0,True,0,236,278,0.011811023622047244,True,6,230,272,0.04462474645030426,True,22,215,256,0.2577565632458234,True,108,141,170,0.0,0.0,0.0
10379,10379.png,16_32,0.7581699346405228,13340,17595,14845,16090,0.02077562326869806,True,15,296,411,0.16850393700787403,True,107,209,319,0.3489208633093525,True,194,130,232,0.5785123966942148,True,280,58,146,1.0,0.8316831683168316,0.9081081081081082
10380,10380.png,2_4,0.4540441176470588,494,1088,958,624,0.12457912457912458,True,37,131,129,0.7566137566137566,True,143,23,23,0.9520958083832335,True,159,1,7,0.9819277108433735,True,163,0,3,1.0,0.7515151515151515,0.8581314878892733
10381,10381.png,thick,0.8049873914261698,11492,14276,11893,13875,0.053763440860215055,True,30,247,281,0.3826291079812207,True,163,115,148,0.8198757763975155,True,264,11,47,0.9228295819935691,True,287,0,24,1.0,1.0,1.0
10382,10382.png,2_4,0.40262172284644193,430,1068,734,764,0.17888563049853373,True,61,139,141,0.5521235521235521,True,143,57,59,0.6872427983539094,True,167,41,35,0.775,True,186,38,16,0.7309644670050761,1.0,0.844574780058651
10383,10383.png,thick,0.6266421581878142,11591,18497,14432,15656,0.006510416666666667,True,5,498,265,0.04048582995951417,True,30,471,240,0.12663755458515283,True,87,417,183,0.4222222222222222,True,228,270,42,0.0,0.0,0.0
10384,10384.png,zero,0.0,0,3009,3009,0,0.0,True,0,165,0,0.0,True,0,165,0,0.0,True,0,165,0,0.0,True,0,165,0,0.0,0.0,0.0
10385,10385.png,2_4,0.6822204344328238,848,1243,1160,931,0.27638190954773867,True,110,145,143,0.9882352941176471,True,252,2,1,1.0,True,253,0,0,1.0,True,253,0,0,1.0,1.0,1.0
10386,10386.png,16_32,0.7998068432671082,5797,7248,6458,6587,0.09962406015037593,True,53,206,273,0.49230769230769234,True,192,64,134,0.7891566265060241,True,262,6,64,0.8680981595092024,True,283,0,43,1.0,0.9941690962099126,0.9970760233918129
10387,10387.png,8_16,0.7383051860708414,4940,6691,5661,5970,0.05714285714285714,True,36,191,403,0.29343629343629346,True,152,79,287,0.391304347826087,True,189,44,250,0.6152125279642058,True,275,8,164,1.0,0.9957537154989384,0.997872340425532
10388,10388.png,zero,1.0,0,0,0,0,1.0,True,0,0,0,1.0,True,0,0,0,1.0,True,0,0,0,1.0,True,0,0,0,0.0,0.0,0.0
10389,10389.png,8_16,0.5524079320113314,2730,4942,3824,3848,0.0410958904109589,True,21,162,328,0.2677725118483412,True,113,73,236,0.37817258883248733,True,149,45,200,0.5650969529085873,True,204,12,145,1.0,1.0,1.0
10390,10390.png,8_16,0.5327722519765365,2089,3921,2353,3657,0.13024282560706402,True,59,207,187,0.60062893081761,True,191,72,55,0.711864406779661,True,210,49,36,0.9045801526717557,True,237,16,9,1.0,1.0,1.0
10391,10391.png,8_16,0.3676889029402466,1163,3163,2878,1448,0.03293413173652695,True,11,220,103,0.18556701030927836,True,54,177,60,0.3877551020408163,True,95,131,19,0.4225941422594142,True,101,125,13,0.0,1.0,0.0
10392,10392.png,zero,1.0,0,0,0,0,1.0,True,0,0,0,1.0,True,0,0,0,1.0,True,0,0,0,1.0,True,0,0,0,0.0,0.0,0.0
10393,10393.png,8_16,0.667625071880391,1161,1739,1615,1285,0.12083333333333333,True,29,87,124,0.4114583333333333,True,79,39,74,0.8366013071895425,True,128,0,25,0.9215686274509803,True,141,0,12,1.0,1.0,1.0
10394,10394.png,0_2,0.4170124481327801,402,964,792,574,0.43948126801152737,True,305,157,232,0.8462929475587704,True,468,16,69,0.8870673952641166,True,487,12,50,0.9284403669724771,True,506,8,31,0.9714912280701754,1.0,0.9855394883203559
10395,10395.png,thick,0.5974056419473314,7645,12797,12317,8125,0.021568627450980392,True,11,278,221,0.09957627118644068,True,47,240,185,0.18620689655172415,True,81,203,151,0.39617486338797814,True,145,134,87,0.0,0.0,0.0
10396,10396.png,8_16,0.5987780040733197,3528,5892,5057,4363,0.0907258064516129,True,45,213,238,0.45528455284552843,True,168,86,115,0.6942675159235668,True,218,31,65,0.8247422680412371,True,240,8,43,1.0,1.0,1.0
10397,10397.png,16_32,0.8185351882160393,8002,9776,9482,8296,0.09335443037974683,True,59,294,279,0.43568464730290457,True,210,144,128,0.6032482598607889,True,260,93,78,0.6862745098039216,True,280,70,58,1.0,0.9828080229226361,0.9913294797687862
10398,10398.png,zero,1.0,0,0,0,0,1.0,True,0,0,0,1.0,True,0,0,0,1.0,True,0,0,0,1.0,True,0,0,0,0.0,0.0,0.0
10399,10399.png,4_8,0.8337692531240918,2869,3441,3177,3133,0.31762652705061084,True,182,204,187,0.8480392156862745,True,346,39,23,0.9401041666666666,True,361,15,8,0.9892761394101877,True,369,4,0,1.0,1.0,1.0
10400,10400.png,thick,0.7718242459396751,10645,13792,13172,11265,0.03680981595092025,True,18,228,243,0.31088082901554404,True,120,125,141,0.5301204819277109,True,176,71,85,0.75,True,219,31,42,1.0,1.0,1.0
10401,10401.png,2_4,0.5080058224163028,698,1374,1157,915,0.2687651331719128,True,111,134,168,0.7849829351535836,True,230,14,49,0.8268551236749117,True,234,4,45,0.8566308243727598,True,239,0,40,1.0,0.7802197802197802,0.8765432098765432
10402,10402.png,16_32,0.24535409342039177,1954,7964,6879,3039,0.002304147465437788,True,1,247,186,0.016355140186915886,True,7,241,180,0.04295942720763723,True,18,232,169,0.09181141439205956,True,37,216,150,0.0,0.0,0.0
10403,10403.png,zero,1.0,0,0,0,0,1.0,True,0,0,0,1.0,True,0,0,0,1.0,True,0,0,0,1.0,True,0,0,0,0.0,0.0,0.0
10404,10404.png,zero,1.0,0,0,0,0,1.0,True,0,0,0,1.0,True,0,0,0,1.0,True,0,0,0,1.0,True,0,0,0,0.0,0.0,0.0
10405,10405.png,8_16,0.7848373896187809,7288,9286,8514,8060,0.03979591836734694,True,39,211,730,0.1651685393258427,True,147,121,622,0.32138442521631644,True,260,40,509,0.5305591677503251,True,408,0,361,1.0,0.986404833836858,0.9931558935361215
10406,10406.png,0_2,0.5904954499494439,584,989,872,701,0.5243101182654402,True,399,183,179,0.9380234505862647,True,560,19,18,0.979381443298969,True,570,4,8,0.9948364888123924,True,578,3,0,0.9895652173913043,1.0,0.9947552447552448
10407,10407.png,0_2,0.6724565756823822,542,806,747,601,0.6080645161290322,True,377,117,126,0.9702970297029703,True,490,2,13,0.9781746031746031,True,493,1,10,0.9880715705765407,True,497,0,6,0.9959016393442623,1.0,0.997946611909651
10408,10408.png,16_32,0.6512200582046116,5818,8934,8636,6116,0.021505376344086023,True,12,284,262,0.2882882882882883,True,128,170,146,0.6112676056338028,True,217,81,57,0.958041958041958,True,274,12,0,1.0,1.0,1.0
10409,10409.png,16_32,0.8102517162471395,8852,10925,9589,10188,0.05089820359281437,True,34,292,342,0.4506172839506173,True,219,110,157,0.6496519721577726,True,280,55,96,0.8618925831202046,True,337,15,39,1.0,1.0,1.0
10410,10410.png,thick,0.8856736855703398,13712,15482,15176,14018,0.046242774566473986,True,24,208,287,0.3180722891566265,True,132,104,179,0.5393258426966292,True,192,45,119,0.6468842729970327,True,218,26,93,1.0,1.0,1.0
10411,10411.png,4_8,0.610249177244946,1298,2127,1809,1616,0.2047930283224401,True,94,241,124,0.47989276139410186,True,179,155,39,0.5295774647887324,True,188,137,30,0.5747800586510264,True,196,123,22,0.7302052785923754,1.0,0.8440677966101695
10412,10412.png,16_32,0.5726575942437041,7322,12786,9933,10175,0.019079685746352413,True,17,437,437,0.12192118226600986,True,99,358,355,0.30979827089337175,True,215,240,239,0.6013745704467354,True,350,128,104,0.0,0.0,0.0
10413,10413.png,2_4,0.4586513994910941,721,1572,1099,1194,0.24777183600713013,True,139,161,261,0.6895734597156398,True,291,22,109,0.7469879518072289,True,310,15,90,0.8235294117647058,True,336,8,64,1.0,0.957286432160804,0.9781771501925546
10414,10414.png,16_32,0.7851431133697033,10506,13381,12050,11837,0.05689900426742532,True,40,292,371,0.33989266547406083,True,190,148,221,0.5140562248995983,True,256,87,155,0.7431818181818182,True,327,29,84,1.0,1.0,1.0
10415,10415.png,8_16,0.8512053200332502,3072,3609,3388,3293,0.3894523326572008,True,192,148,153,0.9686609686609686,True,340,6,5,0.9827586206896551,True,342,3,3,1.0,True,345,0,0,1.0,1.0,1.0
10416,10416.png,zero,1.0,0,0,0,0,1.0,True,0,0,0,1.0,True,0,0,0,1.0,True,0,0,0,1.0,True,0,0,0,0.0,0.0,0.0
10417,10417.png,8_16,0.40714285714285714,1026,2520,2369,1177,0.041666666666666664,True,10,117,113,0.1761904761904762,True,37,87,86,0.4502923976608187,True,77,48,46,0.6866666666666666,True,103,27,20,1.0,1.0,1.0
10418,10418.png,thick,0.3416131128601343,4731,13849,8283,10297,0.01692047377326565,True,10,314,267,0.1033210332103321,True,56,265,221,0.20079522862823063,True,101,226,176,0.28969957081545067,True,135,189,142,0.2857142857142857,0.0,0.0
10419,10419.png,16_32,0.5339599509603596,6533,12235,7136,11632,0.036241610738255034,True,27,309,409,0.16090225563909774,True,107,229,329,0.3281519861830743,True,190,143,246,0.63125,True,303,44,133,1.0,0.9533333333333334,0.9761092150170648
10420,10420.png,8_16,0.6144805571677308,4235,6892,6062,5065,0.032,True,24,382,344,0.4450651769087523,True,239,169,129,0.6129707112970711,True,293,110,75,0.8655256723716381,True,354,41,14,1.0,1.0,1.0
10421,10421.png,2_4,0.5020842982862437,1084,2159,1562,1681,0.16981132075471697,True,108,184,344,0.6244635193133047,True,291,14,161,0.7214912280701754,True,329,4,123,0.7809734513274337,True,353,0,99,1.0,0.9104803493449781,0.9531428571428572
10422,10422.png,16_32,0.9175292720176481,5407,5893,5546,5754,0.3609467455621302,True,122,93,123,0.7471698113207547,True,198,20,47,0.9142857142857143,True,224,0,21,0.9673469387755103,True,237,0,8,1.0,1.0,1.0
10423,10423.png,0_2,0.6588235294117647,672,1020,895,797,0.6,True,504,164,172,0.9766081871345029,True,668,8,8,0.9985228951255539,True,676,1,0,1.0,True,676,0,0,0.9984848484848485,1.0,0.9992418498862775
10424,10424.png,thick,0.7480477605924731,14848,19849,16549,18148,0.013993541442411194,True,13,431,485,0.13493975903614458,True,112,332,386,0.2837653478854025,True,208,235,290,0.7019748653500898,True,391,59,107,0.24130434782608695,0.21052631578947367,0.2248670549506204
10425,10425.png,zero,1.0,0,0,0,0,1.0,True,0,0,0,1.0,True,0,0,0,1.0,True,0,0,0,1.0,True,0,0,0,0.0,0.0,0.0
10426,10426.png,zero,1.0,0,0,0,0,1.0,True,0,0,0,1.0,True,0,0,0,1.0,True,0,0,0,1.0,True,0,0,0,0.0,0.0,0.0
10427,10427.png,zero,1.0,0,0,0,0,1.0,True,0,0,0,1.0,True,0,0,0,1.0,True,0,0,0,1.0,True,0,0,0,0.0,0.0,0.0
10428,10428.png,4_8,0.8984208279982928,2105,2343,2182,2266,0.5812133072407045,True,297,107,107,1.0,True,404,0,0,1.0,True,404,0,0,1.0,True,404,0,0,1.0,1.0,1.0
10429,10429.png,4_8,0.39182939362795477,1525,3892,3616,1801,0.08506616257088846,True,45,203,281,0.4732824427480916,True,186,67,140,0.6498599439775911,True,232,31,94,0.8654434250764526,True,283,1,43,1.0,0.9365558912386707,0.9672386895475819
10430,10430.png,4_8,0.660427807486631,741,1122,905,958,0.29457364341085274,True,76,96,86,0.9248554913294798,True,160,11,2,0.9585798816568047,True,162,7,0,0.9818181818181818,True,162,3,0,1.0,1.0,1.0
10431,10431.png,zero,1.0,0,0,0,0,1.0,True,0,0,0,1.0,True,0,0,0,1.0,True,0,0,0,1.0,True,0,0,0,0.0,0.0,0.0
10432,10432.png,16_32,0.6193136472466081,4656,7518,6085,6089,0.014028056112224449,True,7,245,247,0.19811320754716982,True,84,170,170,0.33858267716535434,True,129,127,125,0.9348659003831418,True,244,7,10,1.0,1.0,1.0
10433,10433.png,zero,1.0,0,0,0,0,1.0,True,0,0,0,1.0,True,0,0,0,1.0,True,0,0,0,1.0,True,0,0,0,0.0,0.0,0.0
10434,10434.png,16_32,0.6521403183433782,4220,6471,5503,5188,0.02666666666666667,True,14,239,272,0.33663366336633666,True,136,118,150,0.5714285714285714,True,196,57,90,0.8571428571428571,True,252,8,34,1.0,1.0,1.0
10435,10435.png,thick,0.773007998380075,7635,9877,9035,8477,0.05580357142857143,True,25,211,212,0.27837837837837837,True,103,133,134,0.4735202492211838,True,152,84,85,0.6338983050847458,True,187,58,50,0.0,0.0,0.0
10436,10436.png,16_32,0.7562642369020501,3652,4829,4017,4464,0.04857142857142857,True,17,145,188,0.33214285714285713,True,93,75,112,0.47244094488188976,True,120,49,85,0.6860986547085202,True,153,18,52,1.0,1.0,1.0
10437,10437.png,8_16,0.7566317838890241,3109,4109,3241,3977,0.3632075471698113,True,154,117,153,0.79375,True,254,13,53,0.8553054662379421,True,266,4,41,0.8859934853420195,True,272,0,35,1.0,1.0,1.0
10438,10438.png,16_32,0.6044253226797788,4917,8135,7145,5907,0.02197802197802198,True,12,274,260,0.18471337579617833,True,87,199,185,0.40759493670886077,True,161,123,111,0.7571884984025559,True,237,41,35,0.9790209790209791,1.0,0.989399293286219
10439,10439.png,zero,1.0,0,0,0,0,1.0,True,0,0,0,1.0,True,0,0,0,1.0,True,0,0,0,1.0,True,0,0,0,0.0,0.0,0.0
10440,10440.png,zero,1.0,0,0,0,0,1.0,True,0,0,0,1.0,True,0,0,0,1.0,True,0,0,0,1.0,True,0,0,0,0.0,0.0,0.0
10441,10441.png,8_16,0.5827439886845828,2472,4242,2495,4219,0.17235188509874327,True,96,185,276,0.7064935064935065,True,272,13,100,0.7712765957446809,True,290,4,82,0.8333333333333334,True,310,0,62,1.0,1.0,1.0
10442,10442.png,8_16,0.8498090793381418,2003,2357,2076,2284,0.42857142857142855,True,150,102,98,0.992,True,248,2,0,1.0,True,248,0,0,1.0,True,248,0,0,1.0,1.0,1.0
10443,10443.png,zero,1.0,0,0,0,0,1.0,True,0,0,0,1.0,True,0,0,0,1.0,True,0,0,0,1.0,True,0,0,0,0.0,0.0,0.0
10444,10444.png,8_16,0.17034521788341822,602,3534,1753,2383,0.021834061135371178,True,10,171,277,0.22077922077922077,True,85,98,202,0.3171428571428571,True,111,63,176,0.4797507788161994,True,154,34,133,0.7628865979381443,0.14982578397212543,0.25046243457042777
10445,10445.png,thick,0.487087455134378,5564,11423,7376,9611,0.008620689655172414,True,5,290,285,0.07339449541284404,True,40,255,250,0.1324376199616123,True,69,231,221,0.2222222222222222,True,108,196,182,0.0,0.0,0.0
10446,10446.png,8_16,0.6862148679888064,5640,8219,7559,6300,0.027777777777777776,True,19,295,370,0.2597864768683274,True,146,173,243,0.6076233183856502,True,271,57,118,0.875,True,343,3,46,1.0,1.0,1.0
10447,10447.png,zero,1.0,0,0,0,0,1.0,True,0,0,0,1.0,True,0,0,0,1.0,True,0,0,0,1.0,True,0,0,0,0.0,0.0,0.0
10448,10448.png,16_32,0.690446260213702,6591,9546,8652,7485,0.05856515373352855,True,40,317,326,0.2926391382405745,True,163,191,203,0.6789838337182448,True,294,67,72,0.9267015706806283,True,354,16,12,1.0,1.0,1.0
10449,10449.png,thick,0.7170259293970634,11476,16005,11763,15718,0.03640256959314775,True,17,202,248,0.14928909952606634,True,63,157,202,0.3936781609195402,True,137,83,128,0.7157894736842105,True,204,20,61,1.0,1.0,1.0
10450,10450.png,zero,1.0,0,0,0,0,1.0,True,0,0,0,1.0,True,0,0,0,1.0,True,0,0,0,1.0,True,0,0,0,0.0,0.0,0.0
10451,10451.png,8_16,0.44280323450134773,4107,9275,8059,5323,0.026200873362445413,True,18,347,322,0.15270935960591134,True,93,269,247,0.29831144465290804,True,159,193,181,0.6291079812206573,True,268,86,72,1.0,0.9549295774647887,0.9769452449567723
10452,10452.png,4_8,0.3328030544066179,1046,3143,2654,1535,0.09565217391304348,True,66,437,187,0.4391634980988593,True,231,273,22,0.49603174603174605,True,250,251,3,0.501984126984127,True,253,251,0,0.5,1.0,0.6666666666666666
10453,10453.png,zero,1.0,0,0,0,0,1.0,True,0,0,0,1.0,True,0,0,0,1.0,True,0,0,0,1.0,True,0,0,0,0.0,0.0,0.0
10454,10454.png,8_16,0.48581484641638223,4555,9376,9098,4833,0.03962264150943396,True,21,235,274,0.18162393162393162,True,85,173,210,0.37037037037037035,True,150,110,145,0.7303030303030303,True,241,35,54,0.0,0.0,0.0
10455,10455.png,8_16,0.44385285575992256,917,2066,1943,1040,0.05291005291005291,True,10,101,78,0.3586206896551724,True,52,57,36,0.6178861788617886,True,76,35,12,0.6779661016949152,True,80,30,8,0.8448275862068966,0.9893617021276596,0.9114000000000001
10456,10456.png,8_16,0.747130206625123,2278,3049,2603,2724,0.08685968819599109,True,39,200,210,0.6324503311258278,True,191,53,58,0.9799196787148594,True,244,0,5,1.0,True,249,0,0,1.0,1.0,1.0
10457,10457.png,8_16,0.0,0,5072,2555,2517,0.0,True,0,68,194,0.0,True,0,68,194,0.0,True,0,68,194,0.0,True,0,68,194,0.0,0.0,0.0
10458,10458.png,zero,1.0,0,0,0,0,1.0,True,0,0,0,1.0,True,0,0,0,1.0,True,0,0,0,1.0,True,0,0,0,0.0,0.0,0.0
10459,10459.png,2_4,0.5956354300385109,928,1558,1290,1196,0.22568093385214008,True,116,196,202,0.9090909090909091,True,300,12,18,0.9596273291925466,True,309,4,9,1.0,True,318,0,0,1.0,1.0,1.0
10460,10460.png,thick,0.8480421387398132,8533,10062,8993,9602,0.057692307692307696,True,27,222,219,0.375,True,135,114,111,0.7429577464788732,True,211,38,35,0.956,True,239,4,7,1.0,0.98046875,0.9901380670611439
10461,10461.png,2_4,0.36858475894245724,474,1286,827,933,0.263681592039801,True,106,75,221,0.5103244837758112,True,173,12,154,0.5368731563421829,True,182,12,145,0.5811209439528023,True,197,12,130,0.9382022471910112,1.0,0.9681159420289854
10462,10462.png,16_32,0.6043040610898993,1741,2881,2527,2095,0.016853932584269662,True,3,104,71,0.14743589743589744,True,23,82,51,0.20945945945945946,True,31,74,43,0.5877192982456141,True,67,40,7,0.6347826086956522,1.0,0.7765957446808511
10463,10463.png,thick,0.443210775391336,4870,10988,5898,9960,0.0,True,0,195,252,0.04439252336448598,True,19,176,233,0.09024390243902439,True,37,158,215,0.17150395778364116,True,65,127,187,0.0,0.0,0.0
10464,10464.png,thick,0.6272006044578768,8301,13235,8583,12953,0.0338409475465313,True,20,237,334,0.13382899628252787,True,72,184,282,0.31521739130434784,True,145,106,209,0.5365239294710328,True,213,43,141,1.0,1.0,1.0
10465,10465.png,8_16,0.4801819363222872,1478,3078,2319,2237,0.04522613065326633,True,18,180,200,0.2652439024390244,True,87,110,131,0.43356643356643354,True,124,68,94,0.8495575221238938,True,192,8,26,1.0,1.0,1.0
10466,10466.png,16_32,0.6526343427271136,7457,11426,8804,10079,0.04911323328785812,True,36,282,415,0.2561174551386623,True,157,162,294,0.4359925788497217,True,235,88,216,0.7554585152838428,True,346,7,105,1.0,0.9828326180257511,0.9913419913419913
10467,10467.png,16_32,0.8208909837311844,5399,6577,6346,5630,0.10730593607305935,True,47,193,198,0.6462585034013606,True,190,49,55,0.9397590361445783,True,234,4,11,0.9959183673469387,True,244,0,1,1.0,1.0,1.0
10468,10468.png,16_32,0.8602825745682888,6028,7007,6287,6748,0.0755813953488372,True,39,242,235,0.5919540229885057,True,206,74,68,0.7827476038338658,True,245,39,29,0.8543046357615894,True,258,28,16,1.0,1.0,1.0
10469,10469.png,4_8,0.3402802730865972,947,2783,1278,2452,0.09978768577494693,True,47,165,259,0.42191780821917807,True,154,59,152,0.5227272727272727,True,184,46,122,0.6162790697674418,True,212,38,94,0.8173076923076923,0.37694704049844235,0.5159397025257719
10470,10470.png,8_16,0.3786826347305389,1581,4175,4167,1589,0.032490974729241874,True,9,133,135,0.0830188679245283,True,22,121,122,0.10305343511450382,True,27,118,117,0.48205128205128206,True,94,51,50,1.0,1.0,1.0
10471,10471.png,16_32,0.6842656296739456,9150,13372,11077,11445,0.046706586826347304,True,39,266,530,0.16666666666666666,True,125,181,444,0.2761627906976744,True,190,119,379,0.4805414551607445,True,284,22,285,1.0,0.7,0.8235294117647058
10472,10472.png,4_8,0.2667844522968198,302,1132,899,535,0.06532663316582915,True,13,124,62,0.27710843373493976,True,46,91,29,0.46258503401360546,True,68,72,7,0.5434782608695652,True,75,63,0,0.5373134328358209,1.0,0.6990291262135923
10473,10473.png,2_4,0.3495174027493419,1195,3419,2196,2418,0.13679245283018868,True,145,416,499,0.5830065359477125,True,446,121,198,0.6469002695417789,True,480,98,164,0.6805929919137467,True,505,98,139,0.8061041292639138,0.7627906976744186,0.7838495233735889
10474,10474.png,8_16,0.4065573770491803,372,915,469,818,0.03125,True,4,71,53,0.5057471264367817,True,44,30,13,0.7638888888888888,True,55,15,2,0.8507462686567164,True,57,10,0,0.8783783783783784,1.0,0.935251798561151
10475,10475.png,zero,1.0,0,0,0,0,1.0,True,0,0,0,1.0,True,0,0,0,1.0,True,0,0,0,1.0,True,0,0,0,0.0,0.0,0.0
10476,10476.png,4_8,0.5209302325581395,1344,2580,2026,1898,0.026845637583892617,True,12,207,228,0.4166666666666667,True,135,84,105,0.6911764705882353,True,188,32,52,0.8785425101214575,True,217,7,23,0.9502262443438914,1.0,0.974477958236659
10477,10477.png,8_16,0.6275303643724697,1240,1976,1579,1637,0.09053497942386832,True,22,122,99,0.5321637426900585,True,91,50,30,0.7862068965517242,True,114,24,7,0.9076923076923077,True,118,9,3,1.0,0.9722222222222222,0.9859154929577464
10478,10478.png,16_32,0.4769206323985064,6003,12587,9421,9169,0.022035676810073453,True,21,426,506,0.08333333333333333,True,75,373,452,0.1820388349514563,True,150,297,377,0.49363057324840764,True,310,101,217,1.0,0.46113074204946997,0.6311970979443773
10479,10479.png,2_4,0.7857142857142857,638,812,744,706,0.3978494623655914,True,111,74,94,0.9121951219512195,True,187,0,18,0.9317073170731708,True,191,0,14,0.9317073170731708,True,191,0,14,1.0,0.9313725490196079,0.9644670050761421
10480,10480.png,thick,0.7102360526456013,13329,18767,13432,18664,0.08544303797468354,True,54,318,260,0.3255360623781676,True,167,199,147,0.4154488517745303,True,199,165,115,0.5943396226415094,True,252,110,62,1.0,1.0,1.0
10481,10481.png,16_32,0.6806665300826333,9967,14643,12233,12377,0.04778453518679409,True,55,530,566,0.30735930735930733,True,284,303,337,0.5901426718547341,True,455,150,166,0.878234398782344,True,577,36,44,1.0,1.0,1.0
10482,10482.png,16_32,0.7205742922931058,5320,7383,6777,5926,0.05442176870748299,True,32,286,270,0.35964912280701755,True,164,154,138,0.6495956873315364,True,241,69,61,0.8981481481481481,True,291,22,11,1.0,1.0,1.0
10483,10483.png,2_4,0.3639322916666667,559,1536,1473,622,0.1486810551558753,True,62,187,168,0.8120300751879699,True,216,36,14,0.8871595330739299,True,228,27,2,0.9090909090909091,True,230,23,0,0.8464566929133859,1.0,0.9168443496801706
10484,10484.png,8_16,0.6224256292906178,2720,4370,3322,3768,0.0262582056892779,True,12,185,260,0.2388451443569554,True,91,109,181,0.535483870967742,True,166,38,106,0.8125,True,221,0,51,1.0,1.0,1.0
10485,10485.png,zero,1.0,0,0,0,0,1.0,True,0,0,0,1.0,True,0,0,0,1.0,True,0,0,0,1.0,True,0,0,0,0.0,0.0,0.0
10486,10486.png,2_4,0.3473684210526316,330,950,755,525,0.10424710424710425,True,27,91,141,0.45918367346938777,True,90,28,78,0.5531914893617021,True,104,20,64,0.7426900584795322,True,127,3,41,1.0,0.8333333333333334,0.9090909090909091
10487,10487.png,thick,0.775348362977229,13688,17654,15353,15989,0.0353356890459364,True,30,474,345,0.20383036935704515,True,149,356,226,0.4032,True,252,250,123,0.6160877513711152,True,337,172,38,1.0,1.0,1.0
10488,10488.png,16_32,0.4508768942618764,2648,5873,3780,4741,0.06560636182902585,True,33,221,249,0.3292079207920792,True,133,122,149,0.3984375,True,153,102,129,0.6615384615384615,True,215,43,67,1.0,1.0,1.0
10489,10489.png,4_8,0.4263479710950528,767,1799,1077,1489,0.1279527559055118,True,65,185,258,0.7245508982035929,True,242,11,81,0.7993827160493827,True,259,1,64,0.8730650154798761,True,282,0,41,1.0,0.9457831325301205,0.9721362229102167
10490,10490.png,8_16,0.0325718163311468,144,4421,251,4314,0.011799410029498525,True,4,44,291,0.071875,True,23,25,272,0.10158730158730159,True,32,20,263,0.13548387096774195,True,42,15,253,0.275,0.0,0.0
10491,10491.png,16_32,0.12488745980707396,971,7775,2837,5909,0.024070021881838075,True,11,158,288,0.0683371298405467,True,30,140,269,0.1056338028169014,True,45,127,254,0.3324022346368715,True,119,59,180,0.0,0.0,0.0
10492,10492.png,16_32,0.6252349329657938,4990,7981,7287,5684,0.027237354085603113,True,14,224,276,0.21100917431192662,True,92,146,198,0.3900523560209424,True,149,92,141,0.6875,True,220,30,70,0.0,0.0,0.0
10493,10493.png,8_16,0.8227056019070322,2761,3356,2803,3314,0.3785425101214575,True,187,157,150,0.9568965517241379,True,333,11,4,0.9825072886297376,True,337,6,0,1.0,True,337,0,0,1.0,1.0,1.0
10494,10494.png,4_8,0.32305237968625367,2430,7522,6436,3516,0.029661016949152543,True,28,447,469,0.181044957472661,True,149,326,348,0.35694444444444445,True,257,223,240,0.7459749552772809,True,417,62,80,0.8004115226337448,0.6067864271457086,0.69027793586724
10495,10495.png,8_16,0.5225332324651465,4835,9253,7645,6443,0.04353083434099154,True,36,372,419,0.2713864306784661,True,184,223,271,0.4757785467128028,True,275,123,180,0.7588357588357588,True,365,26,90,0.9828009828009828,0.844017094017094,0.908137312660756
10496,10496.png,16_32,0.6062557497700092,5931,9783,8283,7431,0.039780521262002745,True,29,353,347,0.18012422360248448,True,116,268,260,0.4077490774907749,True,221,166,155,0.8960396039603961,True,362,28,14,1.0,1.0,1.0
10497,10497.png,thick,0.701499594704134,10385,14804,10631,14558,0.010893246187363835,True,5,246,208,0.06712962962962964,True,29,219,184,0.206266318537859,True,79,170,134,0.8818565400843882,True,209,24,4,0.0,0.0,0.0
10498,10498.png,8_16,0.6937547027840482,2766,3987,3826,2927,0.07929515418502203,True,36,170,248,0.4339080459770115,True,151,64,133,0.6831683168316832,True,207,19,77,0.9084507042253521,True,258,0,26,1.0,1.0,1.0
10499,10499.png,2_4,0.5272895467160037,570,1081,991,660,0.291005291005291,True,110,149,119,0.8754863813229572,True,225,28,4,0.9011857707509882,True,228,24,1,0.916,True,229,21,0,1.0,1.0,1.0
10500,10500.png,16_32,0.614702154626109,5335,8679,7321,6693,0.0497131931166348,True,26,235,262,0.14107883817427386,True,68,194,220,0.2887323943661972,True,123,138,165,0.455026455026455,True,172,90,116,1.0,1.0,1.0
10501,10501.png,4_8,0.6543317370483239,1503,2297,1758,2042,0.20518358531317496,True,95,191,177,0.767515923566879,True,241,42,31,0.8283828382838284,True,251,31,21,0.9963369963369964,True,272,1,0,0.9755244755244755,1.0,0.9876106194690266
10502,10502.png,4_8,0.4055258467023173,910,2244,1213,1941,0.10021321961620469,True,47,180,242,0.5236686390532544,True,177,49,112,0.598159509202454,True,195,37,94,0.6875,True,220,31,69,0.831858407079646,0.8969072164948454,0.8631590057522824
10503,10503.png,thick,0.20822676896845696,1954,9384,3970,7368,0.0,True,0,213,221,0.0,True,0,213,221,0.0023094688221709007,True,1,212,220,0.03800475059382423,True,16,200,205,0.0,0.0,0.0
10504,10504.png,2_4,0.610636277302944,643,1053,1009,687,0.41543026706231456,True,140,107,90,0.9274193548387096,True,230,18,0,0.9465020576131687,True,230,13,0,0.9787234042553191,True,230,5,0,1.0,1.0,1.0
10505,10505.png,8_16,0.9211663066954644,3412,3704,3496,3620,0.4375,True,175,94,131,0.8476190476190476,True,267,9,39,0.8881789137380192,True,278,7,28,0.9449838187702265,True,292,3,14,1.0,1.0,1.0
10506,10506.png,2_4,0.2357779300891021,344,1459,1261,542,0.0851063829787234,True,32,150,194,0.42857142857142855,True,123,61,103,0.6612244897959184,True,162,19,64,0.7292576419213974,True,167,3,59,1.0,0.7309417040358744,0.8445595854922279
10507,10507.png,zero,1.0,0,0,0,0,1.0,True,0,0,0,1.0,True,0,0,0,1.0,True,0,0,0,1.0,True,0,0,0,0.0,0.0,0.0
10508,10508.png,16_32,0.9195267658428019,7850,8537,8467,7920,0.4190938511326861,True,259,179,180,0.9126637554585153,True,418,19,21,0.9333333333333333,True,420,11,19,0.9548532731376975,True,423,4,16,1.0,1.0,1.0
10509,10509.png,4_8,0.6052508204406939,1291,2133,2133,1291,0.28780487804878047,True,118,135,157,0.797979797979798,True,237,22,38,0.9530685920577617,True,264,2,11,1.0,True,275,0,0,1.0,1.0,1.0
10510,10510.png,zero,1.0,0,0,0,0,1.0,True,0,0,0,1.0,True,0,0,0,1.0,True,0,0,0,1.0,True,0,0,0,0.0,0.0,0.0
10511,10511.png,16_32,0.8099884452432918,6309,7789,7584,6514,0.04482758620689655,True,26,244,310,0.3752808988764045,True,167,109,169,0.7758620689655172,True,270,12,66,0.9017857142857143,True,303,0,33,1.0,1.0,1.0
10512,10512.png,16_32,0.6890744409849986,4869,7066,6633,5302,0.03171641791044776,True,17,227,292,0.2017353579175705,True,93,152,216,0.44559585492227977,True,172,77,137,0.8338658146964856,True,261,4,48,1.0,1.0,1.0
10513,10513.png,zero,1.0,0,0,0,0,1.0,True,0,0,0,1.0,True,0,0,0,1.0,True,0,0,0,1.0,True,0,0,0,0.0,0.0,0.0
10514,10514.png,8_16,0.43353420772775614,1223,2821,2549,1495,0.003875968992248062,True,1,167,90,0.1148936170212766,True,27,144,64,0.30256410256410254,True,59,104,32,0.4968152866242038,True,78,66,13,0.0,0.0,0.0
10515,10515.png,16_32,0.7441316665167731,8274,11119,9491,9902,0.019021739130434784,True,14,295,427,0.10682492581602374,True,72,233,369,0.25333333333333335,True,152,159,289,0.6420824295010846,True,296,20,145,1.0,0.8425720620842572,0.914560770156438
10516,10516.png,16_32,0.5792196109299449,5151,8893,7648,6396,0.03327495621716287,True,19,256,296,0.2151639344262295,True,105,173,210,0.3813953488372093,True,164,115,151,0.6940509915014165,True,245,38,70,1.0,0.8417721518987342,0.9140893470790378
10517,10517.png,16_32,0.6554005722460658,3665,5592,4495,4762,0.049783549783549784,True,23,221,218,0.3064516129032258,True,114,131,127,0.6678082191780822,True,195,51,46,1.0,True,241,0,0,1.0,1.0,1.0
10518,10518.png,zero,1.0,0,0,0,0,1.0,True,0,0,0,1.0,True,0,0,0,1.0,True,0,0,0,1.0,True,0,0,0,0.0,0.0,0.0
10519,10519.png,zero,1.0,0,0,0,0,1.0,True,0,0,0,1.0,True,0,0,0,1.0,True,0,0,0,1.0,True,0,0,0,0.0,0.0,0.0
10520,10520.png,16_32,0.5900216919739696,4352,7376,4917,6811,0.028070175438596492,True,16,230,324,0.1827309236947791,True,91,158,249,0.42206235011990406,True,176,77,164,0.7318435754189944,True,262,18,78,0.0,0.0,0.0
10521,10521.png,2_4,0.4845758354755784,754,1556,1388,922,0.16082474226804125,True,78,193,214,0.75625,True,242,28,50,0.87248322147651,True,260,6,32,0.9075342465753424,True,265,0,27,1.0,0.9143835616438356,0.9552772808586762
10522,10522.png,0_2,0.48498546980949303,1502,3097,2120,2479,0.3913942904426976,True,946,570,901,0.834475487612019,True,1583,50,264,0.9041755888650964,True,1689,21,158,0.9529983792544571,True,1764,4,83,0.9765100671140939,1.0,0.9881154499151102
10523,10523.png,4_8,0.6598493003229279,1226,1858,1843,1241,0.2881773399014778,True,117,139,150,0.9163636363636364,True,252,8,15,0.996268656716418,True,267,1,0,1.0,True,267,0,0,1.0,1.0,1.0
10524,10524.png,16_32,0.7247929858743303,5952,8212,7100,7064,0.04040404040404041,True,16,173,207,0.14681440443213298,True,53,138,170,0.2791411042944785,True,91,103,132,0.5441176470588235,True,148,49,75,1.0,1.0,1.0
10525,10525.png,16_32,0.4833543278747526,2686,5557,3058,5185,0.06476683937823834,True,25,135,226,0.21238938053097345,True,72,88,179,0.35451505016722407,True,106,48,145,0.5054945054945055,True,138,22,113,0.5795454545454546,0.0,0.0
10526,10526.png,0_2,0.5916666666666667,639,1080,892,827,0.5422943221320974,True,468,181,214,0.9144079885877318,True,641,19,41,0.9579710144927536,True,661,8,21,0.9724238026124818,True,670,7,12,0.9811912225705329,1.0,0.990506329113924
10527,10527.png,zero,1.0,0,0,0,0,1.0,True,0,0,0,1.0,True,0,0,0,1.0,True,0,0,0,1.0,True,0,0,0,0.0,0.0,0.0
10528,10528.png,zero,1.0,0,0,0,0,1.0,True,0,0,0,1.0,True,0,0,0,1.0,True,0,0,0,1.0,True,0,0,0,0.0,0.0,0.0
10529,10529.png,8_16,0.5560439560439561,759,1365,1109,1015,0.07179487179487179,True,14,74,107,0.3333333333333333,True,53,38,68,0.728,True,91,4,30,0.9421487603305785,True,114,0,7,1.0,1.0,1.0
10530,10530.png,4_8,0.42022116903633494,532,1266,1104,694,0.1585014409221902,True,55,198,94,0.5287356321839081,True,138,112,11,0.5936254980079682,True,149,102,0,0.6056910569105691,True,149,97,0,0.9397590361445783,1.0,0.9689440993788819
10531,10531.png,8_16,0.19950124688279303,320,1604,904,1020,0.02185792349726776,True,4,96,83,0.14634146341463414,True,24,77,63,0.18125,True,29,73,58,0.2848101265822785,True,45,71,42,0.23,0.0,0.0
10532,10532.png,16_32,0.6572388686642398,4694,7142,6189,5647,0.043478260869565216,True,23,239,267,0.27713625866050806,True,120,143,170,0.45144356955380577,True,172,91,118,0.89419795221843,True,262,3,28,1.0,1.0,1.0
10533,10533.png,4_8,0.6445698166431594,1371,2127,1424,2074,0.36,True,135,110,130,0.8105263157894737,True,231,20,34,0.8586572438162544,True,243,18,22,0.9181494661921709,True,258,16,7,0.9367588932806324,1.0,0.9673469387755103
10534,10534.png,4_8,0.3485838779956427,640,1836,1510,966,0.08624708624708624,True,37,197,195,0.4854368932038835,True,150,77,82,0.8,True,204,23,28,1.0,True,232,0,0,0.9700854700854701,0.9344978165938864,0.9519591608775316
10535,10535.png,thick,0.6172655082946773,7851,12719,11999,8571,0.032846715328467155,True,18,311,219,0.1440162271805274,True,71,256,166,0.2798165137614679,True,122,199,115,0.464,True,174,138,63,0.0,0.0,0.0
10536,10536.png,2_4,0.5311004784688995,555,1045,967,633,0.2755102040816326,True,108,147,137,0.9529411764705882,True,243,10,2,0.9722222222222222,True,245,7,0,1.0,True,245,0,0,1.0,1.0,1.0
10537,10537.png,zero,1.0,0,0,0,0,1.0,True,0,0,0,1.0,True,0,0,0,1.0,True,0,0,0,1.0,True,0,0,0,0.0,0.0,0.0
10538,10538.png,thick,0.7363310783923598,9252,12565,12093,9724,0.02330097087378641,True,12,245,258,0.16556291390728478,True,75,183,195,0.3582474226804124,True,139,118,131,0.6523076923076923,True,212,55,58,0.0,0.0,0.0
10539,10539.png,8_16,0.8976680384087792,3272,3645,3297,3620,0.41605839416058393,True,171,101,139,0.8666666666666667,True,273,5,37,0.9041533546325878,True,283,3,27,0.967741935483871,True,300,0,10,1.0,1.0,1.0
10540,10540.png,8_16,0.609060906090609,6090,9999,8428,7661,0.0345489443378119,True,36,475,531,0.24022988505747125,True,209,303,358,0.49511854951185497,True,355,150,212,0.8500851788756388,True,499,20,68,1.0,1.0,1.0
10541,10541.png,4_8,0.5117051013277428,2929,5724,4691,3962,0.08777120315581854,True,89,472,453,0.5396383866481224,True,388,177,154,0.7872,True,492,83,50,0.9,True,531,48,11,0.9178571428571428,1.0,0.957169459962756
10542,10542.png,16_32,0.6702570601013759,7405,11048,10124,8329,0.04086845466155811,True,32,336,415,0.2992125984251969,True,190,188,257,0.5322283609576427,True,289,96,158,0.8590021691973969,True,396,14,51,1.0,1.0,1.0
10543,10543.png,8_16,0.9221424627277747,1670,1811,1759,1722,0.30857142857142855,True,54,58,63,0.9829059829059829,True,115,0,2,1.0,True,117,0,0,1.0,True,117,0,0,1.0,1.0,1.0
10544,10544.png,8_16,0.5280757817849806,4627,8762,6325,7064,0.02640642939150402,True,23,361,487,0.15932642487046633,True,123,262,387,0.3186490455212922,True,217,171,293,0.5706896551724138,True,331,70,179,0.13466334164588528,0.1712707182320442,0.15077685206034677
10545,10545.png,0_2,0.5753086419753086,466,810,693,583,0.5227272727272727,True,322,146,148,0.9066937119675457,True,447,23,23,0.9503105590062112,True,459,13,11,0.9685534591194969,True,462,7,8,0.9783549783549783,1.0,0.9890590809628008
10546,10546.png,16_32,0.5656021014793309,4091,7233,5979,5345,0.042105263157894736,True,20,213,242,0.18421052631578946,True,77,156,185,0.3608815426997245,True,131,101,131,0.6466666666666666,True,194,38,68,1.0,1.0,1.0
10547,10547.png,16_32,0.6953670108847335,4983,7166,6539,5610,0.01694915254237288,True,8,219,245,0.27440633245382584,True,104,126,149,0.44807121661721067,True,151,84,102,0.8935361216730038,True,235,10,18,1.0,1.0,1.0
10548,10548.png,zero,1.0,0,0,0,0,1.0,True,0,0,0,1.0,True,0,0,0,1.0,True,0,0,0,1.0,True,0,0,0,0.0,0.0,0.0
10549,10549.png,16_32,0.6797968537098972,5488,8073,6309,7252,0.04670912951167728,True,22,220,229,0.12727272727272726,True,56,189,195,0.3034300791556728,True,115,128,136,0.8576779026217228,True,229,16,22,1.0,1.0,1.0
10550,10550.png,16_32,0.7339156960621187,5293,7212,6684,5821,0.04536082474226804,True,22,229,234,0.4540229885057471,True,158,92,98,0.738831615120275,True,215,35,41,0.9389312977099237,True,246,6,10,1.0,1.0,1.0
10551,10551.png,8_16,0.48378570702449936,4759,9837,8556,6040,0.01791044776119403,True,12,305,353,0.06542056074766354,True,42,277,323,0.17728055077452667,True,103,216,262,0.46296296296296297,True,225,121,140,0.0,0.0,0.0
10552,10552.png,8_16,0.6273258904837852,1180,1881,1558,1503,0.040955631399317405,True,12,135,146,0.46411483253588515,True,97,51,61,0.9202453987730062,True,150,5,8,1.0,True,158,0,0,1.0,1.0,1.0
10553,10553.png,thick,0.7529811123683523,8651,11489,10097,10043,0.031835205992509365,True,17,262,255,0.2047930283224401,True,94,187,178,0.4397905759162304,True,168,110,104,0.8239202657807309,True,248,29,24,1.0,1.0,1.0
10554,10554.png,16_32,0.5427344867958892,4172,7687,6642,5217,0.042328042328042326,True,24,264,279,0.328125,True,147,145,156,0.5329949238578681,True,210,91,93,0.7657142857142857,True,268,47,35,1.0,0.9592476489028213,0.9792000000000001
10555,10555.png,16_32,0.8233050326073582,6691,8127,6944,7874,0.059447983014861996,True,28,222,221,0.38055555555555554,True,137,111,112,0.9198473282442748,True,241,13,8,1.0,True,249,0,0,1.0,1.0,1.0
10556,10556.png,4_8,0.3394027676620539,466,1373,1229,610,0.00641025641025641,True,1,77,78,0.05333333333333334,True,8,71,71,0.08333333333333333,True,12,65,67,0.3467741935483871,True,43,45,36,0.0,0.0,0.0
10557,10557.png,zero,1.0,0,0,0,0,1.0,True,0,0,0,1.0,True,0,0,0,1.0,True,0,0,0,1.0,True,0,0,0,0.0,0.0,0.0
10558,10558.png,8_16,0.6070700203942896,4465,7355,6603,5217,0.040152963671128104,True,21,220,282,0.23863636363636365,True,105,137,198,0.4281984334203655,True,164,80,139,0.6183431952662722,True,209,35,94,1.0,0.698170731707317,0.8222621184919209
10559,10559.png,thick,0.47003994673768307,8119,17273,8371,17021,0.043795620437956206,True,18,146,247,0.11139896373056994,True,43,121,222,0.18384401114206128,True,66,94,199,0.3741935483870968,True,116,45,149,0.9627329192546584,1.0,0.9810126582278481
10560,10560.png,16_32,0.6638885842745915,6054,9119,6751,8422,0.09358288770053476,True,70,282,396,0.4191304347826087,True,241,109,225,0.6163021868787276,True,310,37,156,0.7334754797441365,True,344,3,122,0.8428571428571429,0.7546777546777547,0.7963338229005931
10561,10561.png,zero,1.0,0,0,0,0,1.0,True,0,0,0,1.0,True,0,0,0,1.0,True,0,0,0,1.0,True,0,0,0,0.0,0.0,0.0
10562,10562.png,zero,1.0,0,0,0,0,1.0,True,0,0,0,1.0,True,0,0,0,1.0,True,0,0,0,1.0,True,0,0,0,0.0,0.0,0.0
10563,10563.png,thick,0.75429718875502,9391,12450,11195,10646,0.040632054176072234,True,18,209,216,0.27348066298342544,True,99,128,135,0.43167701863354035,True,139,88,95,0.7890625,True,202,22,32,1.0,1.0,1.0
10564,10564.png,0_2,0.48568398727465534,458,943,737,664,0.40161725067385445,True,298,191,253,0.78839590443686,True,462,35,89,0.8798586572438163,True,498,15,53,0.9618874773139746,True,530,0,21,0.9414225941422594,1.0,0.9698275862068966
10565,10565.png,16_32,0.4770666316204495,3630,7609,5090,6149,0.049586776859504134,True,30,300,275,0.20722433460076045,True,109,221,196,0.3611111111111111,True,169,163,136,0.65,True,247,75,58,1.0,1.0,1.0
10566,10566.png,8_16,0.5686320205080401,2440,4291,3761,2970,0.1021021021021021,True,68,314,284,0.42105263157894735,True,216,161,136,0.6985981308411215,True,299,76,53,0.9109947643979057,True,348,30,4,1.0,1.0,1.0
10567,10567.png,2_4,0.7032967032967034,896,1274,1082,1088,0.33617021276595743,True,158,119,193,0.8746438746438746,True,307,0,44,0.9458689458689459,True,332,0,19,0.98005698005698,True,344,0,7,1.0,1.0,1.0
10568,10568.png,4_8,0.7652474108170311,1330,1738,1443,1625,0.3448275862068966,True,130,123,124,0.9651162790697675,True,249,4,5,1.0,True,254,0,0,1.0,True,254,0,0,1.0,1.0,1.0
10569,10569.png,2_4,0.46236559139784944,387,837,554,670,0.25,True,60,51,129,0.5454545454545454,True,108,9,81,0.634020618556701,True,123,5,66,0.746031746031746,True,141,0,48,0.9009009009009009,0.33507853403141363,0.4884750419783239
10570,10570.png,2_4,0.5213923132704859,719,1379,1264,834,0.23917995444191345,True,105,164,170,0.8430034129692833,True,247,18,28,0.9045936395759717,True,256,8,19,0.9672727272727273,True,266,0,9,1.0,0.9964539007092199,0.9982238010657194
10571,10571.png,4_8,0.48952722920406944,818,1671,968,1521,0.18484848484848485,True,61,113,156,0.6209677419354839,True,154,31,63,0.6844262295081968,True,167,27,50,0.7208333333333333,True,173,23,44,0.8770949720670391,1.0,0.9345238095238095
10572,10572.png,thick,0.7274123725736629,15627,21483,20394,16716,0.01038961038961039,True,8,501,261,0.07015130674002751,True,51,458,218,0.1343065693430657,True,92,416,177,0.2910958904109589,True,170,315,99,0.0,0.0,0.0
10573,10573.png,0_2,0.6086564472497745,675,1109,906,878,0.5448648648648649,True,504,164,257,0.9060052219321149,True,694,5,67,0.931758530183727,True,710,1,51,0.9592641261498029,True,730,0,31,0.996969696969697,1.0,0.9984825493171471
10574,10574.png,2_4,0.35210355987055014,544,1545,1256,833,0.125,True,65,245,210,0.5140664961636828,True,201,116,74,0.6485013623978202,True,238,92,37,0.7429378531073446,True,263,79,12,0.8181818181818182,1.0,0.9
10575,10575.png,16_32,0.6846749226006192,4423,6460,4778,6105,0.0890909090909091,True,49,233,268,0.45542168674698796,True,189,98,128,0.7579250720461095,True,263,30,54,0.9285714285714286,True,299,5,18,1.0,1.0,1.0
10576,10576.png,2_4,0.4389294403892944,902,2055,1641,1316,0.2099533437013997,True,135,301,207,0.6184486373165619,True,295,135,47,0.7562642369020501,True,332,97,10,0.8260869565217391,True,342,72,0,0.8967889908256881,1.0,0.9455864570737605
10577,10577.png,zero,1.0,0,0,0,0,1.0,True,0,0,0,1.0,True,0,0,0,1.0,True,0,0,0,1.0,True,0,0,0,0.0,0.0,0.0
10578,10578.png,thick,0.8406381287612127,14807,17614,15625,16796,0.06666666666666667,True,36,213,291,0.38848920863309355,True,162,90,165,0.5208333333333334,True,200,57,127,0.6,True,222,43,105,0.0,0.0,0.0
10579,10579.png,thick,0.8289485379077416,18653,22502,21283,19872,0.012953367875647668,True,10,425,337,0.11079545454545454,True,78,357,269,0.28175895765472314,True,173,267,174,0.3924050632911392,True,217,206,130,0.02631578947368421,0.0,0.0
10580,10580.png,16_32,0.9024254767635623,4874,5401,5095,5180,0.30113636363636365,True,106,128,118,0.9613733905579399,True,224,9,0,0.986784140969163,True,224,3,0,1.0,True,224,0,0,1.0,1.0,1.0
10581,10581.png,zero,1.0,0,0,0,0,1.0,True,0,0,0,1.0,True,0,0,0,1.0,True,0,0,0,1.0,True,0,0,0,0.0,0.0,0.0
10582,10582.png,16_32,0.18261877172653534,1576,8630,7061,3145,0.002242152466367713,True,1,268,177,0.011312217194570135,True,5,264,173,0.02054794520547945,True,9,260,169,0.1679790026246719,True,64,203,114,0.0,0.0,0.0
10583,10583.png,16_32,0.975492341356674,2229,2285,2285,2229,0.45714285714285713,True,48,24,33,0.9135802469135802,True,74,0,7,0.9382716049382716,True,76,0,5,0.9753086419753086,True,79,0,2,1.0,1.0,1.0
10584,10584.png,zero,1.0,0,0,0,0,1.0,True,0,0,0,1.0,True,0,0,0,1.0,True,0,0,0,1.0,True,0,0,0,0.0,0.0,0.0
10585,10585.png,16_32,0.4806513409961686,2509,5220,4947,2782,0.047872340425531915,True,18,210,148,0.13218390804597702,True,46,182,120,0.27009646302250806,True,84,145,82,0.44029850746268656,True,118,102,48,1.0,1.0,1.0
10586,10586.png,4_8,0.43744264301009483,1430,3269,2912,1787,0.03563941299790356,True,17,229,231,0.349862258953168,True,127,115,121,0.6904761904761905,True,203,46,45,0.8796992481203008,True,234,18,14,1.0,0.9919678714859438,0.995967741935484
10587,10587.png,16_32,0.6937854994988306,8306,11972,10741,9537,0.0603448275862069,True,35,231,314,0.3162393162393162,True,148,119,201,0.4750593824228028,True,200,72,149,0.7255434782608695,True,267,19,82,1.0,1.0,1.0
10588,10588.png,8_16,0.3071186440677966,453,1475,1070,858,0.05421686746987952,True,18,239,75,0.3157894736842105,True,84,173,9,0.36186770428015563,True,93,164,0,0.3675889328063241,True,93,160,0,0.490272373540856,1.0,0.6579634464751958
10589,10589.png,16_32,0.7158626328699919,5253,7338,6815,5776,0.06907894736842106,True,42,293,273,0.3584905660377358,True,171,162,144,0.5862068965517241,True,238,91,77,0.9053254437869822,True,306,23,9,1.0,1.0,1.0
10590,10590.png,8_16,0.3903693314633006,1670,4278,3230,2718,0.02280130293159609,True,7,135,165,0.11267605633802817,True,32,112,140,0.17647058823529413,True,48,100,124,0.38589211618257263,True,93,69,79,0.461038961038961,0.25,0.3242009132420091
10591,10591.png,8_16,0.6638655462184874,5925,8925,7849,7001,0.015736766809728183,True,11,252,436,0.18136439267886856,True,109,154,338,0.31860036832412525,True,173,96,274,0.5886214442013129,True,269,10,178,1.0,0.7631027253668763,0.8656361474435196
10592,10592.png,zero,1.0,0,0,0,0,1.0,True,0,0,0,1.0,True,0,0,0,1.0,True,0,0,0,1.0,True,0,0,0,0.0,0.0,0.0
10593,10593.png,zero,1.0,0,0,0,0,1.0,True,0,0,0,1.0,True,0,0,0,1.0,True,0,0,0,1.0,True,0,0,0,0.0,0.0,0.0
10594,10594.png,2_4,0.33524766690595836,467,1393,1163,697,0.13333333333333333,True,54,171,180,0.6459854014598541,True,177,40,57,0.8095238095238095,True,204,18,30,0.9829059829059829,True,230,0,4,0.9911504424778761,1.0,0.9955555555555555
10595,10595.png,8_16,0.6607236497115889,2520,3814,2712,3622,0.03278688524590164,True,14,184,229,0.40634920634920635,True,128,72,115,0.7578125,True,194,13,49,0.9465020576131687,True,230,0,13,1.0,1.0,1.0
10596,10596.png,0_2,0.6744827586206896,489,725,645,569,0.6666666666666666,True,376,91,97,0.9894736842105263,True,470,2,3,1.0,True,473,0,0,1.0,True,473,0,0,1.0,1.0,1.0
10597,10597.png,zero,1.0,0,0,0,0,1.0,True,0,0,0,1.0,True,0,0,0,1.0,True,0,0,0,1.0,True,0,0,0,0.0,0.0,0.0
10598,10598.png,zero,1.0,0,0,0,0,1.0,True,0,0,0,1.0,True,0,0,0,1.0,True,0,0,0,1.0,True,0,0,0,0.0,0.0,0.0
10599,10599.png,0_2,0.3793584379358438,272,717,450,539,0.3225806451612903,True,190,132,267,0.5873983739837398,True,289,35,168,0.6602972399150743,True,311,14,146,0.7121212121212122,True,329,5,128,0.9369085173501577,0.5711159737417943,0.7096481832413282
10600,10600.png,16_32,0.7958972590932598,4617,5801,5299,5119,0.056847545219638244,True,22,186,179,0.5615384615384615,True,146,59,55,0.7532467532467533,True,174,30,27,0.9852941176470589,True,201,3,0,1.0,1.0,1.0
10601,10601.png,zero,1.0,0,0,0,0,1.0,True,0,0,0,1.0,True,0,0,0,1.0,True,0,0,0,1.0,True,0,0,0,0.0,0.0,0.0
10602,10602.png,4_8,0.556929082628497,856,1537,1164,1229,0.22739018087855298,True,88,145,154,0.8153846153846154,True,212,18,30,0.9465020576131687,True,230,1,12,0.9752066115702479,True,236,0,6,1.0,0.8916666666666667,0.9427312775330398
10603,10603.png,16_32,0.7123464770523594,4408,6188,5642,4954,0.03862660944206009,True,18,223,225,0.3936781609195402,True,137,105,106,0.609271523178808,True,184,59,59,1.0,True,243,0,0,1.0,1.0,1.0
10604,10604.png,zero,1.0,0,0,0,0,1.0,True,0,0,0,1.0,True,0,0,0,1.0,True,0,0,0,1.0,True,0,0,0,0.0,0.0,0.0
10605,10605.png,16_32,0.4395989974937343,2631,5985,3674,4942,0.028629856850715747,True,14,230,245,0.1383219954648526,True,61,182,198,0.2413793103448276,True,98,147,161,0.49122807017543857,True,168,83,91,0.0,0.0,0.0
10606,10606.png,thick,0.873406067301938,18973,21723,19001,21695,0.01529051987767584,True,10,360,284,0.09210526315789473,True,56,314,238,0.1806797853309481,True,101,265,193,0.3927038626609442,True,183,172,111,0.0,0.0,0.0
10607,10607.png,zero,1.0,0,0,0,0,1.0,True,0,0,0,1.0,True,0,0,0,1.0,True,0,0,0,1.0,True,0,0,0,0.0,0.0,0.0
10608,10608.png,16_32,0.644411998938147,4855,7534,6227,6162,0.029339853300733496,True,12,203,194,0.1510989010989011,True,55,158,151,0.24404761904761904,True,82,130,124,0.40955631399317405,True,120,87,86,0.0,0.0,0.0
10609,10609.png,4_8,0.5792682926829268,475,820,788,507,0.0821917808219178,True,12,56,78,0.33613445378151263,True,40,29,50,0.61,True,61,10,29,0.7395833333333334,True,71,6,19,1.0,1.0,1.0
10610,10610.png,16_32,0.9642267473858007,3504,3634,3614,3524,0.5288461538461539,True,110,51,47,0.9329268292682927,True,153,7,4,0.9627329192546584,True,155,4,2,1.0,True,157,0,0,1.0,1.0,1.0
10611,10611.png,2_4,0.40480961923847697,404,998,857,545,0.14130434782608695,True,39,121,116,0.5665024630541872,True,115,48,40,0.6428571428571429,True,126,41,29,0.7037037037037037,True,133,34,22,0.8301886792452831,0.8974358974358975,0.8625035004200504
10612,10612.png,zero,1.0,0,0,0,0,1.0,True,0,0,0,1.0,True,0,0,0,1.0,True,0,0,0,1.0,True,0,0,0,0.0,0.0,0.0
10613,10613.png,16_32,0.5818826563507414,3610,6204,3738,6076,0.05037313432835821,True,27,230,279,0.3906633906633907,True,159,101,147,0.7363636363636363,True,243,24,63,0.9183006535947712,True,281,0,25,1.0,1.0,1.0
10614,10614.png,zero,1.0,0,0,0,0,1.0,True,0,0,0,1.0,True,0,0,0,1.0,True,0,0,0,1.0,True,0,0,0,0.0,0.0,0.0
10615,10615.png,8_16,0.8081741630724995,3935,4869,4660,4144,0.09859154929577464,True,56,239,273,0.5810473815461347,True,233,72,96,0.7833333333333333,True,282,31,47,0.9520958083832335,True,318,5,11,1.0,1.0,1.0
10616,10616.png,2_4,0.33958183129055514,471,1387,1251,607,0.1419624217118998,True,68,258,153,0.5410764872521246,True,191,132,30,0.5988372093023255,True,206,123,15,0.6656534954407295,True,219,108,2,0.7431192660550459,0.9583333333333334,0.8371152549988767
10617,10617.png,8_16,0.4723374827109267,1366,2892,2073,2185,0.04297994269340974,True,15,100,234,0.2525597269624573,True,74,44,175,0.48031496062992124,True,122,5,127,0.570281124497992,True,142,0,107,0.9612403100775194,0.72265625,0.8250463054541531
10618,10618.png,thick,0.7163895255278685,14691,20507,16388,18810,0.05367561260210035,True,46,408,403,0.23150684931506849,True,169,281,280,0.33979135618479883,True,228,222,221,0.5197934595524957,True,302,132,147,0.0,0.0,0.0
10619,10619.png,8_16,0.4366506794564349,2185,5004,4902,2287,0.06713780918727916,True,38,292,236,0.2918454935622318,True,136,192,138,0.6776859504132231,True,246,89,28,0.8303030303030303,True,274,56,0,0.8208955223880597,1.0,0.9016393442622952
10620,10620.png,thick,0.7824771007566707,9824,12555,10783,11596,0.04981549815498155,True,27,281,234,0.2717149220489978,True,122,188,139,0.3961352657004831,True,164,153,97,0.6005586592178771,True,215,97,46,1.0,1.0,1.0
10621,10621.png,16_32,0.7823643410852713,12111,15480,13398,14193,0.07956989247311828,True,74,386,470,0.36820652173913043,True,271,192,273,0.5734157650695518,True,371,103,173,0.7449324324324325,True,441,48,103,0.9870689655172413,0.9829351535836177,0.9849977224018579
10622,10622.png,16_32,0.6158600278551533,7075,11488,9840,8723,0.013719512195121951,True,9,253,394,0.11833333333333333,True,71,197,332,0.3499005964214712,True,176,100,227,0.7156862745098039,True,292,5,111,1.0,0.9955654101995566,0.9977777777777778
10623,10623.png,16_32,0.7623534567765969,6958,9127,8646,7439,0.04866180048661801,True,20,176,215,0.2904191616766467,True,97,99,138,0.4697986577181208,True,140,63,95,0.74609375,True,191,21,44,1.0,1.0,1.0
10624,10624.png,4_8,0.5346938775510204,2096,3920,3068,2948,0.11065006915629322,True,80,296,347,0.6476578411405295,True,318,64,109,0.7824175824175824,True,356,28,71,0.8458049886621315,True,373,14,54,0.9712041884816754,0.8615023474178404,0.9130700107296137
10625,10625.png,8_16,0.5873447204968945,3026,5152,4687,3491,0.09230769230769231,True,42,213,200,0.4590643274853801,True,157,100,85,0.7667844522968198,True,217,41,25,0.8327272727272728,True,229,33,13,1.0,1.0,1.0
10626,10626.png,16_32,0.5179282868525896,3900,7530,4679,6751,0.0695364238410596,True,42,247,315,0.3058350100603622,True,152,140,205,0.49191685912240185,True,213,76,144,0.782608695652174,True,288,11,69,0.9337748344370861,1.0,0.9657534246575342
10627,10627.png,2_4,0.5318230852211435,493,927,694,726,0.18181818181818182,True,58,101,160,0.7098214285714286,True,159,6,59,0.7818181818181819,True,172,2,46,0.8761467889908257,True,191,0,27,0.9937106918238994,0.8990825688073395,0.9440312157054017
10628,10628.png,0_2,0.6070381231671554,828,1364,1171,1021,0.5706666666666667,True,642,247,236,0.8878306878306879,True,839,67,39,0.9312977099236641,True,854,39,24,0.96440489432703,True,867,21,11,0.9682179341657208,1.0,0.9838523644752017
10629,10629.png,8_16,0.6691157841398531,5282,7894,7488,5688,0.08010012515644556,True,64,330,405,0.4223300970873786,True,261,149,208,0.7126654064272212,True,377,60,92,0.9829424307036247,True,461,0,8,1.0,1.0,1.0
10630,10630.png,zero,1.0,0,0,0,0,1.0,True,0,0,0,1.0,True,0,0,0,1.0,True,0,0,0,1.0,True,0,0,0,0.0,0.0,0.0
10631,10631.png,16_32,0.6922991812347865,6257,9038,6262,9033,0.06043956043956044,True,33,272,241,0.46329113924050636,True,183,121,91,0.6831395348837209,True,235,70,39,0.9003322259136213,True,271,27,3,0.9905660377358491,1.0,0.9952606635071091
10632,10632.png,16_32,0.7754209200583322,5849,7543,7213,6179,0.1290983606557377,True,63,178,247,0.33093525179856115,True,138,107,172,0.5454545454545454,True,198,53,112,0.6976047904191617,True,233,24,77,1.0,1.0,1.0
10633,10633.png,16_32,0.7040650406504065,8660,12300,11925,9035,0.09441233140655106,True,49,237,233,0.24615384615384617,True,112,173,170,0.4418604651162791,True,171,105,111,0.8491803278688524,True,259,23,23,1.0,1.0,1.0
10634,10634.png,16_32,0.7266705916985575,4937,6794,6714,5017,0.03483606557377049,True,17,278,193,0.3049095607235142,True,118,177,92,0.5090361445783133,True,169,122,41,0.7581227436823105,True,210,67,0,0.9933554817275747,1.0,0.9966666666666666
10635,10635.png,16_32,0.8348120664623326,5175,6199,5872,5502,0.05496828752642706,True,26,217,230,0.5923566878980892,True,186,58,70,0.9609375,True,246,0,10,0.9765625,True,250,0,6,1.0,1.0,1.0
10636,10636.png,8_16,0.08168270137709865,433,5301,3916,1818,0.0,True,0,206,143,0.005763688760806916,True,2,204,141,0.014492753623188406,True,5,202,138,0.07854984894259819,True,26,188,117,0.0,0.0,0.0
10637,10637.png,8_16,0.2694922031187525,674,2501,1385,1790,0.017595307917888565,True,6,165,170,0.21453287197231835,True,62,113,114,0.31716417910447764,True,85,92,91,0.44223107569721115,True,111,75,65,0.3942857142857143,0.0,0.0
10638,10638.png,zero,1.0,0,0,0,0,1.0,True,0,0,0,1.0,True,0,0,0,1.0,True,0,0,0,1.0,True,0,0,0,0.0,0.0,0.0
10639,10639.png,16_32,0.8010212765957447,4706,5875,5496,5085,0.021220159151193633,True,8,134,235,0.24758842443729903,True,77,68,166,0.5568627450980392,True,142,12,101,0.7325102880658436,True,178,0,65,1.0,1.0,1.0
10640,10640.png,thick,0.6082211342309262,5963,9804,6719,9048,0.017716535433070866,True,9,263,236,0.08842105263157894,True,42,230,203,0.2433734939759036,True,101,170,144,0.5718654434250765,True,187,82,58,1.0,1.0,1.0
10641,10641.png,0_2,0.5779678068410463,1149,1988,1714,1423,0.5160051216389244,True,806,348,408,0.9383617193836172,True,1157,19,57,0.981101068200493,True,1194,3,20,0.9909390444810544,True,1203,0,11,0.9991204925241864,1.0,0.9995600527936648
10642,10642.png,16_32,0.6252519822604489,9305,14882,11604,12583,0.024606299212598427,True,25,314,677,0.1301518438177874,True,120,220,582,0.2727272727272727,True,225,123,477,0.4396200814111262,True,324,35,378,1.0,0.6364902506963789,0.7778723404255319
10643,10643.png,8_16,0.7109004739336493,3000,4220,4016,3204,0.1108786610878661,True,53,210,215,0.6,True,198,62,70,0.8576388888888888,True,247,20,21,0.9563636363636364,True,263,7,5,1.0,1.0,1.0
10644,10644.png,2_4,0.5054945054945055,598,1183,1086,695,0.22458628841607564,True,95,161,167,0.9477611940298507,True,254,6,8,1.0,True,262,0,0,1.0,True,262,0,0,1.0,1.0,1.0
10645,10645.png,4_8,0.4762184380504991,811,1703,1280,1234,0.1497005988023952,True,50,149,135,0.646551724137931,True,150,47,35,0.819047619047619,True,172,25,13,0.8823529411764706,True,180,19,5,0.9898477157360406,1.0,0.9948979591836734
10646,10646.png,thick,0.5692560269593018,6588,11573,9182,8979,0.004597701149425287,True,2,234,199,0.0234192037470726,True,10,226,191,0.047961630695443645,True,20,216,181,0.1878453038674033,True,68,161,133,0.0,0.0,0.0
10647,10647.png,16_32,0.5870479394449117,4886,8323,8228,4981,0.12058212058212059,True,58,240,183,0.4,True,154,144,87,0.53125,True,187,111,54,0.6595092024539877,True,215,85,26,0.0,0.4666666666666667,0.0
10648,10648.png,4_8,0.07972357997640317,473,5933,5819,587,0.002717391304347826,True,1,270,97,0.01652892561983471,True,6,265,92,0.0641399416909621,True,22,245,76,0.1782178217821782,True,54,205,44,0.0,0.0,0.0
10649,10649.png,thick,0.5817399617590823,10953,18828,13215,16566,0.0054249547920434,True,3,291,259,0.061068702290076333,True,32,262,230,0.12295081967213115,True,60,226,202,0.2743764172335601,True,121,179,141,0.0,0.0,0.0
10650,10650.png,zero,1.0,0,0,0,0,1.0,True,0,0,0,1.0,True,0,0,0,1.0,True,0,0,0,1.0,True,0,0,0,0.0,0.0,0.0
10651,10651.png,16_32,0.4979734451432565,3563,7155,3601,7117,0.01488833746898263,True,6,173,224,0.23939393939393938,True,79,100,151,0.4555160142348754,True,128,51,102,0.6175298804780877,True,155,21,75,0.0,0.0,0.0
10652,10652.png,16_32,0.6696737743757973,7349,10974,9804,8519,0.014760147601476014,True,8,270,264,0.0694980694980695,True,36,246,236,0.2328159645232816,True,105,179,167,0.632183908045977,True,220,76,52,0.0,0.0,0.0
10653,10653.png,4_8,0.5889008620689655,1093,1856,1488,1461,0.1437908496732026,True,66,195,198,0.8116438356164384,True,237,28,27,0.955719557195572,True,259,7,5,0.9887640449438202,True,264,3,0,1.0,1.0,1.0
10654,10654.png,zero,0.0,0,1483,1483,0,0.0,True,0,85,0,0.0,True,0,85,0,0.0,True,0,85,0,0.0,True,0,85,0,0.0,0.0,0.0
10655,10655.png,2_4,0.37201907790143085,468,1258,965,761,0.13612565445026178,True,52,153,177,0.5755395683453237,True,160,49,69,0.7315175097276264,True,188,28,41,0.8104838709677419,True,201,19,28,0.912621359223301,0.9521739130434783,0.9319781786902687
10656,10656.png,16_32,0.5983322111151396,11552,19307,12773,18086,0.009297520661157025,True,9,275,684,0.04833512352309345,True,45,238,648,0.11412429378531073,True,101,192,592,0.2638190954773869,True,210,103,483,0.0,0.0,0.0
10657,10657.png,16_32,0.4177287698696835,2917,6983,3474,6426,0.015180265654648957,True,8,182,337,0.20179372197309417,True,90,101,255,0.26713947990543735,True,113,78,232,0.4319371727748691,True,165,37,180,0.06153846153846154,0.0,0.0
10658,10658.png,16_32,0.7415254237288136,8750,11800,11469,9081,0.043243243243243246,True,24,269,262,0.2847682119205298,True,129,167,157,0.5340314136125655,True,204,96,82,0.8079268292682927,True,265,42,21,1.0,1.0,1.0
10659,10659.png,thick,0.8186261200108607,9045,11049,10887,9207,0.022944550669216062,True,12,235,276,0.3911917098445596,True,151,98,137,0.7380191693290735,True,231,25,57,0.8888888888888888,True,256,0,32,1.0,1.0,1.0
10660,10660.png,8_16,0.646146504414221,5416,8382,6766,7032,0.02607361963190184,True,17,198,437,0.15292096219931273,True,89,128,365,0.31844660194174756,True,164,61,290,0.49361702127659574,True,232,16,222,1.0,1.0,1.0
10661,10661.png,16_32,0.39619329206319875,4288,10823,5663,9448,0.01282051282051282,True,5,137,248,0.058823529411764705,True,22,121,231,0.15160349854227406,True,52,90,201,0.26582278481012656,True,84,63,169,0.0,0.0,0.0
10662,10662.png,zero,1.0,0,0,0,0,1.0,True,0,0,0,1.0,True,0,0,0,1.0,True,0,0,0,1.0,True,0,0,0,0.0,0.0,0.0
10663,10663.png,16_32,0.724286226257317,6063,8371,7332,7102,0.05736137667304015,True,30,226,267,0.4838709677419355,True,180,75,117,0.6576576576576577,True,219,36,78,0.8509933774834437,True,257,5,40,1.0,1.0,1.0
10664,10664.png,8_16,0.7523219814241486,972,1292,1142,1122,0.0875,True,14,72,74,0.6296296296296297,True,68,20,20,0.9239130434782609,True,85,4,3,1.0,True,88,0,0,1.0,1.0,1.0
10665,10665.png,zero,0.0,0,734,734,0,0.0,True,0,91,0,0.0,True,0,91,0,0.0,True,0,91,0,0.0,True,0,91,0,0.0,0.0,0.0
10666,10666.png,16_32,0.6963134084127443,7234,10389,8249,9374,0.08024691358024691,True,52,232,364,0.24822695035460993,True,140,148,276,0.46680497925311204,True,225,66,191,0.75,True,312,0,104,1.0,1.0,1.0
10667,10667.png,0_2,0.43276283618581907,354,818,644,528,0.3618421052631579,True,220,163,225,0.7905982905982906,True,370,23,75,0.841304347826087,True,387,15,58,0.8730853391684902,True,399,12,46,0.9841269841269841,1.0,0.9919999999999999
10668,10668.png,16_32,0.713225371120108,5285,7410,6426,6269,0.045951859956236324,True,21,211,225,0.2,True,80,154,166,0.4227405247813411,True,145,97,101,0.7922535211267606,True,225,38,21,1.0,1.0,1.0
10669,10669.png,8_16,0.6160103164368614,6210,10081,9203,7088,0.07481898632341111,True,93,531,619,0.4542483660130719,True,417,206,295,0.7219387755102041,True,566,72,146,0.9410112359550562,True,670,0,42,1.0,1.0,1.0
10670,10670.png,16_32,0.8985440788719478,7838,8723,8702,7859,0.28104575163398693,True,172,226,214,0.8411214953271028,True,360,42,26,0.9772151898734177,True,386,9,0,0.9922879177377892,True,386,3,0,1.0,1.0,1.0
10671,10671.png,16_32,0.6466836734693877,1014,1568,1396,1186,0.05263157894736842,True,7,73,53,0.37623762376237624,True,38,41,22,0.611764705882353,True,52,25,8,0.8450704225352113,True,60,11,0,1.0,1.0,1.0
10672,10672.png,zero,1.0,0,0,0,0,1.0,True,0,0,0,1.0,True,0,0,0,1.0,True,0,0,0,1.0,True,0,0,0,0.0,0.0,0.0
10673,10673.png,thick,0.8929208804283165,13509,15129,14101,14537,0.10200927357032458,True,66,310,271,0.5550660792951542,True,252,117,85,0.6850961538461539,True,285,79,52,0.7196969696969697,True,285,59,52,1.0,0.8664987405541562,0.9284750337381916
10674,10674.png,16_32,0.7757492249397175,4504,5806,5563,4747,0.06267806267806268,True,22,171,158,0.42911877394636017,True,112,81,68,0.7962085308056872,True,168,31,12,0.9137055837563451,True,180,17,0,1.0,1.0,1.0
10675,10675.png,4_8,0.62778730703259,1098,1749,1300,1547,0.24078624078624078,True,98,150,159,0.9207547169811321,True,244,8,13,1.0,True,257,0,0,1.0,True,257,0,0,1.0,1.0,1.0
10676,10676.png,4_8,0.8004563894523327,3157,3944,3679,3422,0.319364161849711,True,221,232,239,0.9345991561181435,True,443,14,17,0.9978260869565218,True,459,0,1,1.0,True,460,0,0,1.0,1.0,1.0
10677,10677.png,4_8,0.6091612135633552,1024,1681,1270,1435,0.24,True,102,167,156,0.8327526132404182,True,239,29,19,0.9124087591240876,True,250,16,8,0.9923076923076923,True,258,2,0,1.0,1.0,1.0
10678,10678.png,16_32,0.7435012652403957,3232,4347,3282,4297,0.0648854961832061,True,17,119,126,0.453125,True,87,49,56,0.6011560693641619,True,104,30,39,0.9241379310344827,True,134,2,9,1.0,1.0,1.0
10679,10679.png,0_2,0.4841351074718526,473,977,888,562,0.5044776119402985,True,338,153,179,0.9616858237547893,True,502,5,15,0.9941972920696325,True,514,0,3,1.0,True,517,0,0,1.0,1.0,1.0
10680,10680.png,16_32,0.7261834026539908,7333,10098,7761,9670,0.06521739130434782,True,33,235,238,0.4162303664921466,True,159,111,112,0.6646153846153846,True,216,54,55,0.8954703832752613,True,257,16,14,1.0,1.0,1.0
10681,10681.png,2_4,0.3848747591522158,1598,4152,3031,2719,0.15837796480489671,True,207,493,607,0.5875527426160337,True,557,134,257,0.7546082949308756,True,655,54,159,0.8279181708784596,True,688,17,126,0.9900142653352354,0.8407407407407408,0.9092918757774014
10682,10682.png,thick,0.6655246796091866,10490,15762,10491,15761,0.019955654101995565,True,9,253,189,0.13333333333333333,True,54,207,144,0.37575757575757573,True,124,132,74,0.7983870967741935,True,198,50,0,1.0,1.0,1.0
10683,10683.png,zero,0.0,0,2111,2111,0,0.0,True,0,217,0,0.0,True,0,217,0,0.0,True,0,217,0,0.0,True,0,217,0,0.0,0.0,0.0
10684,10684.png,16_32,0.7296611705019025,4027,5519,4187,5359,0.16590909090909092,True,73,181,186,0.638095238095238,True,201,56,58,0.6983606557377049,True,213,46,46,0.8664259927797834,True,240,18,19,1.0,1.0,1.0
10685,10685.png,zero,1.0,0,0,0,0,1.0,True,0,0,0,1.0,True,0,0,0,1.0,True,0,0,0,1.0,True,0,0,0,0.0,0.0,0.0
10686,10686.png,zero,1.0,0,0,0,0,1.0,True,0,0,0,1.0,True,0,0,0,1.0,True,0,0,0,1.0,True,0,0,0,0.0,0.0,0.0
10687,10687.png,2_4,0.6212338593974175,866,1394,1273,987,0.25609756097560976,True,105,151,154,0.9330855018587361,True,251,10,8,1.0,True,259,0,0,1.0,True,259,0,0,1.0,0.94921875,0.9739478957915831
10688,10688.png,16_32,0.06129807692307692,102,1664,997,769,0.0,True,0,159,42,0.0,True,0,159,42,0.0,True,0,159,42,0.096045197740113,True,17,135,25,0.0,0.0,0.0
10689,10689.png,thick,0.8223284662101047,6364,7739,6397,7706,0.13194444444444445,True,57,220,155,0.4255952380952381,True,143,124,69,0.5844594594594594,True,173,84,39,0.704119850187266,True,188,55,24,1.0,1.0,1.0
10690,10690.png,16_32,0.5914339701868571,5634,9526,9269,5891,0.0136986301369863,True,7,237,267,0.12043010752688173,True,56,191,218,0.24644549763033174,True,104,148,170,0.8461538461538461,True,242,12,32,1.0,1.0,1.0
10691,10691.png,thick,0.7751020135126095,11587,14949,14572,11964,0.06597938144329897,True,32,241,212,0.16891891891891891,True,75,200,169,0.24700239808153476,True,103,173,141,0.6474358974358975,True,202,68,42,1.0,1.0,1.0
10692,10692.png,8_16,0.6464560204953032,2271,3513,2989,2795,0.06315789473684211,True,24,159,197,0.3825503355704698,True,114,77,107,0.5823754789272031,True,152,40,69,0.7100840336134454,True,169,17,52,1.0,0.9741379310344828,0.9868995633187774
10693,10693.png,8_16,0.3281195689954814,944,2877,2877,944,0.0,True,0,142,70,0.0,True,0,142,70,0.02912621359223301,True,6,136,64,0.3128834355828221,True,51,93,19,0.0,0.0,0.0
10694,10694.png,thick,0.27139726351951665,4582,16883,6556,14909,0.038922155688622756,True,26,321,321,0.06646058732612056,True,43,300,304,0.08598726114649681,True,54,281,293,0.1695501730103806,True,98,231,249,0.04424778761061947,0.0,0.0
10695,10695.png,16_32,0.7294030587074495,8871,12162,11245,9788,0.044182621502209134,True,30,286,363,0.30656934306569344,True,168,155,225,0.5414012738853503,True,255,78,138,0.829683698296837,True,341,18,52,1.0,0.9951807228915662,0.9975845410628019
10696,10696.png,16_32,0.7032878909382518,4385,6235,6178,4442,0.2902033271719039,True,157,297,87,0.5163398692810458,True,237,215,7,0.5355555555555556,True,241,206,3,0.5583524027459954,True,244,193,0,0.5947136563876652,1.0,0.7458563535911602
10697,10697.png,8_16,0.8086767895878525,1864,2305,2025,2144,0.2396088019559902,True,98,154,157,0.9803921568627451,True,250,0,5,0.9803921568627451,True,250,0,5,0.9803921568627451,True,250,0,5,1.0,0.984375,0.9921259842519685
10698,10698.png,4_8,0.45845668048154725,4646,10134,8038,6742,0.05732484076433121,True,90,644,836,0.3553382233088835,True,436,301,490,0.6454456415279138,True,659,95,267,0.8810289389067524,True,822,7,104,0.9893475366178429,0.9367755532139094,0.9623440898753302
10699,10699.png,zero,1.0,0,0,0,0,1.0,True,0,0,0,1.0,True,0,0,0,1.0,True,0,0,0,1.0,True,0,0,0,0.0,0.0,0.0
10700,10700.png,8_16,0.6566376028490728,5347,8143,7820,5670,0.06158357771260997,True,42,297,343,0.2984014209591474,True,168,178,217,0.558091286307054,True,269,97,116,0.7224770642201835,True,315,51,70,0.9851632047477745,1.0,0.992526158445441
10701,10701.png,0_2,0.6164978292329957,426,691,591,526,0.5242537313432836,True,281,125,130,0.9733656174334141,True,402,2,9,1.0,True,411,0,0,1.0,True,411,0,0,0.9925373134328358,0.9927007299270073,0.9926190149540404
10702,10702.png,0_2,0.42213319979969954,843,1997,1457,1383,0.3365500603136309,True,558,470,630,0.7631987577639752,True,983,100,205,0.8379888268156425,True,1050,65,138,0.8807413376309428,True,1093,53,95,0.9249753208292202,1.0,0.961025641025641
10703,10703.png,16_32,0.5993377483443708,5611,9362,6894,8079,0.01364522417153996,True,7,241,265,0.10683760683760683,True,50,196,222,0.3189873417721519,True,126,123,146,0.8292682926829268,True,238,15,34,1.0,1.0,1.0
10704,10704.png,2_4,0.6549893842887473,617,942,867,692,0.30162412993039445,True,130,149,152,1.0,True,282,0,0,1.0,True,282,0,0,1.0,True,282,0,0,1.0,1.0,1.0
10705,10705.png,8_16,0.5990882274068114,2234,3729,2788,3175,0.092,True,46,180,274,0.4864864864864865,True,180,50,140,0.6747720364741642,True,222,9,98,0.7639751552795031,True,246,2,74,0.9692982456140351,1.0,0.9844097995545658
10706,10706.png,2_4,0.52319309600863,485,927,881,531,0.2991913746630728,True,111,142,118,0.9007936507936508,True,227,23,2,0.9193548387096774,True,228,19,1,0.9662447257383966,True,229,8,0,1.0,1.0,1.0
10707,10707.png,zero,1.0,0,0,0,0,1.0,True,0,0,0,1.0,True,0,0,0,1.0,True,0,0,0,1.0,True,0,0,0,0.0,0.0,0.0
10708,10708.png,16_32,0.8973649730674043,6164,6869,6283,6750,0.3574468085106383,True,168,141,161,0.8472622478386167,True,294,18,35,0.9223880597014925,True,309,6,20,0.9726443768996961,True,320,0,9,1.0,1.0,1.0
10709,10709.png,zero,1.0,0,0,0,0,1.0,True,0,0,0,1.0,True,0,0,0,1.0,True,0,0,0,1.0,True,0,0,0,0.0,0.0,0.0
10710,10710.png,16_32,0.679077296641036,6712,9884,7825,8771,0.04158004158004158,True,20,214,247,0.21014492753623187,True,87,147,180,0.32978723404255317,True,124,109,143,0.7642857142857142,True,214,13,53,1.0,1.0,1.0
10711,10711.png,16_32,0.46062118691070436,3322,7212,5566,4968,0.0,True,0,248,237,0.014644351464435146,True,7,241,230,0.14285714285714285,True,60,183,177,0.4875,True,156,83,81,0.0,0.0,0.0
10712,10712.png,16_32,0.750063824355374,5876,7834,6372,7338,0.10526315789473684,True,58,255,238,0.5459183673469388,True,214,96,82,0.7348703170028819,True,255,51,41,0.9833887043189369,True,296,5,0,1.0,1.0,1.0
10713,10713.png,zero,1.0,0,0,0,0,1.0,True,0,0,0,1.0,True,0,0,0,1.0,True,0,0,0,1.0,True,0,0,0,0.0,0.0,0.0
10714,10714.png,zero,1.0,0,0,0,0,1.0,True,0,0,0,1.0,True,0,0,0,1.0,True,0,0,0,1.0,True,0,0,0,0.0,0.0,0.0
10715,10715.png,8_16,0.5150339476236664,531,1031,716,846,0.0,True,0,48,75,0.09009009009009009,True,10,36,65,0.6493506493506493,True,50,2,25,0.76,True,57,0,18,1.0,1.0,1.0
10716,10716.png,4_8,0.3404872389791183,1174,3448,1837,2785,0.07244094488188976,True,46,221,368,0.3192307692307692,True,166,106,248,0.4384133611691023,True,210,65,204,0.5010845986984815,True,231,47,183,0.7881040892193308,0.8516746411483254,0.8186571211628157
10717,10717.png,16_32,0.588472990216929,5534,9404,6596,8342,0.050271739130434784,True,37,356,343,0.1593984962406015,True,106,285,274,0.24183006535947713,True,148,232,232,0.5861344537815126,True,279,96,101,1.0,0.7931873479318735,0.8846675712347354
10718,10718.png,zero,1.0,0,0,0,0,1.0,True,0,0,0,1.0,True,0,0,0,1.0,True,0,0,0,1.0,True,0,0,0,0.0,0.0,0.0
10719,10719.png,zero,1.0,0,0,0,0,1.0,True,0,0,0,1.0,True,0,0,0,1.0,True,0,0,0,1.0,True,0,0,0,0.0,0.0,0.0
10720,10720.png,thick,0.8981846882399369,18208,20272,18792,19688,0.03497942386831276,True,17,251,218,0.2987012987012987,True,115,150,120,0.48214285714285715,True,162,101,73,0.6896551724137931,True,200,55,35,0.0,0.0,0.0
10721,10721.png,8_16,0.5150513950073421,1403,2724,1964,2163,0.032448377581120944,True,11,118,210,0.3590733590733591,True,93,38,128,0.5955555555555555,True,134,4,87,0.6742081447963801,True,149,0,72,1.0,0.8888888888888888,0.9411764705882353
10722,10722.png,2_4,0.6557478368355995,1061,1618,1560,1119,0.5384615384615384,True,357,142,164,0.9418386491557224,True,502,12,19,0.9640151515151515,True,509,7,12,0.982824427480916,True,515,3,6,0.9940239043824701,1.0,0.997002997002997
10723,10723.png,16_32,0.673182173573104,8610,12790,10943,10457,0.04468412942989214,True,29,335,285,0.19646017699115045,True,111,251,203,0.35555555555555557,True,176,181,138,0.5604651162790698,True,241,116,73,0.0,0.0,0.0
10724,10724.png,16_32,0.2603822557810288,2207,8476,5082,5601,0.010398613518197574,True,6,357,214,0.0718232044198895,True,39,323,181,0.1388888888888889,True,70,284,150,0.2068230277185501,True,97,249,123,0.4540682414698163,0.6736401673640168,0.5424781863508881
10725,10725.png,thick,0.518158850465814,6563,12666,7961,11268,0.0,True,0,267,282,0.0223463687150838,True,12,255,270,0.05172413793103448,True,27,240,255,0.1723404255319149,True,81,188,201,0.0,0.0,0.0
10726,10726.png,0_2,0.3910806174957118,456,1166,1034,588,0.31681877444589307,True,243,233,291,0.8204667863554758,True,457,23,77,0.8719851576994434,True,470,5,64,0.8876404494382022,True,474,0,60,0.9915254237288136,0.8876404494382022,0.9367114263997973
10727,10727.png,16_32,0.877626536275935,13282,15134,15046,13370,0.039014373716632446,True,19,210,258,0.2100238663484487,True,88,142,189,0.5,True,170,63,107,0.8664259927797834,True,240,0,37,1.0,0.9689737470167065,0.9842424242424244
10728,10728.png,16_32,0.6929248723559446,4750,6855,6287,5318,0.06946983546617916,True,38,239,270,0.46384039900249374,True,186,93,122,0.6704545454545454,True,236,44,72,0.9034267912772586,True,290,13,18,1.0,1.0,1.0
10729,10729.png,16_32,0.7495609887883291,5549,7403,6373,6579,0.07385229540918163,True,37,217,247,0.28095238095238095,True,118,136,166,0.5552325581395349,True,191,60,93,0.8807017543859649,True,251,1,33,1.0,1.0,1.0
10730,10730.png,16_32,0.9474828566649941,5665,5979,5753,5891,0.3877005347593583,True,145,100,129,0.9051094890510949,True,248,0,26,0.927007299270073,True,254,0,20,0.9671532846715328,True,265,0,9,1.0,0.9894366197183099,0.9946902654867256
10731,10731.png,16_32,0.33692722371967654,1750,5194,5106,1838,0.019184652278177457,True,8,317,92,0.05693069306930693,True,23,304,77,0.1455026455026455,True,55,278,45,0.2949852507374631,True,100,239,0,0.2909604519774011,1.0,0.4507658643326039
10732,10732.png,8_16,0.5914747977598008,1901,3214,2840,2275,0.037267080745341616,True,18,220,245,0.43142857142857144,True,151,87,112,0.8321167883211679,True,228,11,35,0.9163498098859315,True,241,0,22,1.0,1.0,1.0
10733,10733.png,16_32,0.6289222373806276,5532,8796,7101,7227,0.011787819253438114,True,6,251,252,0.1550561797752809,True,69,187,189,0.34025974025974026,True,131,127,127,0.7114093959731543,True,212,40,46,1.0,1.0,1.0
10734,10734.png,8_16,0.8676337262012692,957,1103,1033,1027,0.3163841807909605,True,56,56,65,0.9338842975206612,True,113,0,8,0.9669421487603306,True,117,0,4,1.0,True,121,0,0,1.0,1.0,1.0
10735,10735.png,16_32,0.7879391524809851,4351,5522,4611,5262,0.06976744186046512,True,33,244,196,0.5325077399380805,True,172,94,57,0.8522727272727273,True,225,35,4,0.9385245901639344,True,229,15,0,0.9888059701492538,1.0,0.9943714821763603
10736,10736.png,zero,1.0,0,0,0,0,1.0,True,0,0,0,1.0,True,0,0,0,1.0,True,0,0,0,1.0,True,0,0,0,0.0,0.0,0.0
10737,10737.png,8_16,0.5221028829847372,4618,8845,7175,6288,0.02463768115942029,True,17,298,375,0.17326732673267325,True,105,214,287,0.315884476534296,True,175,162,217,0.6727688787185355,True,294,45,98,1.0,1.0,1.0
10738,10738.png,8_16,0.4836997725549659,2552,5276,3258,4570,0.0890937019969278,True,58,234,359,0.49159663865546216,True,234,59,183,0.6443418013856813,True,279,16,138,0.7410071942446043,True,309,0,108,1.0,1.0,1.0
10739,10739.png,zero,1.0,0,0,0,0,1.0,True,0,0,0,1.0,True,0,0,0,1.0,True,0,0,0,1.0,True,0,0,0,0.0,0.0,0.0
10740,10740.png,8_16,0.5271593944790739,2368,4492,3494,3366,0.04151624548736462,True,23,282,249,0.4187192118226601,True,170,134,102,0.5844875346260388,True,211,89,61,0.7987220447284346,True,250,41,22,0.933993399339934,0.8576642335766423,0.8942029082939489
10741,10741.png,0_2,0.5074309978768577,478,942,740,680,0.43869209809264303,True,322,186,226,0.8708551483420593,True,499,25,49,0.9584086799276673,True,530,5,18,0.9908759124087592,True,543,0,5,0.966,1.0,0.982706002034588
10742,10742.png,8_16,0.8028169014084507,2964,3692,3431,3225,0.228,True,114,181,205,0.6784741144414169,True,249,48,70,0.8378378378378378,True,279,14,40,0.953416149068323,True,307,3,12,1.0,1.0,1.0
10743,10743.png,16_32,0.7368072787427626,4454,6045,4458,6041,0.004901960784313725,True,2,213,193,0.1298342541436464,True,47,167,148,0.5150375939849624,True,137,71,58,0.8054298642533937,True,178,26,17,1.0,0.9903846153846154,0.9951690821256038
10744,10744.png,0_2,0.5402379286214136,1544,2858,2267,2135,0.47530329289428075,True,1097,504,707,0.8698924731182796,True,1618,56,186,0.9279082468596396,True,1699,27,105,0.9783813747228381,True,1765,0,39,0.9841269841269841,1.0,0.9919999999999999
10745,10745.png,zero,1.0,0,0,0,0,1.0,True,0,0,0,1.0,True,0,0,0,1.0,True,0,0,0,1.0,True,0,0,0,0.0,0.0,0.0
10746,10746.png,16_32,0.6247703050349136,1700,2721,1875,2546,0.061946902654867256,True,14,108,104,0.19597989949748743,True,39,81,79,0.6164383561643836,True,90,28,28,1.0,True,118,0,0,1.0,1.0,1.0
10747,10747.png,zero,1.0,0,0,0,0,1.0,True,0,0,0,1.0,True,0,0,0,1.0,True,0,0,0,1.0,True,0,0,0,0.0,0.0,0.0
10748,10748.png,16_32,0.7701387450817975,7438,9658,9354,7742,0.02262443438914027,True,10,208,224,0.2696629213483146,True,96,122,138,0.6954887218045113,True,185,32,49,0.9658119658119658,True,226,0,8,1.0,1.0,1.0
10749,10749.png,zero,1.0,0,0,0,0,1.0,True,0,0,0,1.0,True,0,0,0,1.0,True,0,0,0,1.0,True,0,0,0,0.0,0.0,0.0
10750,10750.png,4_8,0.37629810629199756,616,1637,1288,965,0.05521472392638037,True,18,165,143,0.2545454545454545,True,70,114,91,0.6634615384615384,True,138,47,23,0.8702702702702703,True,161,24,0,0.8206521739130435,1.0,0.9014925373134328
10751,10751.png,8_16,0.6783016942233109,3323,4899,4581,3641,0.08928571428571429,True,40,207,201,0.30831099195710454,True,115,132,126,0.7087719298245614,True,202,44,39,1.0,True,241,0,0,1.0,1.0,1.0
10752,10752.png,4_8,0.4977838390726219,1460,2933,2648,1745,0.04739336492890995,True,20,169,233,0.38006230529595014,True,122,68,131,0.7547892720306514,True,197,8,56,0.8893280632411067,True,225,0,28,1.0,0.8149606299212598,0.8980477223427332
10753,10753.png,8_16,0.7123659387517767,5513,7739,7473,5779,0.046511627906976744,True,26,220,313,0.28104575163398693,True,129,120,210,0.7412790697674418,True,255,5,84,0.8495575221238938,True,288,0,51,1.0,1.0,1.0
10754,10754.png,16_32,0.629139861806052,5281,8394,7895,5780,0.0162748643761302,True,9,275,269,0.17894736842105263,True,85,197,193,0.3594132029339853,True,147,131,131,0.8273615635179153,True,254,29,24,1.0,1.0,1.0
10755,10755.png,0_2,0.5087029758562606,906,1781,1361,1326,0.4001386962552011,True,577,383,482,0.8626373626373627,True,942,33,117,0.902143522833178,True,968,14,91,0.9304511278195489,True,990,5,69,0.968520461699895,0.9990601503759399,0.9835532960321506
10756,10756.png,8_16,0.39212901917030124,3866,9859,7237,6488,0.011668611435239206,True,10,365,482,0.1408083441981747,True,108,275,384,0.30814814814814817,True,208,183,284,0.5058823529411764,True,301,103,191,0.06510416666666667,0.0,0.0
10757,10757.png,16_32,0.7127207690587972,6376,8946,7452,7870,0.035555555555555556,True,24,304,347,0.2224168126094571,True,127,200,244,0.6469194312796208,True,273,51,98,0.9222520107238605,True,344,2,27,1.0,1.0,1.0
10758,10758.png,16_32,0.7570996679387422,15276,20177,16455,18998,0.0314787701317716,True,43,616,707,0.20427350427350427,True,239,420,511,0.35014272121788775,True,368,301,382,0.5298588490770901,True,488,171,262,0.9987421383647799,0.8718562874251496,0.9309957720958325
10759,10759.png,16_32,0.7160035819368044,5597,7817,7093,6321,0.059964726631393295,True,34,271,262,0.3303964757709251,True,150,158,146,0.5662337662337662,True,218,89,78,0.8212121212121212,True,271,34,25,1.0,1.0,1.0
10760,10760.png,4_8,0.540453074433657,668,1236,1021,883,0.12852664576802508,True,41,149,129,0.6380090497737556,True,141,51,29,0.825,True,165,30,5,0.8808290155440415,True,170,23,0,0.9057591623036649,1.0,0.9505494505494505
10761,10761.png,8_16,0.7695951107715814,5037,6545,6294,5288,0.13240418118466898,True,76,248,250,0.5581947743467933,True,235,95,91,0.7447368421052631,True,283,54,43,0.9560117302052786,True,326,15,0,1.0,0.9731343283582089,0.9863842662632374
10762,10762.png,thick,0.634742916200155,7370,11611,7429,11552,0.03621730382293763,True,18,235,244,0.14666666666666667,True,66,188,196,0.34554973821989526,True,132,120,130,0.6309148264984227,True,200,55,62,1.0,1.0,1.0
10763,10763.png,16_32,0.7902990237527865,10281,13009,11535,11755,0.08519553072625698,True,61,340,315,0.44981412639405205,True,242,162,134,0.7636363636363637,True,336,64,40,0.9232673267326733,True,373,28,3,1.0,1.0,1.0
10764,10764.png,4_8,0.7465181058495822,1608,2154,1833,1929,0.26436781609195403,True,138,196,188,0.9352941176470588,True,318,14,8,0.9728915662650602,True,323,6,3,1.0,True,326,0,0,1.0,1.0,1.0
10765,10765.png,2_4,0.43137254901960786,440,1020,817,643,0.13986013986013987,True,40,104,142,0.6855670103092784,True,133,12,49,0.7837837837837838,True,145,3,37,0.8296703296703297,True,151,0,31,1.0,1.0,1.0
10766,10766.png,16_32,0.7883742911153119,8341,10580,9491,9430,0.09076175040518639,True,56,241,320,0.3003875968992248,True,155,140,221,0.474835886214442,True,217,81,159,0.7912371134020618,True,307,12,69,1.0,1.0,1.0
10767,10767.png,4_8,0.6065719360568383,683,1126,838,971,0.14345991561181434,True,34,84,119,0.5754189944134078,True,103,26,50,0.8490566037735849,True,135,6,18,1.0,True,153,0,0,1.0,1.0,1.0
10768,10768.png,zero,1.0,0,0,0,0,1.0,True,0,0,0,1.0,True,0,0,0,1.0,True,0,0,0,1.0,True,0,0,0,0.0,0.0,0.0
10769,10769.png,16_32,0.7601268052131032,6474,8517,7965,7026,0.07116104868913857,True,38,256,240,0.28348214285714285,True,127,170,151,0.6666666666666666,True,230,67,48,0.9130434782608695,True,273,21,5,1.0,1.0,1.0
10770,10770.png,8_16,0.6874304783092324,618,899,708,809,0.16296296296296298,True,22,60,53,0.7816091954022989,True,68,12,7,0.925,True,74,5,1,0.974025974025974,True,75,2,0,1.0,1.0,1.0
10771,10771.png,16_32,0.2874251497005988,2064,7181,2357,6888,0.0,True,0,195,305,0.0,True,0,195,305,0.008016032064128256,True,4,194,301,0.08387096774193549,True,39,160,266,0.0,0.0,0.0
10772,10772.png,16_32,0.5003168280981262,5527,11047,6325,10249,0.045512010113780026,True,36,358,397,0.2473604826546003,True,164,230,269,0.361247947454844,True,220,176,213,0.5938104448742747,True,307,84,126,1.0,1.0,1.0
10773,10773.png,zero,1.0,0,0,0,0,1.0,True,0,0,0,1.0,True,0,0,0,1.0,True,0,0,0,1.0,True,0,0,0,0.0,0.0,0.0
10774,10774.png,thick,0.8489054228072686,11866,13978,13823,12021,0.03260869565217391,True,15,220,225,0.40707964601769914,True,138,99,102,0.7611940298507462,True,204,28,36,0.907258064516129,True,225,8,15,1.0,1.0,1.0
10775,10775.png,8_16,0.8516825924387204,2050,2407,2191,2266,0.29850746268656714,True,120,142,140,0.9847328244274809,True,258,2,2,1.0,True,260,0,0,1.0,True,260,0,0,1.0,1.0,1.0
10776,10776.png,16_32,0.8132316190977246,12366,15206,13398,14174,0.015625,True,9,219,348,0.10566037735849057,True,56,173,301,0.2782608695652174,True,128,103,229,0.5449871465295629,True,212,32,145,0.0,0.0,0.0
10777,10777.png,zero,1.0,0,0,0,0,1.0,True,0,0,0,1.0,True,0,0,0,1.0,True,0,0,0,1.0,True,0,0,0,0.0,0.0,0.0
10778,10778.png,2_4,0.6096491228070176,834,1368,1209,993,0.3073286052009456,True,130,126,167,0.8595317725752508,True,257,2,40,0.8956228956228957,True,266,0,31,0.9225589225589226,True,274,0,23,0.9922480620155039,0.8686868686868687,0.9263653959437853
10779,10779.png,8_16,0.7480916030534351,2156,2882,2187,2851,0.30982905982905984,True,145,163,160,0.8819875776397516,True,284,17,21,0.9446254071661238,True,290,2,15,0.9639344262295082,True,294,0,11,1.0,1.0,1.0
10780,10780.png,16_32,0.09549647314161692,176,1843,331,1688,0.0,True,0,54,62,0.008695652173913044,True,1,53,61,0.102803738317757,True,11,45,51,0.44086021505376344,True,41,31,21,0.0,0.0,0.0
10781,10781.png,8_16,0.9038251366120219,827,915,886,856,0.5074626865671642,True,68,30,36,0.9903846153846154,True,103,0,1,1.0,True,104,0,0,1.0,True,104,0,0,1.0,1.0,1.0
10782,10782.png,4_8,0.3944781426479816,1886,4781,2994,3673,0.06351351351351352,True,47,215,478,0.2752,True,172,100,353,0.42955326460481097,True,250,57,275,0.5985401459854015,True,328,23,197,0.955719557195572,0.5645472061657033,0.7098080664471715
10783,10783.png,8_16,0.0,0,1027,4,1023,0.0,True,0,4,72,0.0,True,0,4,72,0.0,True,0,4,72,0.0,True,0,4,72,0.0,0.0,0.0
10784,10784.png,zero,1.0,0,0,0,0,1.0,True,0,0,0,1.0,True,0,0,0,1.0,True,0,0,0,1.0,True,0,0,0,0.0,0.0,0.0
10785,10785.png,4_8,0.82901296111665,1663,2006,1724,1945,0.4265536723163842,True,151,101,102,1.0,True,253,0,0,1.0,True,253,0,0,1.0,True,253,0,0,1.0,1.0,1.0
10786,10786.png,8_16,0.8853448275862069,5135,5800,5391,5544,0.3328025477707006,True,209,217,202,0.844789356984479,True,381,40,30,0.9209302325581395,True,396,19,15,0.9902912621359223,True,408,1,3,1.0,1.0,1.0
10787,10787.png,16_32,0.553993782943641,4099,7399,5188,6310,0.06072106261859583,True,32,260,235,0.36585365853658536,True,150,143,117,0.6091954022988506,True,212,81,55,0.7469135802469136,True,242,57,25,1.0,1.0,1.0
10788,10788.png,2_4,0.3051337671728127,422,1383,996,809,0.08,True,30,153,192,0.5889328063241107,True,149,31,73,0.6583333333333333,True,158,18,64,0.6923076923076923,True,162,12,60,0.9615384615384616,0.7927927927927928,0.8690499703732966
10789,10789.png,thick,0.8537651500099345,17188,20132,17632,19688,0.030927835051546393,True,15,250,220,0.3271276595744681,True,123,141,112,0.75,True,213,49,22,0.8816793893129771,True,231,27,4,1.0,1.0,1.0
10790,10790.png,16_32,0.8511477761836442,4746,5576,5263,5059,0.07216494845360824,True,21,114,156,0.30833333333333335,True,74,63,103,0.6701570680628273,True,128,14,49,0.903954802259887,True,160,0,17,1.0,1.0,1.0
10791,10791.png,16_32,0.6653034668649502,7158,10759,9799,8118,0.0589622641509434,True,50,426,372,0.32158590308370044,True,219,259,203,0.7066666666666667,True,371,103,51,0.8604166666666667,True,413,58,9,1.0,1.0,1.0
10792,10792.png,8_16,0.8221879083026488,6922,8419,7890,7451,0.10209102091020911,True,83,345,385,0.5971731448763251,True,338,98,130,0.8673469387755102,True,425,22,43,0.9311064718162839,True,446,11,22,1.0,0.9979879275653923,0.9989929506545822
10793,10793.png,4_8,0.5190369540873461,927,1786,1541,1172,0.23865877712031558,True,121,210,176,0.721763085399449,True,262,66,35,0.8284883720930233,True,285,47,12,0.9221183800623053,True,296,24,1,0.9939759036144579,1.0,0.9969788519637462
10794,10794.png,zero,1.0,0,0,0,0,1.0,True,0,0,0,1.0,True,0,0,0,1.0,True,0,0,0,1.0,True,0,0,0,0.0,0.0,0.0
10795,10795.png,4_8,0.6964102564102564,679,975,833,821,0.2765151515151515,True,73,91,100,0.9157303370786517,True,163,5,10,0.976878612716763,True,169,0,4,1.0,True,173,0,0,1.0,1.0,1.0
10796,10796.png,16_32,0.7717316434770629,5602,7259,6850,6011,0.0743362831858407,True,42,284,239,0.4768856447688564,True,196,130,85,0.7228571428571429,True,253,69,28,0.9006410256410257,True,281,31,0,0.9365079365079365,1.0,0.9672131147540983
10797,10797.png,0_2,0.6063675832127352,419,691,600,510,0.57421875,True,294,105,113,0.9258373205741627,True,387,11,20,0.9636803874092009,True,398,6,9,0.9951100244498777,True,407,2,0,0.9846153846153847,1.0,0.9922480620155039
10798,10798.png,0_2,0.5577445652173914,821,1472,1129,1164,0.5222772277227723,True,633,221,358,0.8148148148148148,True,836,35,155,0.8517786561264822,True,862,21,129,0.893,True,893,9,98,0.9750889679715302,0.9707661290322581,0.9729227467732032
10799,10799.png,16_32,0.4622264509990485,2429,5255,4750,2934,0.03155339805825243,True,13,232,167,0.3046153846153846,True,99,145,81,0.5845588235294118,True,159,92,21,0.6566037735849056,True,174,85,6,0.6653386454183267,1.0,0.799043062200957
10800,10800.png,2_4,0.4303206997084548,738,1715,871,1582,0.205607476635514,True,110,139,286,0.6372795969773299,True,253,1,143,0.6515151515151515,True,258,0,138,0.6767676767676768,True,268,0,128,1.0,0.5804020100502513,0.7344992050874405
