sample_id,filename,thickness_bin,iou,iou_intersection,iou_union,pred_foreground,gt_foreground,cliou_0,cliou_0_included,cliou_0_tp,cliou_0_fp,cliou_0_fn,cliou_2,cliou_2_included,cliou_2_tp,cliou_2_fp,cliou_2_fn,cliou_4,cliou_4_included,cliou_4_tp,cliou_4_fp,cliou_4_fn,cliou_8,cliou_8_included,cliou_8_tp,cliou_8_fp,cliou_8_fn,pcs,rcs,cts
9601,09601.png,0_2,0.46551724137931033,513,1102,809,806,0.35,True,301,236,323,0.8509984639016898,True,554,27,70,0.9429477020602218,True,595,7,29,0.9855769230769231,True,615,0,9,0.953757225433526,1.0,0.9763313609467456
9602,09602.png,8_16,0.2684623166413758,2123,7908,4002,6029,0.051934287228404874,True,98,1256,533,0.19025367156208278,True,285,867,346,0.2672,True,334,619,297,0.3637254901960784,True,371,389,260,0.7755102040816326,0.6953846153846154,0.7332650273224043
9603,09603.png,16_32,0.6739068031767295,7043,10451,9668,7826,0.007331378299120235,True,5,308,369,0.09538950715421304,True,60,255,314,0.37649402390438247,True,189,128,185,0.6714285714285714,True,282,46,92,1.0,1.0,1.0
9604,09604.png,16_32,0.6924322136786726,6844,9884,9524,7204,0.09282700421940929,True,44,220,210,0.373015873015873,True,141,124,113,0.5840978593272171,True,191,73,63,0.9581749049429658,True,252,9,2,1.0,1.0,1.0
9605,09605.png,4_8,0.6689008042895442,499,746,714,531,0.09473684210526316,True,18,116,56,0.46564885496183206,True,61,57,13,0.7551020408163265,True,74,24,0,0.9487179487179487,True,74,4,0,1.0,1.0,1.0
9606,09606.png,16_32,0.7709143268538516,5354,6945,6058,6241,0.07428571428571429,True,39,192,294,0.3333333333333333,True,141,90,192,0.56353591160221,True,204,29,129,0.8828828828828829,True,294,0,39,1.0,1.0,1.0
9607,09607.png,2_4,0.17534246575342466,256,1460,822,894,0.050073637702503684,True,34,424,221,0.2607879924953096,True,139,278,116,0.4704370179948586,True,183,134,72,0.7173144876325088,True,203,28,52,0.6534216335540839,0.7346938775510204,0.6916785667921589
9608,09608.png,zero,0.0,0,32,32,0,0.0,True,0,25,0,0.0,True,0,25,0,0.0,True,0,25,0,0.0,True,0,25,0,0.0,0.0,0.0
9609,09609.png,2_4,0.2878289473684211,525,1824,1295,1054,0.11554800339847068,True,136,731,310,0.3860759493670886,True,305,344,141,0.6586345381526104,True,328,52,118,0.7899343544857768,True,361,11,85,0.9423963133640553,0.8688888888888889,0.904151024469673
9610,09610.png,8_16,0.3427997705106139,1195,3486,3164,1517,0.03314917127071823,True,12,216,134,0.24172185430463577,True,73,156,73,0.3851851851851852,True,104,124,42,0.4474708171206226,True,115,111,31,0.0,0.0,0.0
9611,09611.png,zero,1.0,0,0,0,0,1.0,True,0,0,0,1.0,True,0,0,0,1.0,True,0,0,0,1.0,True,0,0,0,0.0,0.0,0.0
9612,09612.png,thick,0.7084713171669693,6632,9361,7531,8462,0.004434589800443459,True,2,232,217,0.165374677002584,True,64,168,155,0.5734265734265734,True,164,67,55,0.8893617021276595,True,209,16,10,0.0,0.0,0.0
9613,09613.png,16_32,0.7688747468903674,5316,6914,6337,5893,0.0625,True,32,232,248,0.391304347826087,True,153,111,127,0.7475728155339806,True,231,29,49,0.8537414965986394,True,251,14,29,1.0,1.0,1.0
9614,09614.png,16_32,0.6561360874848117,9180,13991,12997,10174,0.006144393241167435,True,4,311,336,0.095,True,57,260,283,0.24574669187145556,True,130,189,210,0.5619047619047619,True,236,80,104,0.0,0.2872340425531915,0.0
9615,09615.png,thick,0.7988021295474712,18005,22540,22020,18525,0.009779951100244499,True,8,316,494,0.0868421052631579,True,66,258,436,0.28313253012048195,True,188,162,314,0.5547826086956522,True,319,73,183,0.0,0.0,0.0
9616,09616.png,zero,1.0,0,0,0,0,1.0,True,0,0,0,1.0,True,0,0,0,1.0,True,0,0,0,1.0,True,0,0,0,0.0,0.0,0.0
9617,09617.png,zero,1.0,0,0,0,0,1.0,True,0,0,0,1.0,True,0,0,0,1.0,True,0,0,0,1.0,True,0,0,0,0.0,0.0,0.0
9618,09618.png,16_32,0.7080025404890441,4459,6298,5567,5190,0.05918367346938776,True,29,214,247,0.3147208121827411,True,124,118,152,0.5645645645645646,True,188,57,88,0.8920863309352518,True,248,2,28,1.0,0.8678571428571429,0.9292543021032504
9619,09619.png,zero,1.0,0,0,0,0,1.0,True,0,0,0,1.0,True,0,0,0,1.0,True,0,0,0,1.0,True,0,0,0,0.0,0.0,0.0
9620,09620.png,8_16,0.7053500133084908,2650,3757,3747,2660,0.14285714285714285,True,46,139,137,0.5956521739130435,True,137,47,46,0.9417989417989417,True,178,6,5,1.0,True,183,0,0,0.8556149732620321,0.8655913978494624,0.860574272971754
9621,09621.png,thick,0.8903680501174628,13644,15324,14291,14677,0.03557312252964427,True,18,261,227,0.3025,True,121,155,124,0.5969230769230769,True,194,80,51,0.7958477508650519,True,230,44,15,1.0,1.0,1.0
9622,09622.png,thick,0.8273606758413953,6072,7339,7332,6079,0.027491408934707903,True,8,137,146,0.2863247863247863,True,67,80,87,0.5510204081632653,True,108,42,46,1.0,True,154,0,0,1.0,1.0,1.0
9623,09623.png,8_16,0.5602600697748177,3533,6306,5505,4334,0.056768558951965066,True,52,548,316,0.3416422287390029,True,233,314,135,0.5706618962432916,True,319,191,49,0.7423312883435583,True,363,121,5,0.993660855784469,1.0,0.9968203497615262
9624,09624.png,16_32,0.7682926829268293,5418,7052,5953,6517,0.0379746835443038,True,21,233,299,0.3681710213776722,True,155,101,165,0.5826558265582655,True,215,49,105,0.7867867867867868,True,262,13,58,1.0,1.0,1.0
9625,09625.png,4_8,0.799044819985305,2175,2722,2356,2541,0.2148936170212766,True,101,179,190,0.9169435215946844,True,276,10,15,0.9896907216494846,True,288,0,3,1.0,True,291,0,0,1.0,1.0,1.0
9626,09626.png,4_8,0.5274937828129318,1909,3619,2698,2830,0.10397830018083183,True,115,698,293,0.4542857142857143,True,318,292,90,0.7712418300653595,True,354,51,54,0.8823529411764706,True,360,0,48,1.0,1.0,1.0
9627,09627.png,8_16,0.5090530697190426,2446,4805,3488,3763,0.05755395683453238,True,40,242,413,0.3877159309021113,True,202,68,251,0.6048565121412803,True,274,0,179,0.6335540838852097,True,287,0,166,1.0,0.7422222222222222,0.8520408163265306
9628,09628.png,zero,1.0,0,0,0,0,1.0,True,0,0,0,1.0,True,0,0,0,1.0,True,0,0,0,1.0,True,0,0,0,0.0,0.0,0.0
9629,09629.png,16_32,0.8108064774731442,5057,6237,5700,5594,0.11952191235059761,True,60,207,235,0.6826347305389222,True,228,39,67,0.9389830508474576,True,277,0,18,0.9932203389830508,True,293,0,2,1.0,1.0,1.0
9630,09630.png,16_32,0.5915959832309642,6068,10257,8894,7431,0.026134800550206328,True,19,351,357,0.17936507936507937,True,113,254,263,0.4101123595505618,True,219,158,157,0.8781094527363185,True,353,26,23,1.0,1.0,1.0
9631,09631.png,16_32,0.6675752855659398,5143,7704,6962,5885,0.010141987829614604,True,5,230,258,0.3131578947368421,True,119,117,144,0.6644518272425249,True,200,38,63,0.9358490566037736,True,248,2,15,1.0,1.0,1.0
9632,09632.png,thick,0.8169934640522876,13625,16677,15983,14319,0.043706293706293704,True,25,229,318,0.25949367088607594,True,123,131,220,0.4691358024691358,True,190,62,153,0.7171428571428572,True,251,7,92,1.0,1.0,1.0
9633,09633.png,8_16,0.5760016522098307,2789,4842,3637,3994,0.09396914446002805,True,67,393,253,0.3619402985074627,True,194,216,126,0.5676328502415459,True,235,94,85,0.8233532934131736,True,275,14,45,1.0,0.99079754601227,0.9953775038520801
9634,09634.png,zero,1.0,0,0,0,0,1.0,True,0,0,0,1.0,True,0,0,0,1.0,True,0,0,0,1.0,True,0,0,0,0.0,0.0,0.0
9635,09635.png,thick,0.868419076229816,11563,13315,12196,12682,0.04678362573099415,True,24,210,279,0.3948051948051948,True,152,82,151,0.6371681415929203,True,216,36,87,0.8646864686468647,True,262,0,41,1.0,0.9915966386554622,0.9957805907172996
9636,09636.png,4_8,0.5643044619422573,1290,2286,2276,1300,0.015957446808510637,True,6,209,161,0.29491525423728815,True,87,128,80,0.7980769230769231,True,166,41,1,0.8608247422680413,True,167,27,0,0.0,0.4880952380952381,0.0
9637,09637.png,4_8,0.7650602409638554,1651,2158,1685,2124,0.20193637621023514,True,146,399,178,0.7235023041474654,True,314,110,10,0.90625,True,319,28,5,1.0,True,324,0,0,0.9966159052453468,1.0,0.9983050847457626
9638,09638.png,0_2,0.24299065420560748,260,1070,670,660,0.23557126030624265,True,200,251,398,0.6775193798449612,True,437,47,161,0.7867528271405493,True,487,21,111,0.865040650406504,True,532,17,66,0.8093023255813954,1.0,0.8946015424164524
9639,09639.png,8_16,0.8991793669402111,767,853,815,805,0.4122137404580153,True,54,37,40,0.9680851063829787,True,91,0,3,0.9893617021276596,True,93,0,1,1.0,True,94,0,0,1.0,1.0,1.0
9640,09640.png,2_4,0.42433862433862435,401,945,476,870,0.29836829836829837,True,128,162,139,0.8451178451178452,True,251,30,16,0.9888888888888889,True,267,3,0,1.0,True,267,0,0,0.8961937716262975,1.0,0.9452554744525548
9641,09641.png,zero,1.0,0,0,0,0,1.0,True,0,0,0,1.0,True,0,0,0,1.0,True,0,0,0,1.0,True,0,0,0,0.0,0.0,0.0
9642,09642.png,thick,0.8737190767001346,8441,9661,8716,9386,0.02702702702702703,True,13,251,217,0.4716417910447761,True,158,105,72,0.7941176470588235,True,216,42,14,0.9163346613545816,True,230,21,0,1.0,1.0,1.0
9643,09643.png,0_2,0.5431861804222649,849,1563,1311,1101,0.5298935298935299,True,647,250,324,0.9381965552178319,True,926,16,45,0.9805128205128205,True,956,4,15,0.9969104016477858,True,968,0,3,0.9750283768444948,1.0,0.9873563218390805
9644,09644.png,16_32,0.5960481099656357,3469,5820,3553,5736,0.08552631578947369,True,39,202,215,0.37815126050420167,True,135,103,119,0.4954128440366973,True,162,73,92,0.8065693430656934,True,221,20,33,1.0,1.0,1.0
9645,09645.png,16_32,0.8264613346580559,4991,6039,5304,5726,0.15274949083503056,True,75,187,229,0.7289156626506024,True,242,28,62,0.9111842105263158,True,277,0,27,0.9506578947368421,True,289,0,15,1.0,1.0,1.0
9646,09646.png,16_32,0.7623453875932396,8074,10591,9138,9527,0.08040770101925254,True,71,363,449,0.42074074074074075,True,284,155,236,0.7065026362038664,True,402,49,118,0.9596153846153846,True,499,0,21,0.9978213507625272,1.0,0.9989094874591058
9647,09647.png,thick,0.9036319173987863,19954,22082,21213,20823,0.040421792618629174,True,23,259,287,0.21311475409836064,True,104,178,206,0.5128865979381443,True,199,78,111,0.7043478260869566,True,243,35,67,1.0,1.0,1.0
9648,09648.png,2_4,0.10943643512450851,167,1526,799,894,0.059248554913294796,True,41,437,214,0.2577696526508227,True,141,292,114,0.4389027431421446,True,176,146,79,0.639871382636656,True,199,56,56,0.8115631691648822,0.859375,0.8347850463546986
9649,09649.png,16_32,0.7206270627062706,4367,6060,5829,4598,0.10330578512396695,True,50,212,222,0.5169491525423728,True,183,82,89,0.6350148367952523,True,214,65,58,0.7955974842767296,True,253,46,19,1.0,1.0,1.0
9650,09650.png,zero,1.0,0,0,0,0,1.0,True,0,0,0,1.0,True,0,0,0,1.0,True,0,0,0,1.0,True,0,0,0,0.0,0.0,0.0
9651,09651.png,4_8,0.5689930740543421,1068,1877,1680,1265,0.14119601328903655,True,85,346,171,0.6898550724637681,True,238,89,18,0.933579335793358,True,253,15,3,0.9770992366412213,True,256,6,0,0.9890829694323144,1.0,0.9945115257958288
9652,09652.png,zero,0.0,0,115,115,0,0.0,True,0,56,0,0.0,True,0,56,0,0.0,True,0,56,0,0.0,True,0,56,0,0.0,0.0,0.0
9653,09653.png,zero,0.0,0,16,16,0,0.0,True,0,13,0,0.0,True,0,13,0,0.0,True,0,13,0,0.0,True,0,13,0,0.0,0.0,0.0
9654,09654.png,16_32,0.8226430190692092,6169,7499,7141,6527,0.0613107822410148,True,29,226,218,0.5151515151515151,True,170,83,77,0.8550185873605948,True,230,22,17,0.9416342412451362,True,242,10,5,1.0,1.0,1.0
9655,09655.png,8_16,0.618663751878672,4528,7319,7212,4635,0.057971014492753624,True,36,294,291,0.45494505494505494,True,207,128,120,0.7874659400544959,True,289,40,38,1.0,True,327,0,0,1.0,1.0,1.0
9656,09656.png,2_4,0.5812077043206664,2233,3842,3478,2597,0.19541080680977055,True,264,687,400,0.7405140758873929,True,605,153,59,0.8978723404255319,True,633,41,31,0.9490538573508006,True,652,23,12,0.980788675429727,1.0,0.9903011740684022
9657,09657.png,0_2,0.38453713123092575,378,983,614,747,0.323037323037323,True,251,193,333,0.7808896210873146,True,474,23,110,0.8709677419354839,True,513,5,71,0.9247863247863248,True,541,1,43,0.9432624113475178,1.0,0.9708029197080292
9658,09658.png,16_32,0.8515354421611637,11064,12993,12049,12008,0.03382949932341001,True,25,255,459,0.19500780031201248,True,125,157,359,0.42173112338858193,True,229,59,255,0.6962809917355371,True,337,0,147,1.0,1.0,1.0
9659,09659.png,thick,0.7770804146819837,13867,17845,15025,16687,0.02593192868719611,True,16,287,314,0.11754385964912281,True,67,240,263,0.21142857142857144,True,111,195,219,0.7101063829787234,True,267,46,63,1.0,1.0,1.0
9660,09660.png,4_8,0.2813102119460501,438,1557,724,1271,0.07450331125827815,True,45,346,213,0.28992628992628994,True,118,149,140,0.40066225165562913,True,121,44,137,0.4460431654676259,True,124,20,134,1.0,0.45703125,0.6273458445040214
9661,09661.png,zero,1.0,0,0,0,0,1.0,True,0,0,0,1.0,True,0,0,0,1.0,True,0,0,0,1.0,True,0,0,0,0.0,0.0,0.0
9662,09662.png,16_32,0.6777234326367274,7621,11245,10249,8617,0.09745762711864407,True,69,270,369,0.3829787234042553,True,216,126,222,0.6231884057971014,True,301,45,137,0.8310502283105022,True,364,0,74,1.0,0.9800443458980045,0.9899216125419934
9663,09663.png,8_16,0.6684298800154819,5181,7751,7694,5238,0.008130081300813009,True,5,268,342,0.12186379928315412,True,68,211,279,0.2868686868686869,True,142,148,205,0.7849462365591398,True,292,25,55,1.0,0.9972677595628415,0.9986320109439125
9664,09664.png,thick,0.7896297230808049,12518,15853,13534,14837,0.038461538461538464,True,26,305,345,0.229020979020979,True,131,201,240,0.4730290456431535,True,228,111,143,0.89501312335958,True,341,10,30,1.0,1.0,1.0
9665,09665.png,16_32,0.8843359488520779,6086,6882,6109,6859,0.2444933920704846,True,111,157,186,0.9060402684563759,True,270,1,27,0.9194630872483222,True,274,1,23,0.9463087248322147,True,282,1,15,0.9964788732394366,1.0,0.998236331569665
9666,09666.png,thick,0.43240377967273563,9381,21695,9381,21695,0.0027816411682892906,True,2,424,293,0.018387553041018388,True,13,412,282,0.04454022988505747,True,31,401,264,0.08345752608047691,True,56,376,239,0.0,0.0,0.0
9667,09667.png,16_32,0.7575006410804342,8862,11699,9851,10710,0.0421216848673947,True,27,275,339,0.2072072072072072,True,115,189,251,0.5257270693512305,True,235,81,131,0.8807588075880759,True,325,3,41,0.95625,0.9284009546539379,0.9421197179196974
9668,09668.png,zero,1.0,0,0,0,0,1.0,True,0,0,0,1.0,True,0,0,0,1.0,True,0,0,0,1.0,True,0,0,0,0.0,0.0,0.0
9669,09669.png,16_32,0.9567377354584972,4622,4831,4657,4796,0.5166163141993958,True,171,81,79,1.0,True,250,0,0,1.0,True,250,0,0,1.0,True,250,0,0,1.0,1.0,1.0
9670,09670.png,thick,0.8759803458376642,18541,21166,19657,20050,0.06896551724137931,True,34,220,239,0.2336448598130841,True,100,155,173,0.44021739130434784,True,162,95,111,0.7352941176470589,True,225,33,48,1.0,1.0,1.0
9671,09671.png,0_2,0.4977109221713538,761,1529,1192,1098,0.46219201359388273,True,544,254,379,0.9020234291799787,True,847,16,76,0.9655543595263725,True,897,6,26,0.9913513513513513,True,917,2,6,0.9433719433719434,1.0,0.9708609271523179
9672,09672.png,zero,1.0,0,0,0,0,1.0,True,0,0,0,1.0,True,0,0,0,1.0,True,0,0,0,1.0,True,0,0,0,0.0,0.0,0.0
9673,09673.png,4_8,0.2911184210526316,177,608,189,596,0.0891089108910891,True,18,116,68,0.4198473282442748,True,55,45,31,0.6741573033707865,True,60,3,26,0.7790697674418605,True,67,0,19,0.9153846153846154,0.9204545454545454,0.9179125797543091
9674,09674.png,zero,1.0,0,0,0,0,1.0,True,0,0,0,1.0,True,0,0,0,1.0,True,0,0,0,1.0,True,0,0,0,0.0,0.0,0.0
9675,09675.png,8_16,0.36267318663406684,445,1227,849,823,0.04310344827586207,True,15,284,49,0.19444444444444445,True,56,224,8,0.22568093385214008,True,58,193,6,0.2683982683982684,True,62,167,2,0.5079872204472844,1.0,0.6737288135593221
9676,09676.png,16_32,0.8437464820443544,7495,8883,7901,8477,0.10507246376811594,True,58,206,288,0.4376470588235294,True,186,79,160,0.7186629526462396,True,258,13,88,0.8265895953757225,True,286,0,60,1.0,1.0,1.0
9677,09677.png,thick,0.8362432847275518,8717,10424,9415,9726,0.06321839080459771,True,33,225,264,0.34782608695652173,True,144,117,153,0.5537190082644629,True,201,66,96,0.8741721854304636,True,264,5,33,1.0,0.9834983498349835,0.9916805324459235
9678,09678.png,16_32,0.6850380936942778,4226,6169,4506,5889,0.026455026455026454,True,10,176,192,0.16167664670658682,True,54,132,148,0.4716981132075472,True,125,63,77,0.8952380952380953,True,188,8,14,1.0,1.0,1.0
9679,09679.png,8_16,0.116331096196868,104,894,111,887,0.005813953488372093,True,1,75,96,0.45,True,54,23,43,0.6666666666666666,True,70,8,27,0.7938144329896907,True,77,0,20,0.4383561643835616,0.0,0.0
9680,09680.png,zero,1.0,0,0,0,0,1.0,True,0,0,0,1.0,True,0,0,0,1.0,True,0,0,0,1.0,True,0,0,0,0.0,0.0,0.0
9681,09681.png,16_32,0.6701971830985916,5948,8875,6546,8277,0.13663845223700122,True,113,337,377,0.5590682196339434,True,336,111,154,0.6491228070175439,True,370,80,120,0.816793893129771,True,428,34,62,1.0,0.9980430528375733,0.999020568070519
9682,09682.png,zero,1.0,0,0,0,0,1.0,True,0,0,0,1.0,True,0,0,0,1.0,True,0,0,0,1.0,True,0,0,0,0.0,0.0,0.0
9683,09683.png,zero,1.0,0,0,0,0,1.0,True,0,0,0,1.0,True,0,0,0,1.0,True,0,0,0,1.0,True,0,0,0,0.0,0.0,0.0
9684,09684.png,4_8,0.13366834170854272,133,995,190,938,0.0778816199376947,True,25,107,189,0.43829787234042555,True,103,21,111,0.5694444444444444,True,123,2,91,0.7336448598130841,True,157,0,57,0.9015151515151515,1.0,0.9482071713147411
9685,09685.png,4_8,0.7088607594936709,1960,2765,2096,2629,0.2450532724505327,True,161,291,205,0.7414965986394558,True,327,75,39,0.8357843137254902,True,341,42,25,0.9481865284974094,True,366,20,0,0.9840546697038725,1.0,0.9919632606199771
9686,09686.png,16_32,0.74645129711209,1525,2043,1629,1939,0.08097165991902834,True,20,130,97,0.5317919075144508,True,92,56,25,0.7605633802816901,True,108,25,9,0.9105691056910569,True,112,6,5,1.0,1.0,1.0
9687,09687.png,2_4,0.5035211267605634,715,1420,943,1192,0.17916666666666667,True,129,374,217,0.7044334975369458,True,286,60,60,0.8514285714285714,True,298,4,48,0.9335260115606936,True,323,0,23,0.9585798816568047,1.0,0.9788519637462235
9688,09688.png,8_16,0.8834782608695653,3048,3450,3193,3305,0.36363636363636365,True,176,145,163,0.8945868945868946,True,314,12,25,0.9365994236311239,True,325,8,14,0.9595375722543352,True,332,7,7,0.9818731117824774,1.0,0.9908536585365855
9689,09689.png,8_16,0.07684729064039408,390,5075,3433,2032,0.009146341463414634,True,3,182,143,0.040498442367601244,True,13,175,133,0.07006369426751592,True,22,168,124,0.1522491349480969,True,44,143,102,0.0,0.0,0.0
9690,09690.png,zero,1.0,0,0,0,0,1.0,True,0,0,0,1.0,True,0,0,0,1.0,True,0,0,0,1.0,True,0,0,0,0.0,0.0,0.0
9691,09691.png,thick,0.7706490461472877,14462,18766,17163,16065,0.010479041916167664,True,7,283,378,0.0546875,True,35,255,350,0.1566265060240964,True,91,196,294,0.4,True,198,110,187,0.0,0.0,0.0
9692,09692.png,thick,0.7162974411815215,8342,11646,8816,11172,0.01782178217821782,True,9,248,248,0.1925754060324826,True,83,174,174,0.5421686746987951,True,180,75,77,0.8472727272727273,True,233,18,24,1.0,1.0,1.0
9693,09693.png,8_16,0.13033254954652335,388,2977,464,2901,0.030035335689045935,True,17,274,275,0.2549019607843137,True,117,167,175,0.56047197640118,True,190,47,102,0.7636986301369864,True,223,0,69,0.6943396226415094,1.0,0.8195991091314031
9694,09694.png,16_32,0.7708506688856174,12043,15623,13766,13900,0.06753554502369669,True,57,375,412,0.4015625,True,257,171,212,0.7387914230019493,True,379,44,90,0.8551020408163266,True,419,21,50,1.0,0.8352941176470589,0.9102564102564102
9695,09695.png,0_2,0.5136363636363637,452,880,746,586,0.45671641791044776,True,306,187,177,0.9345238095238095,True,471,21,12,0.9917695473251029,True,482,3,1,1.0,True,483,0,0,0.9642857142857143,1.0,0.9818181818181818
9696,09696.png,8_16,0.2876301040832666,1437,4996,4758,1675,0.017902813299232736,True,7,218,166,0.08791208791208792,True,32,191,141,0.2709677419354839,True,84,137,89,0.5097276264591439,True,131,84,42,0.0,0.39204545454545453,0.0
9697,09697.png,4_8,0.3880157170923379,790,2036,1135,1691,0.07246376811594203,True,55,511,193,0.3203125,True,164,264,84,0.45103092783505155,True,175,140,73,0.625,True,190,56,58,0.9833333333333333,1.0,0.9915966386554621
9698,09698.png,8_16,0.6207830583600098,2521,4061,2711,3871,0.0994236311239193,True,69,433,192,0.46956521739130436,True,216,199,45,0.7569230769230769,True,246,64,15,1.0,True,261,0,0,1.0,1.0,1.0
9699,09699.png,zero,1.0,0,0,0,0,1.0,True,0,0,0,1.0,True,0,0,0,1.0,True,0,0,0,1.0,True,0,0,0,0.0,0.0,0.0
9700,09700.png,8_16,0.5732332478945441,3131,5462,5073,3520,0.046511627906976744,True,22,229,222,0.2113022113022113,True,86,163,158,0.5362776025236593,True,170,73,74,0.9877551020408163,True,242,1,2,1.0,1.0,1.0
9701,09701.png,16_32,0.6289786880708552,4545,7226,6722,5049,0.04852320675105485,True,23,227,224,0.3342245989304813,True,125,127,122,0.6534653465346535,True,198,56,49,0.9801587301587301,True,247,5,0,1.0,1.0,1.0
9702,09702.png,thick,0.8034021986353298,16955,21104,20431,17628,0.04704097116843703,True,31,332,296,0.20173913043478262,True,116,248,211,0.3003731343283582,True,161,209,166,0.7167487684729064,True,291,79,36,0.0,0.0,0.0
9703,09703.png,16_32,0.5504866180048662,4525,8220,5932,6813,0.005847953216374269,True,3,213,297,0.07644628099173553,True,37,184,263,0.21052631578947367,True,92,137,208,0.38817480719794345,True,151,89,149,0.0,0.0,0.0
9704,09704.png,zero,1.0,0,0,0,0,1.0,True,0,0,0,1.0,True,0,0,0,1.0,True,0,0,0,1.0,True,0,0,0,0.0,0.0,0.0
9705,09705.png,zero,1.0,0,0,0,0,1.0,True,0,0,0,1.0,True,0,0,0,1.0,True,0,0,0,1.0,True,0,0,0,0.0,0.0,0.0
9706,09706.png,8_16,0.6948561464690497,3188,4588,4473,3303,0.045364891518737675,True,23,218,266,0.3208955223880597,True,129,113,160,0.653250773993808,True,211,34,78,0.9134948096885813,True,264,0,25,1.0,1.0,1.0
9707,09707.png,2_4,0.480528511821975,691,1438,986,1143,0.20986093552465235,True,166,389,236,0.6416309012875536,True,299,64,103,0.7574257425742574,True,306,2,96,0.7786069651741293,True,313,0,89,0.972027972027972,0.7481108312342569,0.8454953202121777
9708,09708.png,8_16,0.3822129684711481,1285,3362,3125,1522,0.031315240083507306,True,15,345,119,0.15130023640661938,True,64,289,70,0.3504273504273504,True,123,217,11,0.46366782006920415,True,134,155,0,1.0,1.0,1.0
9709,09709.png,zero,1.0,0,0,0,0,1.0,True,0,0,0,1.0,True,0,0,0,1.0,True,0,0,0,1.0,True,0,0,0,0.0,0.0,0.0
9710,09710.png,zero,1.0,0,0,0,0,1.0,True,0,0,0,1.0,True,0,0,0,1.0,True,0,0,0,1.0,True,0,0,0,0.0,0.0,0.0
9711,09711.png,16_32,0.7462638770281811,6991,9368,8165,8194,0.058823529411764705,True,30,239,241,0.2523148148148148,True,109,161,162,0.49025069637883006,True,176,88,95,0.8235294117647058,True,238,18,33,1.0,1.0,1.0
9712,09712.png,16_32,0.7064888490418021,6304,8923,8641,6586,0.04627766599597585,True,23,238,236,0.34974093264248707,True,135,127,124,0.7679180887372014,True,225,34,34,0.9696969696969697,True,256,5,3,1.0,1.0,1.0
9713,09713.png,8_16,0.5777488614183475,2664,4611,4548,2727,0.10021786492374728,True,46,192,221,0.5014749262536873,True,170,72,97,0.8586956521739131,True,237,9,30,0.9737827715355806,True,260,0,7,1.0,0.9893238434163701,0.9946332737030411
9714,09714.png,16_32,0.5894435156436589,2468,4187,3386,3269,0.05693950177935943,True,16,151,114,0.22406639004149378,True,54,111,76,0.4405940594059406,True,89,72,41,0.8496732026143791,True,130,23,0,1.0,1.0,1.0
9715,09715.png,zero,1.0,0,0,0,0,1.0,True,0,0,0,1.0,True,0,0,0,1.0,True,0,0,0,1.0,True,0,0,0,0.0,0.0,0.0
9716,09716.png,8_16,0.619538077403246,3970,6408,5783,4595,0.1124031007751938,True,58,198,260,0.48081841432225064,True,188,73,130,0.6274509803921569,True,224,39,94,0.7354651162790697,True,253,26,65,1.0,1.0,1.0
9717,09717.png,4_8,0.36821854559445943,957,2599,1259,2297,0.1016949152542373,True,90,532,263,0.4253472222222222,True,245,223,108,0.6338028169014085,True,270,73,83,0.7907608695652174,True,291,15,62,0.9149922720247295,0.928374655647383,0.9216348874542368
9718,09718.png,0_2,0.45808383233532934,459,1002,830,631,0.38615179760319573,True,290,246,215,0.8784029038112523,True,484,46,21,0.986328125,True,505,7,0,1.0,True,505,0,0,0.9090909090909091,1.0,0.9523809523809523
9719,09719.png,8_16,0.7923739879864194,3034,3829,3632,3231,0.17330677290836655,True,87,212,203,0.815625,True,261,30,29,1.0,True,290,0,0,1.0,True,290,0,0,1.0,1.0,1.0
9720,09720.png,8_16,0.8884578079534433,1832,2062,1898,1996,0.4307228915662651,True,143,92,97,0.8494208494208494,True,220,19,20,0.9083665338645418,True,228,11,12,0.9791666666666666,True,235,0,5,1.0,1.0,1.0
9721,09721.png,16_32,0.5289027111081063,7823,14791,12007,10607,0.013172338090010977,True,12,316,583,0.08844339622641509,True,75,253,520,0.19768934531450577,True,154,184,441,0.45329249617151607,True,296,58,299,0.10843373493975904,0.0,0.0
9722,09722.png,8_16,0.0,0,1086,0,1086,0.0,True,0,0,62,0.0,True,0,0,62,0.0,True,0,0,62,0.0,True,0,0,62,0.0,0.0,0.0
9723,09723.png,4_8,0.732753449310138,2443,3334,2613,3164,0.39186691312384475,True,212,147,182,0.8602941176470589,True,351,14,43,0.9368686868686869,True,371,2,23,0.9772727272727273,True,387,2,7,0.9944598337950139,1.0,0.9972222222222222
9724,09724.png,0_2,0.3510235026535254,463,1319,889,893,0.3423760523854069,True,366,239,464,0.7887154861944778,True,657,3,173,0.8291215403128761,True,689,1,141,0.8771084337349397,True,728,0,102,0.976271186440678,1.0,0.9879931389365352
9725,09725.png,thick,0.8060788746546094,19254,23886,23680,19460,0.018518518518518517,True,10,262,268,0.14822546972860126,True,71,201,207,0.3325242718446602,True,137,134,141,0.7845659163987139,True,244,33,34,1.0,1.0,1.0
9726,09726.png,zero,1.0,0,0,0,0,1.0,True,0,0,0,1.0,True,0,0,0,1.0,True,0,0,0,1.0,True,0,0,0,0.0,0.0,0.0
9727,09727.png,thick,0.8041237113402062,8970,11155,9754,10371,0.03896103896103896,True,21,250,268,0.19444444444444445,True,91,179,198,0.39054726368159204,True,157,113,132,0.9480968858131488,True,274,0,15,1.0,1.0,1.0
9728,09728.png,2_4,0.3774145616641902,508,1346,1121,733,0.07238095238095238,True,38,324,163,0.34048257372654156,True,127,172,74,0.5238095238095238,True,143,72,58,0.6774193548387096,True,147,16,54,1.0,0.6567164179104478,0.7927927927927928
9729,09729.png,16_32,0.6924560134972283,5746,8298,5982,8062,0.13157894736842105,True,60,190,206,0.42699724517906334,True,155,97,111,0.6352201257861635,True,202,52,64,0.9625468164794008,True,257,1,9,1.0,1.0,1.0
9730,09730.png,zero,1.0,0,0,0,0,1.0,True,0,0,0,1.0,True,0,0,0,1.0,True,0,0,0,1.0,True,0,0,0,0.0,0.0,0.0
9731,09731.png,zero,1.0,0,0,0,0,1.0,True,0,0,0,1.0,True,0,0,0,1.0,True,0,0,0,1.0,True,0,0,0,0.0,0.0,0.0
9732,09732.png,8_16,0.5262741999209799,2664,5062,3127,4599,0.08255451713395638,True,53,272,317,0.29310344827586204,True,153,152,217,0.4592760180995475,True,203,72,167,0.6424870466321243,True,248,16,122,1.0,0.5297157622739018,0.6925675675675677
9733,09733.png,thick,0.8719556132007494,12101,13878,12313,13666,0.050682261208576995,True,26,215,272,0.3106796116504854,True,128,114,170,0.5806451612903226,True,198,43,100,0.7197452229299363,True,226,16,72,1.0,1.0,1.0
9734,09734.png,8_16,0.5864453665283541,424,723,466,681,0.030927835051546393,True,3,51,43,0.39436619718309857,True,28,25,18,0.9387755102040817,True,46,3,0,1.0,True,46,0,0,1.0,1.0,1.0
9735,09735.png,thick,0.9473884864658788,9940,10492,10179,10253,0.14316702819956617,True,66,195,200,0.770764119601329,True,232,35,34,0.839041095890411,True,245,26,21,0.931899641577061,True,260,13,6,1.0,1.0,1.0
9736,09736.png,zero,1.0,0,0,0,0,1.0,True,0,0,0,1.0,True,0,0,0,1.0,True,0,0,0,1.0,True,0,0,0,0.0,0.0,0.0
9737,09737.png,thick,0.7593161343161343,7417,9768,8007,9178,0.028824833702882482,True,13,178,260,0.21148825065274152,True,81,110,192,0.3469387755102041,True,119,70,154,0.5503355704697986,True,164,25,109,1.0,1.0,1.0
9738,09738.png,8_16,0.43490541250656856,6621,15224,10192,11653,0.05177993527508091,True,96,904,854,0.22157996146435452,True,345,607,605,0.40732436472346784,True,545,388,405,0.6859504132231405,True,747,139,203,1.0,0.631307929969104,0.773989898989899
9739,09739.png,thick,0.746745960502693,13310,17824,14766,16368,0.053246753246753244,True,41,325,404,0.3064516129032258,True,190,175,255,0.6091269841269841,True,307,59,138,0.6983471074380165,True,338,39,107,0.9785522788203753,1.0,0.9891598915989159
9740,09740.png,zero,1.0,0,0,0,0,1.0,True,0,0,0,1.0,True,0,0,0,1.0,True,0,0,0,1.0,True,0,0,0,0.0,0.0,0.0
9741,09741.png,thick,0.8592014130990564,18484,21513,19309,20688,0.03715670436187399,True,23,265,331,0.21821631878557876,True,115,173,239,0.5458823529411765,True,232,71,122,0.8092643051771117,True,297,13,57,1.0,1.0,1.0
9742,09742.png,zero,1.0,0,0,0,0,1.0,True,0,0,0,1.0,True,0,0,0,1.0,True,0,0,0,1.0,True,0,0,0,0.0,0.0,0.0
9743,09743.png,zero,1.0,0,0,0,0,1.0,True,0,0,0,1.0,True,0,0,0,1.0,True,0,0,0,1.0,True,0,0,0,0.0,0.0,0.0
9744,09744.png,16_32,0.9431736440799885,6556,6951,6636,6871,0.20967741935483872,True,78,152,142,0.5167785234899329,True,154,78,66,0.8360655737704918,True,204,24,16,0.8666666666666667,True,208,20,12,1.0,1.0,1.0
9745,09745.png,8_16,0.41147840194686675,2029,4931,4874,2086,0.08423913043478261,True,31,206,131,0.3059210526315789,True,93,142,69,0.3811188811188811,True,109,124,53,0.53125,True,136,94,26,1.0,1.0,1.0
9746,09746.png,8_16,0.6085573865278983,2105,3459,2336,3228,0.09914712153518124,True,93,659,186,0.45058626465661644,True,269,318,10,0.6865671641791045,True,276,123,3,1.0,True,279,0,0,1.0,1.0,1.0
9747,09747.png,4_8,0.563151313047103,1351,2399,1445,2305,0.18244406196213425,True,106,290,185,0.7314285714285714,True,256,59,35,0.8745980707395499,True,272,20,19,0.9501661129568106,True,286,10,5,0.9776119402985075,1.0,0.9886792452830189
9748,09748.png,8_16,0.6992941176470588,2972,4250,3364,3858,0.08902691511387163,True,43,203,237,0.381201044386423,True,146,103,134,0.6242424242424243,True,206,50,74,0.9178571428571428,True,257,0,23,1.0,0.9964912280701754,0.9982425307557118
9749,09749.png,zero,1.0,0,0,0,0,1.0,True,0,0,0,1.0,True,0,0,0,1.0,True,0,0,0,1.0,True,0,0,0,0.0,0.0,0.0
9750,09750.png,zero,1.0,0,0,0,0,1.0,True,0,0,0,1.0,True,0,0,0,1.0,True,0,0,0,1.0,True,0,0,0,0.0,0.0,0.0
9751,09751.png,thick,0.9153859587844918,10483,11452,10738,11197,0.0812807881773399,True,33,198,175,0.5547703180212014,True,157,75,51,0.864406779661017,True,204,28,4,0.9285714285714286,True,208,16,0,1.0,1.0,1.0
9752,09752.png,16_32,0.6936916925810751,9369,13506,11023,11852,0.013986013986013986,True,10,270,435,0.1238390092879257,True,80,201,365,0.39575289575289574,True,205,73,240,0.6482300884955752,True,293,7,152,0.9867549668874173,1.0,0.9933333333333334
9753,09753.png,0_2,0.4753593429158111,463,974,834,603,0.3877005347593583,True,290,243,215,0.8503649635036497,True,466,43,39,0.9534883720930233,True,492,11,13,0.9901380670611439,True,502,2,3,0.9066666666666666,1.0,0.9510489510489509
9754,09754.png,16_32,0.8456942003514939,9624,11380,11014,9990,0.07578558225508318,True,41,225,275,0.41605839416058393,True,171,95,145,0.6054794520547945,True,221,49,95,0.8987341772151899,True,284,0,32,1.0,1.0,1.0
9755,09755.png,2_4,0.38532883642495785,457,1186,627,1016,0.14160839160839161,True,81,308,183,0.7739938080495357,True,250,59,14,0.9626865671641791,True,258,4,6,0.9962121212121212,True,263,0,1,0.8329048843187661,1.0,0.908835904628331
9756,09756.png,8_16,0.21234991423670668,619,2915,955,2579,0.07152145643693109,True,55,511,203,0.2657580919931857,True,156,329,102,0.3466135458167331,True,174,244,84,0.3924843423799583,True,188,221,70,0.6112054329371817,0.9922779922779923,0.7564602044862702
9757,09757.png,16_32,0.7069886727933319,13232,18716,14388,17560,0.023668639053254437,True,24,488,502,0.19791666666666666,True,171,338,355,0.41838134430727025,True,305,203,221,0.6517571884984026,True,408,100,118,0.5970149253731343,0.7635379061371841,0.6700857408764183
9758,09758.png,8_16,0.6999705275567345,2375,3393,3330,2438,0.06832298136645963,True,22,136,164,0.3904382470119522,True,98,65,88,0.8080808080808081,True,160,12,26,0.978494623655914,True,182,0,4,1.0,1.0,1.0
9759,09759.png,zero,1.0,0,0,0,0,1.0,True,0,0,0,1.0,True,0,0,0,1.0,True,0,0,0,1.0,True,0,0,0,0.0,0.0,0.0
9760,09760.png,8_16,0.24700665188470067,557,2255,597,2215,0.10954063604240283,True,62,317,187,0.4641975308641975,True,188,156,61,0.6959459459459459,True,206,47,43,0.849802371541502,True,215,4,34,0.8263157894736842,1.0,0.9048991354466859
9761,09761.png,16_32,0.5926194797338173,4898,8265,7053,6110,0.009501187648456057,True,4,233,184,0.11197916666666667,True,43,196,145,0.26426426426426425,True,88,145,100,0.49469964664310956,True,140,95,48,0.0,0.0,0.0
9762,09762.png,8_16,0.40277595914626163,3076,7637,5239,5474,0.01918158567774936,True,15,375,392,0.14,True,98,293,309,0.44565217391304346,True,246,145,161,0.8352402745995423,True,365,30,42,0.9896640826873385,1.0,0.9948051948051948
9763,09763.png,16_32,0.6805273833671399,6710,9860,7500,9070,0.012867647058823529,True,7,275,262,0.16,True,76,206,193,0.4082687338501292,True,158,118,111,0.7129337539432177,True,226,48,43,1.0,1.0,1.0
9764,09764.png,16_32,0.6413696715583508,4589,7155,6388,5356,0.04449152542372881,True,21,192,259,0.16312056737588654,True,69,143,211,0.26785714285714285,True,105,112,175,0.5893416927899686,True,188,39,92,0.995475113122172,1.0,0.9977324263038548
9765,09765.png,zero,1.0,0,0,0,0,1.0,True,0,0,0,1.0,True,0,0,0,1.0,True,0,0,0,1.0,True,0,0,0,0.0,0.0,0.0
9766,09766.png,4_8,0.2429837518463811,658,2708,727,2639,0.08482142857142858,True,57,332,283,0.28270042194092826,True,134,134,206,0.4061624649859944,True,145,17,195,0.47058823529411764,True,160,0,180,1.0,0.7456140350877193,0.8542713567839196
9767,09767.png,16_32,0.7587376493142605,5145,6781,5786,6140,0.052752293577981654,True,23,202,211,0.33527696793002915,True,115,109,119,0.8770491803278688,True,214,10,20,0.9617021276595744,True,226,1,8,1.0,1.0,1.0
9768,09768.png,4_8,0.35093167701863354,678,1932,1909,701,0.06926406926406926,True,16,128,87,0.5460122699386503,True,89,60,14,0.6513157894736842,True,99,49,4,0.6959459459459459,True,103,45,0,1.0,1.0,1.0
9769,09769.png,4_8,0.08565737051792828,86,1004,200,890,0.03365384615384615,True,7,88,113,0.19230769230769232,True,30,36,90,0.2698412698412698,True,34,6,86,0.3333333333333333,True,40,0,80,0.9809523809523809,0.21774193548387097,0.3563785480873967
9770,09770.png,4_8,0.6278859212313264,1387,2209,1691,1905,0.20430107526881722,True,133,332,186,0.7455470737913485,True,293,74,26,0.9845679012345679,True,319,5,0,0.9937694704049844,True,319,2,0,0.9851063829787234,1.0,0.992497320471597
9771,09771.png,8_16,0.6456563850394874,4333,6711,6326,4718,0.060655737704918035,True,37,201,372,0.32727272727272727,True,162,86,247,0.558891454965358,True,242,24,167,0.7579462102689487,True,310,0,99,1.0,1.0,1.0
9772,09772.png,16_32,0.6982381606897413,5588,8003,6586,7005,0.031512605042016806,True,15,239,222,0.2887139107611549,True,110,144,127,0.4789156626506024,True,159,95,78,0.936,True,234,13,3,1.0,1.0,1.0
9773,09773.png,16_32,0.5120397836328738,5869,11462,6465,10866,0.05135520684736091,True,36,248,417,0.2534013605442177,True,149,135,304,0.437137330754352,True,226,64,227,0.6531049250535332,True,305,14,148,1.0,1.0,1.0
9774,09774.png,2_4,0.47178130511463845,535,1134,728,941,0.27087198515769945,True,146,255,138,0.797583081570997,True,264,47,20,0.8940397350993378,True,270,18,14,0.9421768707482994,True,277,10,7,0.9445843828715366,1.0,0.9715025906735751
9775,09775.png,16_32,0.7418289290681502,4267,5752,4492,5527,0.10569105691056911,True,52,204,236,0.5657142857142857,True,198,62,90,0.7727272727272727,True,238,20,50,0.9375,True,270,0,18,0.8769230769230769,1.0,0.9344262295081968
9776,09776.png,4_8,0.17464925012094823,361,2067,559,1869,0.10335195530726257,True,74,305,337,0.47474747474747475,True,235,84,176,0.6643192488262911,True,283,15,128,0.7858880778588808,True,323,0,88,0.8743169398907104,0.7645631067961165,0.8157649819932828
9777,09777.png,4_8,0.384653961885657,767,1994,811,1950,0.1781767955801105,True,129,401,194,0.7114914425427873,True,291,86,32,0.9102167182662538,True,294,0,29,0.9195046439628483,True,297,0,26,0.9593345656192237,0.972809667673716,0.966025127821244
9778,09778.png,zero,1.0,0,0,0,0,1.0,True,0,0,0,1.0,True,0,0,0,1.0,True,0,0,0,1.0,True,0,0,0,0.0,0.0,0.0
9779,09779.png,8_16,0.6032145623547638,3115,5164,4880,3399,0.06477093206951026,True,41,288,304,0.37755102040816324,True,185,145,160,0.648910411622276,True,268,68,77,0.8148148148148148,True,308,33,37,1.0,1.0,1.0
9780,09780.png,16_32,0.6481989394770524,3545,5469,3862,5152,0.036053130929791274,True,19,244,264,0.37279596977329976,True,148,114,135,0.5935672514619883,True,203,59,80,0.8552188552188552,True,254,14,29,1.0,1.0,1.0
9781,09781.png,0_2,0.5411622276029056,447,826,746,527,0.4330827067669173,True,288,193,184,0.9444444444444444,True,459,14,13,0.9915433403805497,True,469,1,3,1.0,True,472,0,0,0.9722814498933902,1.0,0.9859459459459459
9782,09782.png,8_16,0.7245070422535211,7716,10650,9829,8537,0.10084033613445378,True,108,422,541,0.4795031055900621,True,386,156,263,0.75,True,519,43,130,0.8845577211394303,True,590,18,59,1.0,0.997093023255814,0.9985443959243085
9783,09783.png,zero,1.0,0,0,0,0,1.0,True,0,0,0,1.0,True,0,0,0,1.0,True,0,0,0,1.0,True,0,0,0,0.0,0.0,0.0
9784,09784.png,4_8,0.13926940639269406,122,876,429,569,0.06051873198847262,True,21,234,92,0.21875,True,63,175,50,0.2679245283018868,True,71,152,42,0.328,True,82,137,31,0.11940298507462686,0.8090909090909091,0.20809586438696476
9785,09785.png,4_8,0.2234513274336283,202,904,567,539,0.041666666666666664,True,20,353,107,0.31197771587743733,True,112,232,15,0.40460526315789475,True,123,177,4,0.4551971326164875,True,127,152,0,0.4453551912568306,1.0,0.6162570888468809
9786,09786.png,zero,1.0,0,0,0,0,1.0,True,0,0,0,1.0,True,0,0,0,1.0,True,0,0,0,1.0,True,0,0,0,0.0,0.0,0.0
9787,09787.png,4_8,0.49582493521451193,1722,3473,3083,2112,0.0647985989492119,True,37,266,268,0.32045454545454544,True,141,135,164,0.6080691642651297,True,211,42,94,0.9025974025974026,True,278,3,27,1.0,1.0,1.0
9788,09788.png,8_16,0.674447556800498,2167,3213,2370,3010,0.12376779846659365,True,113,621,179,0.5150375939849624,True,274,240,18,0.8005698005698005,True,281,59,11,0.9794520547945206,True,286,0,6,1.0,1.0,1.0
9789,09789.png,16_32,0.7678270823513568,11403,14851,12359,13895,0.07898259705488621,True,59,313,375,0.3684210526315789,True,217,155,217,0.5807086614173228,True,295,74,139,0.8404494382022472,True,374,11,60,1.0,1.0,1.0
9790,09790.png,2_4,0.2470978441127695,298,1206,478,1026,0.09927797833935018,True,55,299,200,0.6038251366120219,True,221,111,34,0.95,True,247,5,8,1.0,True,255,0,0,0.6751412429378532,1.0,0.8060708263069141
9791,09791.png,16_32,0.7257171615500755,5768,7948,6415,7301,0.08072487644151564,True,49,258,300,0.38105263157894737,True,181,126,168,0.651219512195122,True,267,61,82,0.8201058201058201,True,310,29,39,1.0,1.0,1.0
9792,09792.png,4_8,0.3615147512109203,821,2271,1130,1962,0.0972972972972973,True,90,609,226,0.42269736842105265,True,257,292,59,0.7030456852791879,True,277,78,39,0.9810126582278481,True,310,0,6,0.9904109589041096,1.0,0.99518238128011
9793,09793.png,8_16,0.769941484447182,7500,9741,9612,7629,0.08137931034482758,True,59,265,401,0.4021164021164021,True,228,107,232,0.717948717948718,True,336,8,124,0.8282608695652174,True,381,0,79,1.0,1.0,1.0
9794,09794.png,16_32,0.6161535840054527,5424,8803,6652,7575,0.0045662100456621,True,2,193,243,0.04265402843601896,True,18,177,227,0.13144329896907217,True,51,143,194,0.7011494252873564,True,183,16,62,0.0,0.0,0.0
9795,09795.png,4_8,0.3496,437,1250,464,1223,0.2529002320185615,True,109,171,151,0.8916967509025271,True,247,17,13,0.9923371647509579,True,259,1,1,1.0,True,260,0,0,0.9584905660377359,1.0,0.9788053949903661
9796,09796.png,8_16,0.16217175301632364,457,2818,678,2597,0.06933744221879815,True,45,357,247,0.25,True,118,180,174,0.3806818181818182,True,134,60,158,0.4537037037037037,True,147,32,145,0.8439716312056738,0.6411960132890365,0.7287409569742352
9797,09797.png,8_16,0.6223065456023852,4592,7379,6042,5929,0.09102564102564102,True,71,284,425,0.3824959481361426,True,236,121,260,0.6022099447513812,True,327,47,169,0.7801556420233463,True,401,18,95,1.0,0.9457364341085271,0.9721115537848606
9798,09798.png,16_32,0.6468941615569181,4853,7502,5333,7022,0.07628524046434494,True,46,242,315,0.4117647058823529,True,189,98,172,0.6144278606965174,True,247,41,114,0.7866666666666666,True,295,14,66,1.0,1.0,1.0
9799,09799.png,0_2,0.34063745019920316,342,1004,682,664,0.3302387267904509,True,249,213,292,0.6456310679611651,True,399,77,142,0.7386172006745363,True,438,52,103,0.797274275979557,True,468,46,73,0.8130630630630631,1.0,0.8968944099378882
9800,09800.png,4_8,0.11637931034482758,135,1160,346,949,0.04075235109717868,True,13,162,144,0.12411347517730496,True,35,125,122,0.24896265560165975,True,60,84,97,0.46153846153846156,True,90,38,67,0.563953488372093,0.0,0.0
9801,09801.png,16_32,0.7928721977390305,8276,10438,10274,8440,0.025179856115107913,True,14,257,285,0.22795698924731184,True,106,166,193,0.4246913580246914,True,172,106,127,0.8666666666666667,True,273,16,26,1.0,1.0,1.0
9802,09802.png,16_32,0.913302448709464,4140,4533,4174,4499,0.40273972602739727,True,147,113,105,0.9767441860465116,True,252,6,0,0.984375,True,252,4,0,1.0,True,252,0,0,1.0,1.0,1.0
9803,09803.png,8_16,0.6032894736842105,917,1520,1520,917,0.017316017316017316,True,4,127,100,0.23958333333333334,True,46,88,58,0.4226190476190476,True,71,64,33,0.704225352112676,True,100,38,4,1.0,1.0,1.0
9804,09804.png,16_32,0.8756366723259762,6189,7068,6653,6604,0.125,True,54,179,199,0.6769759450171822,True,197,38,56,0.8769230769230769,True,228,7,25,0.9446640316205533,True,239,0,14,1.0,1.0,1.0
9805,09805.png,0_2,0.47491039426523296,1060,2232,1619,1673,0.41899441340782123,True,750,400,640,0.8060109289617486,True,1180,74,210,0.8794178794178794,True,1269,53,121,0.9588850174216028,True,1376,45,14,0.9376114081996435,1.0,0.9678012879484821
9806,09806.png,4_8,0.5137568784392196,1027,1999,1217,1809,0.1392235609103079,True,104,504,139,0.5121412803532008,True,232,210,11,0.8421052631578947,True,240,42,3,1.0,True,243,0,0,0.9824281150159745,1.0,0.9911361804995971
9807,09807.png,4_8,0.2752712735579669,482,1751,843,1390,0.07464607464607464,True,58,464,255,0.31758034026465026,True,168,216,145,0.5314285714285715,True,186,37,127,0.6230031948881789,True,195,0,118,0.9925093632958801,0.4984126984126984,0.6635883694594638
9808,09808.png,thick,0.6842427021244077,13431,19629,15500,17560,0.032504780114722756,True,34,519,493,0.14422057264050903,True,136,416,391,0.36096938775510207,True,283,257,244,0.7027027027027027,True,442,102,85,1.0,0.7541284403669725,0.8598326359832636
9809,09809.png,thick,0.7854825819190447,16708,21271,17218,20761,0.027644230769230768,True,23,390,419,0.16054421768707483,True,118,293,324,0.2816265060240964,True,187,222,255,0.49473684210526314,True,282,128,160,0.0,0.0,0.0
9810,09810.png,16_32,0.6814814814814815,5796,8505,7703,6598,0.058027079303675046,True,30,229,258,0.2786885245901639,True,119,139,169,0.4397905759162304,True,168,94,120,0.8585526315789473,True,261,16,27,1.0,1.0,1.0
9811,09811.png,thick,0.8951526307715907,11671,13038,12355,12354,0.12391304347826088,True,57,198,205,0.4630681818181818,True,163,90,99,0.7835051546391752,True,228,29,34,0.9120879120879121,True,249,11,13,1.0,1.0,1.0
9812,09812.png,zero,1.0,0,0,0,0,1.0,True,0,0,0,1.0,True,0,0,0,1.0,True,0,0,0,1.0,True,0,0,0,0.0,0.0,0.0
9813,09813.png,zero,1.0,0,0,0,0,1.0,True,0,0,0,1.0,True,0,0,0,1.0,True,0,0,0,1.0,True,0,0,0,0.0,0.0,0.0
9814,09814.png,8_16,0.772239263803681,3021,3912,3220,3713,0.31837606837606836,True,149,146,173,0.660427807486631,True,247,52,75,0.6967213114754098,True,255,44,67,0.7387640449438202,True,263,34,59,0.9115646258503401,0.9549295774647887,0.9327433446608421
9815,09815.png,thick,0.6492273319679762,13948,21484,18517,16915,0.007112375533428165,True,5,415,283,0.09090909090909091,True,59,361,229,0.19931856899488926,True,117,299,171,0.4268041237113402,True,207,197,81,0.0,0.0,0.0
9816,09816.png,thick,0.8138335287221571,10413,12795,11759,11449,0.023809523809523808,True,13,282,251,0.18259023354564755,True,86,207,178,0.43669250645994834,True,169,123,95,0.7125,True,228,56,36,1.0,1.0,1.0
9817,09817.png,8_16,0.5238947556828352,2927,5587,4803,3711,0.053367217280813214,True,42,525,220,0.21417565485362094,True,139,387,123,0.37084870848708484,True,201,280,61,0.6649350649350649,True,256,123,6,1.0,0.8608058608058609,0.9251968503937008
9818,09818.png,16_32,0.7418332184700207,5382,7255,6876,5761,0.1226215644820296,True,58,208,207,0.43513513513513513,True,161,105,104,0.7290322580645161,True,226,45,39,0.931899641577061,True,260,14,5,1.0,1.0,1.0
9819,09819.png,16_32,0.48763131141985766,4317,8853,6506,6664,0.017208413001912046,True,9,252,262,0.15434782608695652,True,71,189,200,0.3176178660049628,True,128,132,143,0.45675675675675675,True,169,99,102,0.0,0.0,0.0
9820,09820.png,16_32,0.7618799635464132,5852,7681,7279,6254,0.05102040816326531,True,30,234,324,0.4040632054176072,True,179,89,175,0.585,True,234,46,120,0.8679775280898876,True,309,2,45,1.0,1.0,1.0
9821,09821.png,8_16,0.49281210592686003,3908,7930,7667,4171,0.027419354838709678,True,17,298,305,0.2475633528265107,True,127,191,195,0.5243619489559165,True,226,109,96,0.7321428571428571,True,287,70,35,1.0,1.0,1.0
9822,09822.png,8_16,0.3354000590493062,1136,3387,2027,2496,0.01818181818181818,True,6,132,192,0.08823529411764706,True,27,108,171,0.26217228464419473,True,70,69,128,0.5345622119815668,True,116,19,82,1.0,0.9806763285024155,0.9902439024390245
9823,09823.png,8_16,0.6123629112662013,3071,5015,4403,3683,0.055449330783938815,True,29,217,277,0.48655913978494625,True,181,66,125,0.6972477064220184,True,228,21,78,0.826797385620915,True,253,0,53,1.0,0.8271604938271605,0.9054054054054054
9824,09824.png,zero,1.0,0,0,0,0,1.0,True,0,0,0,1.0,True,0,0,0,1.0,True,0,0,0,1.0,True,0,0,0,0.0,0.0,0.0
9825,09825.png,16_32,0.8736676568233444,5000,5723,5419,5304,0.1492204899777283,True,67,202,180,0.7681660899653979,True,222,42,25,0.946360153256705,True,247,14,0,0.9724409448818898,True,247,7,0,1.0,1.0,1.0
9826,09826.png,zero,0.0,0,10,10,0,0.0,True,0,7,0,0.0,True,0,7,0,0.0,True,0,7,0,0.0,True,0,7,0,0.0,0.0,0.0
9827,09827.png,4_8,0.6491024898668211,1121,1727,1367,1481,0.2049062049062049,True,142,425,126,0.7146666666666667,True,268,107,0,0.9084745762711864,True,268,27,0,0.9178082191780822,True,268,24,0,0.9595959595959596,1.0,0.979381443298969
9828,09828.png,zero,1.0,0,0,0,0,1.0,True,0,0,0,1.0,True,0,0,0,1.0,True,0,0,0,1.0,True,0,0,0,0.0,0.0,0.0
9829,09829.png,zero,1.0,0,0,0,0,1.0,True,0,0,0,1.0,True,0,0,0,1.0,True,0,0,0,1.0,True,0,0,0,0.0,0.0,0.0
9830,09830.png,4_8,0.10377691493116838,294,2833,397,2730,0.04950495049504951,True,35,210,462,0.34,True,187,53,310,0.43478260869565216,True,220,9,277,0.46,True,230,3,267,0.7172995780590717,0.47337278106508873,0.5703501782344307
9831,09831.png,thick,0.7428737216218176,10242,13787,10840,13189,0.023381294964028777,True,13,254,289,0.3341121495327103,True,143,126,159,0.6744186046511628,True,232,42,70,0.8798701298701299,True,271,6,31,1.0,1.0,1.0
9832,09832.png,zero,1.0,0,0,0,0,1.0,True,0,0,0,1.0,True,0,0,0,1.0,True,0,0,0,1.0,True,0,0,0,0.0,0.0,0.0
9833,09833.png,0_2,0.25939505041246563,283,1091,568,806,0.24536532170119957,True,225,174,518,0.5946666666666667,True,446,7,297,0.6729475100942126,True,500,0,243,0.7604306864064603,True,565,0,178,0.9656992084432717,0.6182795698924731,0.7538890033225567
9834,09834.png,thick,0.8534556736418245,12929,15149,15007,13071,0.056155507559395246,True,26,225,212,0.6530612244897959,True,192,56,46,0.8837209302325582,True,228,20,10,0.9166666666666666,True,231,14,7,1.0,1.0,1.0
9835,09835.png,16_32,0.8277575356078172,4998,6038,5650,5386,0.1607565011820331,True,68,185,170,0.6587837837837838,True,195,58,43,0.8014705882352942,True,218,34,20,0.937007874015748,True,238,16,0,0.9444444444444444,1.0,0.9714285714285714
9836,09836.png,zero,1.0,0,0,0,0,1.0,True,0,0,0,1.0,True,0,0,0,1.0,True,0,0,0,1.0,True,0,0,0,0.0,0.0,0.0
9837,09837.png,16_32,0.786757351470294,7866,9998,9316,8548,0.05381944444444445,True,31,214,331,0.31196581196581197,True,146,106,216,0.4857142857142857,True,204,58,158,0.8093922651933702,True,293,0,69,1.0,1.0,1.0
9838,09838.png,2_4,0.28867235079171744,237,821,341,717,0.22465753424657534,True,82,136,147,0.5802919708029197,True,159,45,70,0.6346153846153846,True,165,31,64,0.6538461538461539,True,170,31,59,0.8372093023255814,0.7894736842105263,0.8126410835214448
9839,09839.png,thick,0.784179221117527,18062,23033,20314,20781,0.004672897196261682,True,4,275,577,0.06372549019607843,True,52,235,529,0.21636615811373092,True,156,140,425,0.35789473684210527,True,238,84,343,0.0,0.0,0.0
9840,09840.png,thick,0.7514217903363037,16780,22331,20770,18341,0.013114754098360656,True,8,317,285,0.04391891891891892,True,26,299,267,0.07692307692307693,True,44,279,249,0.24693877551020407,True,121,197,172,0.0,0.0,0.0
9841,09841.png,zero,1.0,0,0,0,0,1.0,True,0,0,0,1.0,True,0,0,0,1.0,True,0,0,0,1.0,True,0,0,0,0.0,0.0,0.0
9842,09842.png,thick,0.7487440551945878,11178,14929,14123,11984,0.06407322654462243,True,28,199,210,0.15099009900990099,True,61,166,177,0.287292817679558,True,104,124,134,0.6468531468531469,True,185,48,53,0.0,0.0,0.0
9843,09843.png,2_4,0.2579881656804734,218,845,463,600,0.11871227364185111,True,59,243,195,0.8456375838926175,True,252,44,2,0.9039145907473309,True,254,27,0,0.910394265232975,True,254,25,0,0.8394648829431438,1.0,0.9127272727272727
9844,09844.png,16_32,0.8165097438143202,3729,4567,4097,4199,0.0972972972972973,True,36,129,205,0.46996466431095407,True,133,42,108,0.7051792828685259,True,177,10,64,0.8796680497925311,True,212,0,29,1.0,1.0,1.0
9845,09845.png,zero,1.0,0,0,0,0,1.0,True,0,0,0,1.0,True,0,0,0,1.0,True,0,0,0,1.0,True,0,0,0,0.0,0.0,0.0
9846,09846.png,4_8,0.4598514326140785,1300,2827,2802,1325,0.08793969849246232,True,35,173,190,0.7204724409448819,True,183,29,42,0.9777777777777777,True,220,0,5,0.9911111111111112,True,223,0,2,1.0,1.0,1.0
9847,09847.png,16_32,0.6557834922469421,6809,10383,9696,7496,0.07127882599580712,True,34,220,223,0.19212962962962962,True,83,175,174,0.5102639296187683,True,174,84,83,0.8035087719298246,True,229,28,28,1.0,1.0,1.0
9848,09848.png,zero,1.0,0,0,0,0,1.0,True,0,0,0,1.0,True,0,0,0,1.0,True,0,0,0,1.0,True,0,0,0,0.0,0.0,0.0
9849,09849.png,8_16,0.5623100303951368,1110,1974,1289,1795,0.0392156862745098,True,10,130,115,0.35978835978835977,True,68,64,57,0.5592105263157895,True,85,27,40,0.8968253968253969,True,113,1,12,0.9934640522875817,1.0,0.9967213114754099
9850,09850.png,zero,1.0,0,0,0,0,1.0,True,0,0,0,1.0,True,0,0,0,1.0,True,0,0,0,1.0,True,0,0,0,0.0,0.0,0.0
9851,09851.png,thick,0.8341634771666754,15910,19073,16808,18175,0.041121495327102804,True,22,245,268,0.22787610619469026,True,103,162,187,0.44473684210526315,True,169,90,121,0.8045602605863192,True,247,17,43,1.0,1.0,1.0
9852,09852.png,16_32,0.7731503528291268,17859,23099,21821,19137,0.0183585313174946,True,17,386,523,0.09860788863109049,True,85,322,455,0.247074122236671,True,190,229,350,0.4424778761061947,True,300,138,240,0.0,0.0,0.0
9853,09853.png,thick,0.788822652757079,10586,13420,12798,11208,0.06433823529411764,True,35,277,232,0.2398286937901499,True,112,200,155,0.38424821002386633,True,161,152,106,0.6215469613259669,True,225,95,42,1.0,1.0,1.0
9854,09854.png,16_32,0.8144423212310168,8098,9943,9180,8861,0.05904059040590406,True,32,233,277,0.36729857819905215,True,155,113,154,0.6038781163434903,True,218,52,91,0.9158576051779935,True,283,0,26,1.0,1.0,1.0
9855,09855.png,zero,1.0,0,0,0,0,1.0,True,0,0,0,1.0,True,0,0,0,1.0,True,0,0,0,1.0,True,0,0,0,0.0,0.0,0.0
9856,09856.png,8_16,0.4127627247404406,1630,3949,2156,3423,0.05202312138728324,True,18,112,216,0.21739130434782608,True,65,65,169,0.30935251798561153,True,86,44,148,0.31272727272727274,True,86,41,148,0.75,0.3603238866396761,0.4867821330902462
9857,09857.png,16_32,0.8570868457165262,4372,5101,4844,4629,0.13194444444444445,True,57,183,192,0.776173285198556,True,215,28,34,0.89272030651341,True,233,12,16,0.9341085271317829,True,241,9,8,1.0,1.0,1.0
9858,09858.png,thick,0.6989568718355396,11458,16393,15206,12645,0.029605263157894735,True,18,299,291,0.17293233082706766,True,92,223,217,0.29791666666666666,True,143,171,166,0.6991869918699187,True,258,60,51,1.0,1.0,1.0
9859,09859.png,16_32,0.6698558489603266,5251,7839,6877,6213,0.07543520309477757,True,39,228,250,0.39849624060150374,True,159,110,130,0.5977337110481586,True,211,64,78,0.7267267267267268,True,242,44,47,0.0,0.0,0.0
9860,09860.png,8_16,0.5980751604032998,1305,2182,1950,1537,0.019230769230769232,True,4,109,95,0.11578947368421053,True,22,91,77,0.4228187919463087,True,63,50,36,0.8918918918918919,True,99,12,0,0.0,0.0,0.0
9861,09861.png,8_16,0.7015873015873015,2873,4095,3344,3624,0.07196029776674938,True,29,183,191,0.30303030303030304,True,100,110,120,0.9422222222222222,True,212,5,8,1.0,True,220,0,0,1.0,1.0,1.0
9862,09862.png,8_16,0.5037477384337038,3898,7738,5454,6182,0.033647375504710635,True,25,359,359,0.21711568938193343,True,137,247,247,0.4208566108007449,True,226,153,158,0.8188585607940446,True,330,19,54,0.8782383419689119,0.7712082262210797,0.8212507721937569
9863,09863.png,16_32,0.7448890442075834,8526,11446,11031,8941,0.030985915492957747,True,22,342,346,0.19349593495934958,True,119,247,249,0.4296724470134875,True,223,151,145,0.6710239651416122,True,308,91,60,1.0,0.9974358974358974,0.9987163029525032
9864,09864.png,2_4,0.5662959794696322,662,1169,790,1041,0.2603036876355748,True,120,203,138,0.7950530035335689,True,225,25,33,0.888030888030888,True,230,1,28,0.9224806201550387,True,238,0,20,0.9847094801223242,0.9429657794676806,0.9633856510356974
9865,09865.png,2_4,0.17963386727688788,157,874,302,729,0.07524271844660194,True,31,170,211,0.2689873417721519,True,85,74,157,0.35968379446640314,True,91,11,151,0.4214876033057851,True,102,0,140,0.8955223880597015,0.43724696356275305,0.5875952121871599
9866,09866.png,8_16,0.5643877312104894,4821,8542,7502,5861,0.030413625304136254,True,25,378,419,0.26339285714285715,True,177,228,267,0.575091575091575,True,314,102,130,0.9254385964912281,True,422,12,22,1.0,1.0,1.0
9867,09867.png,thick,0.5472797927461139,4225,7720,5061,6884,0.0,True,0,142,178,0.0,True,0,142,178,0.006289308176100629,True,2,140,176,0.19557195571955718,True,53,93,125,0.0,0.0,0.0
9868,09868.png,2_4,0.29784065524944153,400,1343,678,1065,0.17610837438423646,True,143,299,370,0.6037735849056604,True,352,70,161,0.6833631484794276,True,382,46,131,0.7315315315315315,True,406,42,107,0.8424657534246576,0.6271844660194175,0.7190574011565297
9869,09869.png,16_32,0.5252581120943953,5698,10848,10145,6401,0.005964214711729622,True,3,258,242,0.034764826175869123,True,17,244,228,0.06382978723404255,True,30,225,215,0.5705329153605015,True,182,74,63,0.0,0.0,0.0
9870,09870.png,8_16,0.0,0,1552,1014,538,0.0,True,0,238,28,0.0,True,0,238,28,0.0,True,0,238,28,0.0,True,0,238,28,0.0,0.0,0.0
9871,09871.png,zero,1.0,0,0,0,0,1.0,True,0,0,0,1.0,True,0,0,0,1.0,True,0,0,0,1.0,True,0,0,0,0.0,0.0,0.0
9872,09872.png,16_32,0.4364478114478115,5185,11880,11880,5185,0.0,True,0,269,250,0.0,True,0,269,250,0.0,True,0,269,250,0.1044776119402985,True,49,219,201,0.0,0.0,0.0
9873,09873.png,zero,1.0,0,0,0,0,1.0,True,0,0,0,1.0,True,0,0,0,1.0,True,0,0,0,1.0,True,0,0,0,0.0,0.0,0.0
9874,09874.png,16_32,0.8083943797285937,13463,16654,16363,13754,0.07151979565772669,True,56,349,378,0.357487922705314,True,222,187,212,0.5966228893058161,True,318,99,116,0.9187358916478555,True,407,9,27,1.0,1.0,1.0
9875,09875.png,16_32,0.6304094249387612,10809,17146,14649,13306,0.0345679012345679,True,28,363,419,0.1196808510638298,True,90,305,357,0.18117977528089887,True,129,265,318,0.33438985736925514,True,211,184,236,0.0,0.0,0.0
9876,09876.png,4_8,0.660984393757503,2753,4165,2779,4139,0.3152289669861555,True,296,395,248,0.9175257731958762,True,534,38,10,0.9944852941176471,True,541,0,3,1.0,True,544,0,0,0.9929378531073446,1.0,0.9964564138908575
9877,09877.png,zero,1.0,0,0,0,0,1.0,True,0,0,0,1.0,True,0,0,0,1.0,True,0,0,0,1.0,True,0,0,0,0.0,0.0,0.0
9878,09878.png,8_16,0.6381469115191987,6116,9584,9158,6542,0.08955223880597014,True,102,458,579,0.4542294322132097,True,392,182,289,0.7431693989071039,True,544,51,137,0.9413489736070382,True,642,1,39,1.0,0.9985590778097982,0.9992790194664743
9879,09879.png,8_16,0.6688344172086043,2674,3998,3707,2965,0.069164265129683,True,24,167,156,0.40148698884758366,True,108,89,72,0.7824074074074074,True,169,36,11,0.8823529411764706,True,180,24,0,0.9572192513368984,1.0,0.9781420765027322
9880,09880.png,8_16,0.6516531713900134,3863,5928,4945,4846,0.07086614173228346,True,45,297,293,0.35785288270377735,True,180,165,158,0.6042154566744731,True,258,89,80,0.7952127659574468,True,299,38,39,0.9942196531791907,1.0,0.9971014492753623
9881,09881.png,16_32,0.9540190735694822,8403,8808,8623,8588,0.3090128755364807,True,144,136,186,0.8636363636363636,True,285,0,45,0.8878787878787879,True,293,0,37,0.9363636363636364,True,309,0,21,1.0,1.0,1.0
9882,09882.png,zero,1.0,0,0,0,0,1.0,True,0,0,0,1.0,True,0,0,0,1.0,True,0,0,0,1.0,True,0,0,0,0.0,0.0,0.0
9883,09883.png,16_32,0.7337770382695508,6174,8414,8131,6457,0.10379241516966067,True,52,215,234,0.4020356234096692,True,158,107,128,0.7682539682539683,True,242,29,44,1.0,True,286,0,0,1.0,1.0,1.0
9884,09884.png,16_32,0.5376220562894888,3744,6964,4958,5750,0.0,True,0,289,252,0.10429447852760736,True,51,237,201,0.2535211267605634,True,108,174,144,0.46956521739130436,True,162,93,90,0.0,0.0,0.0
9885,09885.png,8_16,0.9470802919708029,519,548,535,532,0.6666666666666666,True,42,10,11,0.9622641509433962,True,51,0,2,1.0,True,53,0,0,1.0,True,53,0,0,1.0,1.0,1.0
9886,09886.png,16_32,0.7803066224118855,4937,6327,6145,5119,0.04398148148148148,True,19,189,224,0.37575757575757573,True,124,87,119,0.8181818181818182,True,207,10,36,0.934156378600823,True,227,0,16,1.0,1.0,1.0
9887,09887.png,thick,0.8129377508459904,10330,12707,11579,11458,0.03763440860215054,True,21,251,286,0.2112970711297071,True,101,171,206,0.457286432160804,True,182,91,125,0.8539682539682539,True,269,8,38,1.0,1.0,1.0
9888,09888.png,16_32,0.48346967750659187,7151,14791,11195,10747,0.04772475027746948,True,43,326,532,0.2923497267759563,True,214,157,361,0.41679160419790107,True,278,92,297,0.5812395309882747,True,347,22,228,1.0,0.9114331723027376,0.953664700926706
9889,09889.png,16_32,0.9142425387230827,4840,5294,4883,5251,0.18906605922551253,True,83,155,201,0.8626760563380281,True,245,0,39,0.897887323943662,True,255,0,29,0.9471830985915493,True,269,0,15,1.0,1.0,1.0
9890,09890.png,8_16,0.6742886178861789,1327,1968,1411,1884,0.16428571428571428,True,92,328,140,0.6615384615384615,True,215,93,17,0.9469387755102041,True,232,13,0,1.0,True,232,0,0,1.0,1.0,1.0
9891,09891.png,thick,0.7830310880829016,12090,15440,13947,13583,0.013311148086522463,True,8,248,345,0.14661654135338345,True,78,179,275,0.4045977011494253,True,176,82,177,0.5443349753694581,True,221,53,132,1.0,1.0,1.0
9892,09892.png,zero,1.0,0,0,0,0,1.0,True,0,0,0,1.0,True,0,0,0,1.0,True,0,0,0,1.0,True,0,0,0,0.0,0.0,0.0
9893,09893.png,8_16,0.20693828156514724,513,2479,513,2479,0.06583072100313479,True,21,124,174,0.30078125,True,77,61,118,0.543778801843318,True,118,22,77,0.7806122448979592,True,153,1,42,0.993006993006993,0.9108910891089109,0.9501781947778021
9894,09894.png,16_32,0.7688570387465079,6330,8233,6831,7732,0.0642361111111111,True,37,220,319,0.36971046770601335,True,166,93,190,0.612987012987013,True,236,29,120,0.8235294117647058,True,294,1,62,1.0,1.0,1.0
9895,09895.png,16_32,0.8239112693820017,22211,26958,25748,23421,0.06727037516170763,True,104,618,824,0.3370967741935484,True,418,312,510,0.5687903970452447,True,616,155,312,0.8179012345679012,True,795,44,133,1.0,1.0,1.0
9896,09896.png,8_16,0.40329218106995884,588,1458,952,1094,0.022727272727272728,True,3,58,71,0.11570247933884298,True,14,47,60,0.18421052631578946,True,21,40,53,0.5054945054945055,True,46,17,28,1.0,1.0,1.0
9897,09897.png,0_2,0.43384223918575066,341,786,624,503,0.33548387096774196,True,208,191,221,0.8839285714285714,True,396,19,33,0.954233409610984,True,417,8,12,0.9724770642201835,True,424,7,5,0.9214659685863874,1.0,0.9591280653950953
9898,09898.png,zero,1.0,0,0,0,0,1.0,True,0,0,0,1.0,True,0,0,0,1.0,True,0,0,0,1.0,True,0,0,0,0.0,0.0,0.0
9899,09899.png,zero,1.0,0,0,0,0,1.0,True,0,0,0,1.0,True,0,0,0,1.0,True,0,0,0,1.0,True,0,0,0,0.0,0.0,0.0
9900,09900.png,zero,1.0,0,0,0,0,1.0,True,0,0,0,1.0,True,0,0,0,1.0,True,0,0,0,1.0,True,0,0,0,0.0,0.0,0.0
9901,09901.png,4_8,0.7438721136767318,2094,2815,2116,2793,0.27720739219712526,True,135,152,200,0.8063583815028902,True,279,11,56,0.8988095238095238,True,302,1,33,0.9850746268656716,True,330,0,5,1.0,1.0,1.0
9902,09902.png,8_16,0.6700593723494487,3950,5895,4122,5723,0.06557377049180328,True,44,278,349,0.392578125,True,201,119,192,0.6912114014251781,True,291,28,102,0.8982188295165394,True,353,0,40,1.0,1.0,1.0
9903,09903.png,8_16,0.676636430497671,2760,4079,3702,3137,0.07386363636363637,True,39,276,213,0.5441595441595442,True,191,99,61,0.9727626459143969,True,250,5,2,1.0,True,252,0,0,1.0,1.0,1.0
9904,09904.png,8_16,0.6469435736677116,4953,7656,5767,6842,0.06338028169014084,True,45,292,373,0.3802559414990859,True,208,129,210,0.6373390557939914,True,297,48,121,0.9234449760765551,True,386,0,32,1.0,1.0,1.0
9905,09905.png,zero,1.0,0,0,0,0,1.0,True,0,0,0,1.0,True,0,0,0,1.0,True,0,0,0,1.0,True,0,0,0,0.0,0.0,0.0
9906,09906.png,4_8,0.5370159453302962,943,1756,1570,1129,0.12519561815336464,True,80,434,125,0.46153846153846156,True,186,198,19,0.78515625,True,201,51,4,0.9490740740740741,True,205,11,0,0.990791896869245,1.0,0.9953746530989825
9907,09907.png,4_8,0.29152376286134246,595,2041,1034,1602,0.07194244604316546,True,60,583,191,0.3140495867768595,True,190,354,61,0.5122549019607843,True,209,157,42,0.8492647058823529,True,231,21,20,0.8956780923994039,0.984,0.937764020855269
9908,09908.png,zero,1.0,0,0,0,0,1.0,True,0,0,0,1.0,True,0,0,0,1.0,True,0,0,0,1.0,True,0,0,0,0.0,0.0,0.0
9909,09909.png,4_8,0.6943462897526502,1965,2830,2011,2784,0.24821002386634844,True,208,406,224,0.7942386831275721,True,386,54,46,0.9375,True,405,0,27,0.9837962962962963,True,425,0,7,0.9984399375975039,1.0,0.9992193598750976
9910,09910.png,2_4,0.4018058690744921,712,1772,765,1719,0.2806004618937644,True,243,229,394,0.7503852080123267,True,487,12,150,0.8445839874411303,True,538,0,99,0.9183673469387755,True,585,0,52,0.9377682403433476,1.0,0.9678848283499446
9911,09911.png,8_16,0.4876910016977929,1149,2356,1473,2032,0.022304832713754646,True,6,119,144,0.14583333333333334,True,35,90,115,0.23318385650224216,True,52,73,98,0.6347305389221557,True,106,17,44,1.0,1.0,1.0
9912,09912.png,zero,1.0,0,0,0,0,1.0,True,0,0,0,1.0,True,0,0,0,1.0,True,0,0,0,1.0,True,0,0,0,0.0,0.0,0.0
9913,09913.png,16_32,0.6777618364418938,9448,13940,10723,12665,0.053348467650397274,True,47,339,495,0.3022284122562674,True,217,176,325,0.45288753799392095,True,298,116,244,0.6851211072664359,True,396,36,146,1.0,0.7417677642980935,0.8517412935323383
9914,09914.png,4_8,0.4907578558225508,531,1082,567,1046,0.14127423822714683,True,51,184,126,0.6602870813397129,True,138,32,39,0.8111111111111111,True,146,3,31,0.8531073446327684,True,151,0,26,0.9959349593495935,0.8681318681318682,0.9276522322605383
9915,09915.png,16_32,0.5556364629317799,12209,21973,13458,20724,0.024342745861733205,True,25,399,603,0.15350877192982457,True,140,284,488,0.30884184308841844,True,248,175,380,0.3968042609853529,True,298,123,330,0.0,0.0,0.0
9916,09916.png,zero,1.0,0,0,0,0,1.0,True,0,0,0,1.0,True,0,0,0,1.0,True,0,0,0,1.0,True,0,0,0,0.0,0.0,0.0
9917,09917.png,4_8,0.8597816960537363,5120,5955,5505,5570,0.3810391978122151,True,418,333,346,0.9259259259259259,True,725,19,39,0.9751958224543081,True,747,2,17,0.9973821989528796,True,762,0,2,1.0,1.0,1.0
9918,09918.png,8_16,0.5029585798816568,2380,4732,4462,2650,0.03762376237623762,True,19,250,236,0.3612565445026178,True,138,127,117,0.6559485530546624,True,204,56,51,0.9922178988326849,True,255,2,0,1.0,1.0,1.0
9919,09919.png,thick,0.8936819305042862,29294,32779,31325,30748,0.07220216606498195,True,40,220,294,0.24532224532224534,True,118,147,216,0.40792540792540793,True,175,95,159,0.5371287128712872,True,217,70,117,0.0,0.0,0.0
9920,09920.png,2_4,0.17621646202819463,775,4398,3484,1689,0.11518324607329843,True,110,472,373,0.30395913154533843,True,238,300,245,0.356,True,267,267,216,0.3973333333333333,True,298,267,185,0.5382113821138211,1.0,0.6997885835095138
9921,09921.png,16_32,0.6368623597805617,7778,12213,10099,9892,0.07665094339622641,True,65,365,418,0.3425655976676385,True,235,203,248,0.575809199318569,True,338,104,145,0.8683693516699411,True,442,26,41,0.9931350114416476,0.996031746031746,0.9945812695441784
9922,09922.png,16_32,0.6265301739566183,8752,13969,13206,9515,0.007886435331230283,True,5,345,284,0.07563025210084033,True,45,306,244,0.27435387673956263,True,138,214,151,0.5763546798029556,True,234,117,55,0.0,0.0,0.0
9923,09923.png,16_32,0.434957532409477,973,2237,1163,2047,0.012987012987012988,True,3,119,109,0.107981220657277,True,23,101,89,0.2608695652173913,True,48,72,64,0.6302521008403361,True,75,7,37,1.0,1.0,1.0
9924,09924.png,16_32,0.15217920623326028,1250,8214,4598,4866,0.017241379310344827,True,13,496,245,0.0729312762973352,True,52,455,206,0.10914454277286136,True,74,420,184,0.20065789473684212,True,122,350,136,0.0,0.10069444444444445,0.0
9925,09925.png,8_16,0.6227018385291767,2337,3753,2492,3598,0.16352201257861634,True,156,552,246,0.7011070110701108,True,380,140,22,0.9354066985645934,True,391,16,11,0.9900497512437811,True,398,0,4,0.9987373737373737,1.0,0.9993682880606444
9926,09926.png,zero,1.0,0,0,0,0,1.0,True,0,0,0,1.0,True,0,0,0,1.0,True,0,0,0,1.0,True,0,0,0,0.0,0.0,0.0
9927,09927.png,8_16,0.5794200187090739,3097,5345,4794,3648,0.11290322580645161,True,63,280,215,0.38181818181818183,True,168,162,110,0.643646408839779,True,233,84,45,0.9584775086505191,True,277,11,1,1.0,1.0,1.0
9928,09928.png,8_16,0.7600574712643678,2116,2784,2780,2120,0.29444444444444445,True,106,131,123,0.8122605363984674,True,212,32,17,0.9541666666666667,True,229,11,0,1.0,True,229,0,0,1.0,1.0,1.0
9929,09929.png,16_32,0.8911966463414634,4677,5248,5201,4724,0.1022964509394572,True,49,210,220,0.8666666666666667,True,247,16,22,0.9925650557620818,True,267,0,2,1.0,True,269,0,0,1.0,1.0,1.0
9930,09930.png,8_16,0.7303739339602012,3340,4573,4396,3517,0.08925619834710743,True,54,319,232,0.6040609137055838,True,238,108,48,0.8157099697885196,True,270,45,16,0.8742138364779874,True,278,32,8,0.9196891191709845,1.0,0.9581646423751686
9931,09931.png,8_16,0.40935192780968005,1996,4876,2771,4101,0.036101083032490974,True,30,538,263,0.24437781109445278,True,163,374,130,0.42407407407407405,True,229,247,64,0.8205128205128205,True,288,58,5,1.0,0.9057239057239057,0.950530035335689
9932,09932.png,thick,0.7612408272181455,11411,14990,13881,12520,0.046474358974358976,True,29,304,291,0.21641791044776118,True,116,216,204,0.35051546391752575,True,170,165,150,0.494279176201373,True,216,117,104,0.0,0.0,0.0
9933,09933.png,16_32,0.5952206616521334,8942,15023,11983,11982,0.03204272363150868,True,24,255,470,0.12992700729927006,True,89,191,405,0.30247933884297523,True,183,111,311,0.6821862348178138,True,337,0,157,1.0,1.0,1.0
9934,09934.png,4_8,0.19952067106051527,333,1669,491,1511,0.06796116504854369,True,35,304,176,0.40476190476190477,True,153,167,58,0.6617647058823529,True,180,61,31,0.7890295358649789,True,187,26,24,0.7142857142857143,1.0,0.8333333333333333
9935,09935.png,16_32,0.6851605267051339,4631,6759,6302,5088,0.07172131147540983,True,35,218,235,0.2804878048780488,True,115,140,155,0.6012084592145015,True,199,61,71,0.9205776173285198,True,255,7,15,1.0,1.0,1.0
9936,09936.png,zero,1.0,0,0,0,0,1.0,True,0,0,0,1.0,True,0,0,0,1.0,True,0,0,0,1.0,True,0,0,0,0.0,0.0,0.0
9937,09937.png,2_4,0.37218984179850123,447,1201,606,1042,0.1531986531986532,True,91,315,188,0.6977401129943502,True,247,75,32,0.921146953405018,True,257,0,22,0.985663082437276,True,275,0,4,0.8492462311557789,0.996415770609319,0.9169634928224996
9938,09938.png,zero,1.0,0,0,0,0,1.0,True,0,0,0,1.0,True,0,0,0,1.0,True,0,0,0,1.0,True,0,0,0,0.0,0.0,0.0
9939,09939.png,16_32,0.7661036358431148,5352,6986,6639,5699,0.11764705882352941,True,66,226,269,0.542997542997543,True,221,72,114,0.7774647887323943,True,276,20,59,0.9343283582089552,True,313,0,22,1.0,1.0,1.0
9940,09940.png,4_8,0.34615384615384615,459,1326,542,1243,0.17049808429118773,True,89,297,136,0.6042944785276073,True,197,101,28,0.9256198347107438,True,224,17,1,0.9698275862068966,True,225,7,0,0.8552631578947368,1.0,0.9219858156028369
9941,09941.png,2_4,0.2523540489642185,268,1062,794,536,0.11657303370786516,True,83,465,164,0.5023696682464455,True,212,175,35,0.8058608058608059,True,220,26,27,0.9190283400809717,True,227,0,20,0.9658273381294964,0.9193548387096774,0.942018280860493
9942,09942.png,2_4,0.4041970802919708,443,1096,489,1050,0.2200392927308448,True,112,205,192,0.7300613496932515,True,238,22,66,0.8181818181818182,True,252,4,52,0.8627450980392157,True,264,2,40,0.9654088050314465,0.9620253164556962,0.9637140909935772
9943,09943.png,8_16,0.4127019748653501,1839,4456,3524,2771,0.05434782608695652,True,30,282,240,0.22483940042826553,True,105,197,165,0.5888888888888889,True,212,90,58,0.7981072555205048,True,253,47,17,0.9753846153846154,0.9424460431654677,0.9586324707403218
9944,09944.png,zero,1.0,0,0,0,0,1.0,True,0,0,0,1.0,True,0,0,0,1.0,True,0,0,0,1.0,True,0,0,0,0.0,0.0,0.0
9945,09945.png,zero,1.0,0,0,0,0,1.0,True,0,0,0,1.0,True,0,0,0,1.0,True,0,0,0,1.0,True,0,0,0,0.0,0.0,0.0
9946,09946.png,16_32,0.7189988623435722,5056,7032,6951,5137,0.11547344110854503,True,50,184,199,0.5062111801242236,True,163,73,86,0.8769230769230769,True,228,11,21,0.9799196787148594,True,244,0,5,1.0,1.0,1.0
9947,09947.png,thick,0.6472222222222223,6058,9360,6478,8940,0.024640657084188913,True,12,254,221,0.16009280742459397,True,69,198,164,0.26329113924050634,True,104,162,129,0.7340425531914894,True,207,49,26,1.0,1.0,1.0
9948,09948.png,16_32,0.6231564671978301,3676,5899,3909,5666,0.13385826771653545,True,68,281,159,0.27901785714285715,True,125,221,102,0.39172749391727496,True,161,184,66,0.6358381502890174,True,220,119,7,0.9283667621776505,1.0,0.962852897473997
9949,09949.png,4_8,0.3553668890236507,586,1649,706,1529,0.11555555555555555,True,78,424,173,0.6786703601108033,True,245,110,6,0.9653846153846154,True,251,9,0,1.0,True,251,0,0,0.938,1.0,0.9680082559339525
9950,09950.png,0_2,0.45853960396039606,741,1616,1298,1059,0.4172604908946952,True,527,322,414,0.8546571136131014,True,835,36,106,0.9389473684210526,True,892,9,49,0.9757383966244726,True,925,7,16,0.9433734939759036,1.0,0.9708617482951024
9951,09951.png,4_8,0.27647610121836924,295,1067,537,825,0.10478359908883828,True,46,288,105,0.39622641509433965,True,126,167,25,0.5857740585774058,True,140,88,11,0.722488038277512,True,151,58,0,0.8214285714285714,1.0,0.9019607843137255
9952,09952.png,4_8,0.5017135023989033,732,1459,1386,805,0.023809523809523808,True,7,171,116,0.5677083333333334,True,109,69,14,0.7109826589595376,True,123,50,0,0.76875,True,123,37,0,1.0,0.7886178861788617,0.8818181818181818
9953,09953.png,8_16,0.28139728306071526,1015,3607,1751,2871,0.05279034690799397,True,35,401,227,0.23452157598499063,True,125,271,137,0.40559440559440557,True,174,167,88,0.8198529411764706,True,223,10,39,0.9857433808553971,1.0,0.9928205128205128
9954,09954.png,zero,1.0,0,0,0,0,1.0,True,0,0,0,1.0,True,0,0,0,1.0,True,0,0,0,1.0,True,0,0,0,0.0,0.0,0.0
9955,09955.png,8_16,0.48220607415688466,2588,5367,5061,2894,0.0163265306122449,True,8,236,246,0.21654501216545013,True,89,157,165,0.45614035087719296,True,156,88,98,0.7074829931972789,True,208,40,46,1.0,1.0,1.0
9956,09956.png,16_32,0.6371519853947969,4188,6573,6070,4691,0.035046728971962614,True,15,193,220,0.21428571428571427,True,78,129,157,0.42948717948717946,True,134,77,101,0.6654676258992805,True,185,43,50,1.0,1.0,1.0
9957,09957.png,8_16,0.4920787325972156,4100,8332,5413,7019,0.025433526011560695,True,22,243,600,0.20596205962059622,True,152,116,470,0.3609022556390977,True,240,43,382,0.48822605965463106,True,311,15,311,0.9857142857142858,0.9575471698113207,0.971426589916083
9958,09958.png,16_32,0.5755284413129403,6698,11638,11084,7252,0.012678288431061807,True,8,299,324,0.09688581314878893,True,56,246,276,0.19848771266540643,True,105,197,227,0.47540983606557374,True,203,95,129,0.0,0.0,0.0
9959,09959.png,zero,1.0,0,0,0,0,1.0,True,0,0,0,1.0,True,0,0,0,1.0,True,0,0,0,1.0,True,0,0,0,0.0,0.0,0.0
9960,09960.png,16_32,0.625,5660,9056,8056,6660,0.023608768971332208,True,14,322,257,0.14583333333333334,True,77,257,194,0.275,True,132,209,139,0.5213032581453634,True,208,128,63,0.0,0.0,0.0
9961,09961.png,16_32,0.5419292292777509,3354,6189,4396,5147,0.036585365853658534,True,18,233,241,0.18604651162790697,True,80,171,179,0.3879781420765027,True,142,107,117,0.6710526315789473,True,204,45,55,1.0,1.0,1.0
9962,09962.png,16_32,0.7870727673649394,5711,7256,6653,6314,0.012077294685990338,True,5,202,207,0.2923076923076923,True,95,113,117,0.6130268199233716,True,160,49,52,0.9952830188679245,True,211,0,1,1.0,1.0,1.0
9963,09963.png,16_32,0.818989811402558,3778,4613,4590,3801,0.12903225806451613,True,40,128,142,0.5283842794759825,True,121,47,61,0.6055045871559633,True,132,36,50,0.841025641025641,True,164,13,18,0.9940119760479041,0.930635838150289,0.9612804603902527
9964,09964.png,16_32,0.8185294961277368,8561,10459,9904,9116,0.06209150326797386,True,38,215,359,0.4150537634408602,True,193,68,204,0.7103274559193955,True,282,0,115,0.8035264483627204,True,319,0,78,1.0,1.0,1.0
9965,09965.png,zero,1.0,0,0,0,0,1.0,True,0,0,0,1.0,True,0,0,0,1.0,True,0,0,0,1.0,True,0,0,0,0.0,0.0,0.0
9966,09966.png,thick,0.7423968524032327,13963,18808,16054,16717,0.015503875968992248,True,8,293,215,0.06938775510204082,True,34,267,189,0.13478260869565217,True,62,237,161,0.2722772277227723,True,110,181,113,0.0,0.0,0.0
9967,09967.png,16_32,0.8591986105942191,6926,8061,7352,7635,0.03125,True,14,171,263,0.25336927223719674,True,94,94,183,0.6923076923076923,True,198,9,79,0.8194945848375451,True,227,0,50,1.0,1.0,1.0
9968,09968.png,16_32,0.8064456721915285,4379,5430,4516,5293,0.15625,True,75,206,199,0.6871165644171779,True,224,52,50,0.8355704697986577,True,249,24,25,0.9390681003584229,True,262,5,12,1.0,1.0,1.0
9969,09969.png,16_32,0.2306878306878307,654,2835,1395,2094,0.0,True,0,128,57,0.0,True,0,128,57,0.0,True,0,128,57,0.005434782608695652,True,1,127,56,0.0,0.0,0.0
9970,09970.png,16_32,0.7493046776232617,5927,7910,6631,7206,0.023668639053254437,True,12,231,264,0.25907990314769974,True,107,137,169,0.40700808625336926,True,151,95,125,0.8771929824561403,True,250,9,26,1.0,0.9928571428571429,0.996415770609319
9971,09971.png,4_8,0.38362919132149903,389,1014,463,940,0.3258426966292135,True,116,166,74,0.7335907335907336,True,190,69,0,0.8407079646017699,True,190,36,0,0.8407079646017699,True,190,36,0,0.7773851590106007,1.0,0.8747514910536779
9972,09972.png,16_32,0.6228847703464948,4638,7446,4916,7168,0.05765407554671968,True,29,239,235,0.2951219512195122,True,121,146,143,0.6146788990825688,True,201,63,63,0.9962264150943396,True,264,1,0,1.0,1.0,1.0
9973,09973.png,thick,0.5139219637296208,5611,10918,7516,9013,0.020080321285140562,True,10,241,247,0.10675381263616558,True,49,202,208,0.19811320754716982,True,84,167,173,0.3010204081632653,True,118,135,139,0.0,0.0,0.0
9974,09974.png,16_32,0.6716553878188444,5161,7684,6031,6814,0.046181172291296625,True,26,210,327,0.2967032967032967,True,135,102,218,0.5309278350515464,True,206,35,147,0.7422096317280453,True,262,0,91,1.0,0.9074550128534704,0.9514824797843665
9975,09975.png,16_32,0.7290231904427267,5187,7115,6194,6108,0.043052837573385516,True,22,220,269,0.19686800894854586,True,88,156,203,0.5027777777777778,True,181,69,110,0.9006849315068494,True,263,1,28,1.0,1.0,1.0
9976,09976.png,8_16,0.683552220137586,2186,3198,2733,2651,0.09572901325478646,True,65,425,189,0.5284738041002278,True,232,185,22,0.7760252365930599,True,246,63,8,0.9883268482490273,True,254,3,0,1.0,1.0,1.0
9977,09977.png,thick,0.6317058468957203,7336,11613,7833,11116,0.0076045627376425855,True,4,244,278,0.055776892430278883,True,28,220,254,0.10714285714285714,True,51,194,231,0.5185185185185185,True,182,69,100,1.0,0.9970501474926253,0.9985228951255538
9978,09978.png,4_8,0.2844574780058651,388,1364,528,1224,0.16135458167330677,True,81,252,169,0.7556270096463023,True,235,61,15,0.97265625,True,249,6,1,1.0,True,250,0,0,0.7682926829268293,0.9723320158102767,0.8583534103181857
9979,09979.png,8_16,0.7776527934008249,2074,2667,2191,2550,0.25316455696202533,True,100,146,149,0.9683794466403162,True,245,4,4,1.0,True,249,0,0,1.0,True,249,0,0,1.0,1.0,1.0
9980,09980.png,16_32,0.6239769627159746,4117,6598,6141,4574,0.035443037974683546,True,14,204,177,0.13186813186813187,True,48,173,143,0.20930232558139536,True,72,153,119,0.44594594594594594,True,132,105,59,0.0,0.0,0.0
9981,09981.png,16_32,0.6844829526274333,6083,8887,8138,6832,0.09309309309309309,True,62,298,306,0.4246575342465753,True,217,143,151,0.5908096280087527,True,270,89,98,0.9468085106382979,True,356,8,12,0.6997167138810199,0.6851851851851852,0.6923747111633016
9982,09982.png,zero,1.0,0,0,0,0,1.0,True,0,0,0,1.0,True,0,0,0,1.0,True,0,0,0,1.0,True,0,0,0,0.0,0.0,0.0
9983,09983.png,16_32,0.7839930578733062,11745,14981,13089,13637,0.03192702394526796,True,28,286,563,0.17073170731707318,True,133,188,458,0.33428981348637016,True,233,106,358,0.6356073211314476,True,382,10,209,1.0,1.0,1.0
9984,09984.png,8_16,0.47631241997439183,1116,2343,1155,2304,0.14652956298200515,True,57,133,199,0.6801470588235294,True,185,16,71,0.7832699619771863,True,206,7,50,0.8687258687258688,True,225,3,31,0.8852459016393442,1.0,0.9391304347826086
9985,09985.png,2_4,0.3202785030461271,368,1149,527,990,0.15748031496062992,True,80,249,179,0.7220543806646526,True,239,72,20,0.9169675090252708,True,254,18,5,0.9961538461538462,True,259,1,0,0.8646153846153846,1.0,0.9273927392739274
9986,09986.png,16_32,0.7277327935222672,6471,8892,7322,8041,0.028517110266159697,True,15,245,266,0.19777777777777777,True,89,169,192,0.6119402985074627,True,205,54,76,0.9644128113879004,True,271,0,10,1.0,1.0,1.0
9987,09987.png,zero,1.0,0,0,0,0,1.0,True,0,0,0,1.0,True,0,0,0,1.0,True,0,0,0,1.0,True,0,0,0,0.0,0.0,0.0
9988,09988.png,zero,1.0,0,0,0,0,1.0,True,0,0,0,1.0,True,0,0,0,1.0,True,0,0,0,1.0,True,0,0,0,0.0,0.0,0.0
9989,09989.png,16_32,0.7205213701121552,7131,9897,9492,7536,0.03420523138832998,True,17,220,260,0.26732673267326734,True,108,127,169,0.7275747508305648,True,219,24,58,0.8607142857142858,True,241,3,36,1.0,1.0,1.0
9990,09990.png,zero,1.0,0,0,0,0,1.0,True,0,0,0,1.0,True,0,0,0,1.0,True,0,0,0,1.0,True,0,0,0,0.0,0.0,0.0
9991,09991.png,2_4,0.23971518987341772,303,1264,1008,559,0.12309644670050761,True,97,530,161,0.46652267818574517,True,216,205,42,0.7867132867132867,True,225,28,33,0.888030888030888,True,230,1,28,0.99375,0.890625,0.9393656716417912
9992,09992.png,8_16,0.6991635815165227,5099,7293,5833,6559,0.0768277571251549,True,62,366,379,0.4065040650406504,True,250,174,191,0.7618069815195072,True,371,46,70,0.9194630872483222,True,411,6,30,0.9976744186046511,0.9624724061810155,0.9797573182964614
9993,09993.png,8_16,0.6758479979597042,2650,3921,3880,2691,0.10570824524312897,True,50,208,215,0.7668918918918919,True,227,31,38,0.9662921348314607,True,258,2,7,0.9924528301886792,True,263,0,2,1.0,1.0,1.0
9994,09994.png,8_16,0.0,0,1001,0,1001,0.0,True,0,0,85,0.0,True,0,0,85,0.0,True,0,0,85,0.0,True,0,0,85,0.0,0.0,0.0
9995,09995.png,8_16,0.723045572434235,3903,5398,4628,4673,0.048327137546468404,True,26,227,285,0.38141809290953543,True,156,98,155,0.6744186046511628,True,232,33,79,0.8825396825396825,True,278,4,33,1.0,1.0,1.0
9996,09996.png,16_32,0.6922759190417183,5028,7263,6102,6189,0.08126410835214447,True,36,152,255,0.289544235924933,True,108,82,183,0.5816993464052288,True,178,15,113,0.6838487972508591,True,199,0,92,1.0,0.7060702875399361,0.8277153558052435
9997,09997.png,8_16,0.270030630340158,3350,12406,4918,10838,0.04301572617946346,True,93,1207,862,0.22164948453608246,True,387,791,568,0.35881104033970274,True,507,458,448,0.5686813186813187,True,621,137,334,0.5863874345549738,0.35240040858018384,0.44023401673664
9998,09998.png,thick,0.7259510057757419,10935,15063,11739,14259,0.009191176470588236,True,5,275,264,0.05384615384615385,True,28,251,241,0.2087912087912088,True,95,186,174,0.8823529411764706,True,255,20,14,1.0,1.0,1.0
9999,09999.png,zero,1.0,0,0,0,0,1.0,True,0,0,0,1.0,True,0,0,0,1.0,True,0,0,0,1.0,True,0,0,0,0.0,0.0,0.0
10000,10000.png,4_8,0.6268055089015788,1866,2977,2114,2729,0.3027027027027027,True,280,323,322,0.7068702290076336,True,463,53,139,0.7970297029702971,True,483,4,119,0.813953488372093,True,490,0,112,0.9570957095709571,0.8117839607201309,0.8784712255479757
10001,10001.png,16_32,0.8748172309076594,7778,8891,8366,8303,0.07766990291262135,True,40,221,254,0.6468842729970327,True,218,43,76,0.7916666666666666,True,247,18,47,0.9387755102040817,True,276,0,18,1.0,1.0,1.0
10002,10002.png,8_16,0.6633761105626851,1344,2026,1519,1851,0.14516129032258066,True,54,199,119,0.6822033898305084,True,161,63,12,0.9090909090909091,True,170,14,3,1.0,True,173,0,0,0.9962962962962963,1.0,0.9981447124304267
10003,10003.png,16_32,0.7395179927368769,4480,6058,5446,5092,0.02028397565922921,True,10,253,230,0.220873786407767,True,91,172,149,0.5955414012738853,True,187,74,53,0.9080459770114943,True,237,21,3,1.0,1.0,1.0
10004,10004.png,8_16,0.8998540145985402,3082,3425,3301,3206,0.3247422680412371,True,126,127,135,0.9846743295019157,True,257,0,4,0.9923371647509579,True,259,0,2,1.0,True,261,0,0,1.0,1.0,1.0
10005,10005.png,thick,0.8686337256603569,16015,18437,17369,17083,0.007233273056057866,True,4,313,236,0.1306122448979592,True,64,250,176,0.31894484412470026,True,133,177,107,0.8108108108108109,True,240,56,0,1.0,1.0,1.0
10006,10006.png,thick,0.7800115707260631,16179,20742,18027,18894,0.017496635262449527,True,13,326,404,0.25370675453047775,True,154,190,263,0.36140350877192984,True,206,153,211,0.5583657587548638,True,287,97,130,0.0,0.0,0.0
10007,10007.png,thick,0.7574229158736201,7959,10508,9572,8895,0.024844720496894408,True,8,157,157,0.1619718309859155,True,46,119,119,0.2952755905511811,True,75,89,90,0.5467289719626168,True,117,49,48,0.0,0.0,0.0
10008,10008.png,8_16,0.6875481386392811,2678,3895,2883,3690,0.1,True,46,205,209,0.44571428571428573,True,156,95,99,0.898876404494382,True,240,12,15,1.0,True,255,0,0,1.0,1.0,1.0
10009,10009.png,4_8,0.24248398225726958,492,2029,760,1761,0.09285714285714286,True,65,421,214,0.4049079754601227,True,198,210,81,0.5879120879120879,True,214,85,65,0.7212121212121212,True,238,51,41,0.9437984496124031,0.8971631205673759,0.9198901008653064
10010,10010.png,4_8,0.24010152284263958,473,1970,627,1816,0.1035031847133758,True,65,356,207,0.49528301886792453,True,210,152,62,0.6978851963746223,True,231,59,41,0.8344594594594594,True,247,24,25,0.857487922705314,1.0,0.9232769830949284
10011,10011.png,8_16,0.3540630182421227,854,2412,959,2307,0.08422459893048129,True,63,559,126,0.3673036093418259,True,173,282,16,0.6116838487972509,True,178,102,11,0.9479166666666666,True,182,3,7,0.9860248447204969,1.0,0.9929632525410477
10012,10012.png,8_16,0.7151413063821823,3821,5343,5163,4001,0.09349593495934959,True,46,220,226,0.4903047091412742,True,177,89,95,0.8815331010452961,True,253,15,19,0.9963235294117647,True,271,0,1,1.0,1.0,1.0
10013,10013.png,thick,0.868361782835467,14651,16872,15839,15684,0.024336283185840708,True,11,214,227,0.29971988795518206,True,107,119,131,0.43478260869565216,True,140,84,98,0.6312056737588653,True,178,44,60,1.0,1.0,1.0
10014,10014.png,zero,1.0,0,0,0,0,1.0,True,0,0,0,1.0,True,0,0,0,1.0,True,0,0,0,1.0,True,0,0,0,0.0,0.0,0.0
10015,10015.png,8_16,0.6432816110927699,3897,6058,4051,5904,0.19120135363790186,True,226,482,474,0.8346666666666667,True,626,50,74,0.9502133712660028,True,668,3,32,0.9842857142857143,True,689,0,11,0.9945130315500685,1.0,0.9972489683631361
10016,10016.png,16_32,0.7201002419633599,8333,11572,9974,9931,0.02226027397260274,True,13,242,329,0.16862745098039217,True,86,168,256,0.43478260869565216,True,180,72,162,0.6573033707865169,True,234,14,108,1.0,0.7209302325581395,0.8378378378378378
10017,10017.png,thick,0.8117834033374958,7151,8809,7673,8287,0.036511156186612576,True,18,235,240,0.3753351206434316,True,140,115,118,0.7263513513513513,True,215,38,43,0.9806201550387597,True,253,0,5,1.0,1.0,1.0
10018,10018.png,16_32,0.7640540980935311,4689,6137,5141,5685,0.08878504672897196,True,57,313,272,0.4924078091106291,True,227,132,102,0.6925064599483204,True,268,58,61,0.7953890489913544,True,276,18,53,1.0,1.0,1.0
10019,10019.png,4_8,0.6237014236244709,1621,2599,2066,2154,0.2107843137254902,True,172,365,279,0.7013232514177694,True,371,78,80,0.8046709129511678,True,379,20,72,0.8250539956803455,True,382,12,69,0.9981981981981982,0.8650442477876106,0.9268633948991576
10020,10020.png,zero,1.0,0,0,0,0,1.0,True,0,0,0,1.0,True,0,0,0,1.0,True,0,0,0,1.0,True,0,0,0,0.0,0.0,0.0
10021,10021.png,2_4,0.6237373737373737,741,1188,828,1101,0.1336405529953917,True,58,91,285,0.2949061662198391,True,110,30,233,0.33055555555555555,True,119,17,224,0.3707865168539326,True,132,13,211,0.9294871794871795,0.34402332361516036,0.50217924071438
10022,10022.png,8_16,0.8829861111111111,5086,5760,5302,5544,0.36363636363636365,True,212,174,197,0.8554778554778555,True,367,20,42,0.9394673123486683,True,388,4,21,0.9877750611246944,True,404,0,5,1.0,1.0,1.0
10023,10023.png,thick,0.8500285877644368,14867,17490,16130,16227,0.04424778761061947,True,20,219,213,0.2756756756756757,True,102,137,131,0.43333333333333335,True,143,97,90,0.9585062240663901,True,231,8,2,1.0,1.0,1.0
10024,10024.png,4_8,0.592,1406,2375,1627,2154,0.20613496932515338,True,168,364,283,0.7329317269076305,True,365,47,86,0.835920177383592,True,377,0,74,0.8425720620842572,True,380,0,71,0.9945454545454545,0.8706140350877193,0.9284624034272374
10025,10025.png,8_16,0.5430027606710555,2557,4709,4500,2766,0.059665871121718374,True,25,217,177,0.33534743202416917,True,111,129,91,0.6131386861313869,True,168,72,34,0.8977777777777778,True,202,23,0,1.0,1.0,1.0
10026,10026.png,0_2,0.36444444444444446,328,900,624,604,0.3724137931034483,True,270,161,294,0.7842465753424658,True,458,20,106,0.8516579406631762,True,488,9,76,0.8998242530755711,True,512,5,52,0.9513381995133819,0.9325044404973357,0.941827174541417
10027,10027.png,16_32,0.7243916913946588,6103,8425,8147,6381,0.035555555555555556,True,16,202,232,0.3735294117647059,True,127,92,121,0.6033898305084746,True,178,47,70,0.9435483870967742,True,234,0,14,1.0,1.0,1.0
10028,10028.png,zero,1.0,0,0,0,0,1.0,True,0,0,0,1.0,True,0,0,0,1.0,True,0,0,0,1.0,True,0,0,0,0.0,0.0,0.0
10029,10029.png,16_32,0.805181480056432,6278,7797,7428,6647,0.1378737541528239,True,83,229,290,0.4476987447698745,True,214,105,159,0.697560975609756,True,286,37,87,0.8545454545454545,True,329,12,44,1.0,1.0,1.0
10030,10030.png,8_16,0.9189769272044357,5138,5591,5194,5535,0.4797891036906854,True,273,148,148,0.9905437352245863,True,419,2,2,1.0,True,421,0,0,1.0,True,421,0,0,1.0,1.0,1.0
10031,10031.png,zero,1.0,0,0,0,0,1.0,True,0,0,0,1.0,True,0,0,0,1.0,True,0,0,0,1.0,True,0,0,0,0.0,0.0,0.0
10032,10032.png,2_4,0.2862706913339825,294,1027,630,691,0.17781402936378465,True,109,323,181,0.5941320293398533,True,243,119,47,0.8599348534201955,True,264,17,26,0.9793103448275862,True,284,0,6,0.7146171693735499,0.7735191637630662,0.7429024652592924
10033,10033.png,4_8,0.35333333333333333,212,600,311,501,0.0942622950819672,True,23,168,53,0.4423076923076923,True,69,80,7,0.8444444444444444,True,76,14,0,1.0,True,76,0,0,0.93,1.0,0.9637305699481865
10034,10034.png,zero,1.0,0,0,0,0,1.0,True,0,0,0,1.0,True,0,0,0,1.0,True,0,0,0,1.0,True,0,0,0,0.0,0.0,0.0
10035,10035.png,8_16,0.5996705107084019,2912,4856,4276,3492,0.030805687203791468,True,13,197,212,0.2564841498559078,True,89,122,136,0.579136690647482,True,161,53,64,0.9473684210526315,True,216,3,9,1.0,1.0,1.0
10036,10036.png,thick,0.8647307480242602,4705,5441,4894,5252,0.0,True,0,86,65,0.11940298507462686,True,16,69,49,0.30973451327433627,True,35,48,30,0.8227848101265823,True,65,14,0,1.0,1.0,1.0
10037,10037.png,8_16,0.6612081513828238,3634,5496,5329,3801,0.05776892430278884,True,29,230,243,0.35516372795969775,True,141,125,131,0.5040650406504065,True,186,97,86,0.6903409090909091,True,243,80,29,1.0,0.9927007299270073,0.9963369963369962
10038,10038.png,zero,1.0,0,0,0,0,1.0,True,0,0,0,1.0,True,0,0,0,1.0,True,0,0,0,1.0,True,0,0,0,0.0,0.0,0.0
10039,10039.png,4_8,0.42886884108258155,1236,2882,1653,2465,0.061224489795918366,True,60,635,285,0.36186186186186187,True,241,321,104,0.5978494623655914,True,278,120,67,0.8528610354223434,True,313,22,32,0.9958275382475661,1.0,0.9979094076655053
10040,10040.png,8_16,0.4379310344827586,889,2030,997,1922,0.09358288770053476,True,70,530,148,0.4539170506912442,True,197,216,21,0.8153846153846154,True,212,42,6,0.9191489361702128,True,216,17,2,0.9764890282131662,1.0,0.9881046788263284
10041,10041.png,8_16,0.07268722466960352,66,908,114,860,0.01818181818181818,True,3,84,78,0.15333333333333332,True,23,69,58,0.49107142857142855,True,55,31,26,0.5596330275229358,True,61,28,20,0.03529411764705882,0.0,0.0
10042,10042.png,16_32,0.6934466946885747,7259,10468,8766,8961,0.042879019908116385,True,28,292,333,0.27102803738317754,True,145,174,216,0.4603854389721627,True,215,106,146,0.6666666666666666,True,272,47,89,0.990990990990991,0.6788511749347258,0.8057472883504718
10043,10043.png,4_8,0.6281070745697896,1314,2092,1608,1798,0.12763320941759604,True,103,540,164,0.616822429906542,True,264,161,3,0.9399293286219081,True,266,16,1,1.0,True,267,0,0,0.9893778452200304,1.0,0.9946605644546148
10044,10044.png,16_32,0.5912881144990666,9502,16070,10483,15089,0.07,True,98,562,740,0.32174688057041,True,361,284,477,0.5338114754098361,True,521,138,317,0.7729357798165137,True,674,34,164,0.96996996996997,1.0,0.9847560975609756
10045,10045.png,16_32,0.8262234659750187,12105,14651,13597,13159,0.08131655372700872,True,84,422,527,0.398505603985056,True,320,192,291,0.5789473684210527,True,418,111,193,0.7182890855457227,True,487,67,124,1.0,0.9985141158989599,0.9992565055762082
10046,10046.png,8_16,0.1461218836565097,422,2888,470,2840,0.10720562390158173,True,61,243,265,0.5361596009975063,True,215,75,111,0.7528735632183908,True,262,22,64,0.911042944785276,True,297,0,29,0.9047619047619048,1.0,0.9500000000000001
10047,10047.png,zero,1.0,0,0,0,0,1.0,True,0,0,0,1.0,True,0,0,0,1.0,True,0,0,0,1.0,True,0,0,0,0.0,0.0,0.0
10048,10048.png,thick,0.7174856413529036,11243,15670,15144,11769,0.08417085427135679,True,67,482,247,0.2709867452135493,True,184,365,130,0.3889789303079417,True,240,303,74,0.5427509293680297,True,292,224,22,1.0,0.987987987987988,0.9939577039274925
10049,10049.png,zero,1.0,0,0,0,0,1.0,True,0,0,0,1.0,True,0,0,0,1.0,True,0,0,0,1.0,True,0,0,0,0.0,0.0,0.0
10050,10050.png,4_8,0.6486410759316336,2315,3569,2370,3514,0.24015748031496062,True,244,493,279,0.7993197278911565,True,470,65,53,0.9106145251396648,True,489,14,34,0.9566854990583804,True,508,8,15,0.985897435897436,0.9254545454545454,0.954720294644926
10051,10051.png,0_2,0.3350751143043762,513,1531,849,1195,0.281992337164751,True,368,247,690,0.7048872180451128,True,750,6,308,0.8260869565217391,True,874,0,184,0.9253308128544423,True,979,0,79,0.9371900826446281,1.0,0.9675767918088737
10052,10052.png,zero,0.0,0,1,1,0,0.0,True,0,1,0,0.0,True,0,1,0,0.0,True,0,1,0,0.0,True,0,1,0,0.0,0.0,0.0
10053,10053.png,zero,1.0,0,0,0,0,1.0,True,0,0,0,1.0,True,0,0,0,1.0,True,0,0,0,1.0,True,0,0,0,0.0,0.0,0.0
10054,10054.png,8_16,0.7064676616915423,7668,10854,8254,10268,0.08730964467005076,True,86,383,516,0.4191852825229961,True,319,159,283,0.7084639498432602,True,452,36,150,0.8338762214983714,True,512,12,90,0.9855072463768116,0.9730538922155688,0.9792409774685956
10055,10055.png,0_2,0.3737745098039216,610,1632,1005,1237,0.33435818601076095,True,435,285,581,0.7583572110792741,True,794,31,222,0.871219512195122,True,893,9,123,0.9509322865554465,True,969,3,47,0.9545454545454546,1.0,0.9767441860465117
10056,10056.png,16_32,0.6468610973801285,6543,10115,7770,8888,0.060431654676258995,True,42,301,352,0.22333333333333333,True,134,206,260,0.38721804511278196,True,206,138,188,0.8117359413202934,True,332,15,62,1.0,1.0,1.0
10057,10057.png,16_32,0.7255322407719406,4737,6529,5554,5712,0.028513238289205704,True,14,239,238,0.4157303370786517,True,148,104,104,0.6655629139072847,True,201,50,51,0.9610894941634242,True,247,5,5,1.0,1.0,1.0
10058,10058.png,4_8,0.3998521803399852,541,1353,893,1001,0.1262699564586357,True,87,454,148,0.49774774774774777,True,221,209,14,0.6468926553672316,True,229,119,6,0.6871345029239766,True,235,107,0,0.7757009345794392,1.0,0.8736842105263157
10059,10059.png,16_32,0.6149651874842714,7331,11921,10367,8885,0.06036745406824147,True,46,304,412,0.29093799682034976,True,183,171,275,0.45,True,252,102,206,0.6795131845841785,True,335,35,123,1.0,1.0,1.0
10060,10060.png,8_16,0.6366089498538341,2831,4447,4220,3058,0.06626506024096386,True,33,217,248,0.5042492917847026,True,178,72,103,0.9039145907473309,True,254,0,27,0.9217081850533808,True,259,0,22,1.0,0.926056338028169,0.9616087751371115
10061,10061.png,4_8,0.2540415704387991,550,2165,683,2032,0.12525252525252525,True,62,218,215,0.48264984227129337,True,153,40,124,0.5501730103806228,True,159,12,118,0.6714801444043321,True,186,0,91,0.9818181818181818,0.972318339100346,0.97704516918322
10062,10062.png,0_2,0.47340980187695514,454,959,745,668,0.38738738738738737,True,301,197,279,0.802610114192496,True,492,33,88,0.9057239057239057,True,538,14,42,0.9691780821917808,True,566,4,14,0.9260780287474333,1.0,0.9616204690831557
10063,10063.png,zero,1.0,0,0,0,0,1.0,True,0,0,0,1.0,True,0,0,0,1.0,True,0,0,0,1.0,True,0,0,0,0.0,0.0,0.0
10064,10064.png,8_16,0.3739985433357611,1027,2746,1879,1894,0.07339449541284404,True,16,90,112,0.14215686274509803,True,29,76,99,0.16161616161616163,True,32,70,96,0.2388888888888889,True,43,52,85,0.5643564356435643,0.24113475177304963,0.3378955627233894
10065,10065.png,16_32,0.7247768723321691,7471,10308,9456,8323,0.09873060648801128,True,70,289,350,0.49619771863117873,True,261,106,159,0.7262931034482759,True,337,44,83,0.9069767441860465,True,390,10,30,1.0,1.0,1.0
10066,10066.png,zero,1.0,0,0,0,0,1.0,True,0,0,0,1.0,True,0,0,0,1.0,True,0,0,0,1.0,True,0,0,0,0.0,0.0,0.0
10067,10067.png,thick,0.7860979136542037,7611,9682,8417,8876,0.04825737265415549,True,18,168,187,0.18484848484848485,True,61,125,144,0.3210702341137124,True,96,94,109,0.8851674641148325,True,185,4,20,1.0,1.0,1.0
10068,10068.png,4_8,0.1513180417665183,442,2921,547,2816,0.11323155216284987,True,89,280,417,0.5394045534150613,True,308,65,198,0.6580406654343808,True,356,35,150,0.7679245283018868,True,407,24,99,0.8034188034188035,0.8952569169960475,0.8468552677372844
10069,10069.png,8_16,0.28564581835609876,1192,4173,1895,3470,0.04551920341394026,True,32,483,188,0.15993265993265993,True,95,374,125,0.22075471698113208,True,117,310,103,0.42755344418052255,True,180,201,40,0.7552083333333334,1.0,0.8605341246290801
10070,10070.png,16_32,0.7034295352323838,7507,10672,10437,7742,0.08433734939759036,True,35,180,200,0.40062111801242234,True,129,87,106,0.6178571428571429,True,173,45,62,0.9113924050632911,True,216,2,19,1.0,1.0,1.0
10071,10071.png,thick,0.8776668623996868,8968,10218,10032,9154,0.05194805194805195,True,24,196,242,0.33060109289617484,True,121,100,145,0.5569620253164557,True,176,50,90,0.7872340425531915,True,222,16,44,1.0,1.0,1.0
10072,10072.png,4_8,0.14944237918215614,201,1345,415,1131,0.058315334773218146,True,27,238,198,0.3236994219653179,True,112,121,113,0.4110032362459547,True,127,84,98,0.46488294314381273,True,139,74,86,0.6590038314176245,0.6188340807174888,0.6382875736144351
10073,10073.png,16_32,0.7295970356646596,7876,10795,9144,9527,0.041170097508125676,True,38,404,481,0.38,True,266,181,253,0.7277580071174378,True,409,43,110,0.9015151515151515,True,476,9,43,1.0,1.0,1.0
10074,10074.png,zero,1.0,0,0,0,0,1.0,True,0,0,0,1.0,True,0,0,0,1.0,True,0,0,0,1.0,True,0,0,0,0.0,0.0,0.0
10075,10075.png,4_8,0.4544596507786692,963,2119,2058,1024,0.06516290726817042,True,26,249,124,0.3815789473684211,True,116,154,34,0.44947735191637633,True,129,137,21,0.5903614457831325,True,147,99,3,0.9863013698630136,1.0,0.993103448275862
10076,10076.png,thick,0.8673938002296211,7555,8710,7969,8296,0.05543237250554324,True,25,204,222,0.2970027247956403,True,109,120,138,0.7672727272727272,True,211,28,36,0.9525691699604744,True,241,6,6,1.0,1.0,1.0
10077,10077.png,thick,0.8381651911664559,17231,20558,18836,18953,0.03776978417266187,True,21,250,285,0.2565217391304348,True,118,154,188,0.47435897435897434,True,185,84,121,0.7815384615384615,True,254,19,52,1.0,1.0,1.0
10078,10078.png,zero,1.0,0,0,0,0,1.0,True,0,0,0,1.0,True,0,0,0,1.0,True,0,0,0,1.0,True,0,0,0,0.0,0.0,0.0
10079,10079.png,2_4,0.3022678951098512,853,2822,1218,2457,0.1723905723905724,True,256,563,666,0.8084677419354839,True,802,70,120,0.8798328108672936,True,842,35,80,0.91129883843717,True,863,25,59,0.8666666666666667,0.9935135135135135,0.9257652072839985
10080,10080.png,16_32,0.7369696969696969,5472,7425,7136,5761,0.07773109243697479,True,37,209,230,0.32390745501285345,True,126,122,141,0.6424050632911392,True,203,49,64,0.9039145907473309,True,254,14,13,1.0,1.0,1.0
10081,10081.png,8_16,0.5837513764835434,4771,8173,6849,6095,0.04588235294117647,True,39,405,406,0.2971014492753623,True,205,245,240,0.5982142857142857,True,335,115,110,0.8170974155069582,True,411,58,34,0.9701492537313433,0.9663865546218487,0.9682642487046632
10082,10082.png,16_32,0.8017059524901403,8741,10903,9893,9751,0.06769230769230769,True,44,221,385,0.35,True,182,91,247,0.5745614035087719,True,262,27,167,0.7558139534883721,True,325,1,104,1.0,0.979381443298969,0.9895833333333333
10083,10083.png,4_8,0.2265241259751517,784,3461,1992,2253,0.020100502512562814,True,16,333,447,0.12857142857142856,True,90,237,373,0.23861852433281006,True,152,174,311,0.5802919708029197,True,318,85,145,0.46112600536193027,0.2153209109730849,0.29356352775133754
10084,10084.png,8_16,0.6916890080428955,2580,3730,3210,3100,0.12526539278131635,True,59,191,221,0.5781710914454278,True,196,59,84,0.8801369863013698,True,257,12,23,1.0,True,280,0,0,1.0,1.0,1.0
10085,10085.png,zero,1.0,0,0,0,0,1.0,True,0,0,0,1.0,True,0,0,0,1.0,True,0,0,0,1.0,True,0,0,0,0.0,0.0,0.0
10086,10086.png,zero,1.0,0,0,0,0,1.0,True,0,0,0,1.0,True,0,0,0,1.0,True,0,0,0,1.0,True,0,0,0,0.0,0.0,0.0
10087,10087.png,8_16,0.3512593601089176,2064,5876,2097,5843,0.08273092369477912,True,103,884,258,0.3786407766990291,True,312,463,49,0.6254826254826255,True,324,157,37,0.9113573407202216,True,329,0,32,0.9953746530989824,0.9482288828337875,0.9712299631685428
10088,10088.png,8_16,0.7807142857142857,1093,1400,1179,1314,0.09523809523809523,True,16,59,93,0.40298507462686567,True,54,25,55,0.75,True,84,3,25,0.9357798165137615,True,102,0,7,1.0,1.0,1.0
10089,10089.png,zero,1.0,0,0,0,0,1.0,True,0,0,0,1.0,True,0,0,0,1.0,True,0,0,0,1.0,True,0,0,0,0.0,0.0,0.0
10090,10090.png,4_8,0.29526671675432004,393,1331,453,1271,0.1452991452991453,True,68,237,163,0.7147887323943662,True,203,53,28,0.9375,True,225,9,6,1.0,True,231,0,0,0.7755775577557755,1.0,0.8736059479553903
10091,10091.png,0_2,0.5037764350453172,667,1324,1156,835,0.4595910418695229,True,472,279,276,0.8413461538461539,True,700,84,48,0.8983890954151177,True,725,59,23,0.9368686868686869,True,742,44,6,0.9324324324324325,1.0,0.965034965034965
10092,10092.png,8_16,0.6640605296343002,2633,3965,3504,3094,0.25475285171102663,True,134,190,202,0.7526595744680851,True,283,40,53,0.8282548476454293,True,299,25,37,0.8917378917378918,True,313,15,23,1.0,1.0,1.0
10093,10093.png,zero,1.0,0,0,0,0,1.0,True,0,0,0,1.0,True,0,0,0,1.0,True,0,0,0,1.0,True,0,0,0,0.0,0.0,0.0
10094,10094.png,zero,1.0,0,0,0,0,1.0,True,0,0,0,1.0,True,0,0,0,1.0,True,0,0,0,1.0,True,0,0,0,0.0,0.0,0.0
10095,10095.png,16_32,0.7838112913847812,13092,16703,14925,14870,0.05860349127182045,True,47,312,443,0.2960122699386503,True,193,162,297,0.6510721247563352,True,334,23,156,0.7714285714285715,True,378,0,112,1.0,0.9943074003795066,0.9971455756422455
10096,10096.png,zero,1.0,0,0,0,0,1.0,True,0,0,0,1.0,True,0,0,0,1.0,True,0,0,0,1.0,True,0,0,0,0.0,0.0,0.0
10097,10097.png,16_32,0.4763385146804836,4137,8685,8350,4472,0.008714596949891068,True,4,181,274,0.06651376146788991,True,29,158,249,0.17936117936117937,True,73,129,205,0.3641304347826087,True,134,90,144,0.0,0.0,0.0
10098,10098.png,8_16,0.6179671647297547,3350,5421,4159,4612,0.06658446362515413,True,54,406,351,0.2713178294573643,True,175,240,230,0.6128364389233955,True,296,78,109,0.8938271604938272,True,362,0,43,1.0,0.9975961538461539,0.9987966305655837
10099,10099.png,zero,1.0,0,0,0,0,1.0,True,0,0,0,1.0,True,0,0,0,1.0,True,0,0,0,1.0,True,0,0,0,0.0,0.0,0.0
10100,10100.png,thick,0.7821614983113294,10190,13028,12251,10967,0.052123552123552123,True,27,220,271,0.1822125813449024,True,84,163,214,0.2964705882352941,True,126,127,172,0.6608187134502924,True,226,44,72,1.0,1.0,1.0
10101,10101.png,zero,1.0,0,0,0,0,1.0,True,0,0,0,1.0,True,0,0,0,1.0,True,0,0,0,1.0,True,0,0,0,0.0,0.0,0.0
10102,10102.png,16_32,0.6700920245398773,4369,6520,5480,5409,0.049689440993788817,True,24,208,251,0.4610951008645533,True,160,72,115,0.5709876543209876,True,185,49,90,0.7138047138047138,True,212,22,63,1.0,1.0,1.0
10103,10103.png,16_32,0.8575627535124332,14588,17011,16215,15384,0.036057692307692304,True,30,241,561,0.24,True,168,109,423,0.45187601957585644,True,277,22,314,0.5769881556683587,True,341,0,250,1.0,0.9983974358974359,0.9991980753809142
10104,10104.png,zero,1.0,0,0,0,0,1.0,True,0,0,0,1.0,True,0,0,0,1.0,True,0,0,0,1.0,True,0,0,0,0.0,0.0,0.0
10105,10105.png,4_8,0.3745113369820172,479,1279,614,1144,0.10338345864661654,True,55,332,145,0.6040268456375839,True,180,98,20,0.8792270531400966,True,182,7,18,0.925,True,185,0,15,0.9030612244897959,1.0,0.9490616621983915
10106,10106.png,16_32,0.7818264287874206,5171,6614,5878,5907,0.07881773399014778,True,32,161,213,0.31137724550898205,True,104,89,141,0.5454545454545454,True,156,41,89,0.8489795918367347,True,208,0,37,1.0,0.9886363636363636,0.9942857142857142
10107,10107.png,16_32,0.3410174880763116,1287,3774,2245,2816,0.004901960784313725,True,2,241,165,0.046153846153846156,True,18,223,149,0.07692307692307693,True,29,210,138,0.2,True,64,153,103,0.0,0.0,0.0
10108,10108.png,zero,1.0,0,0,0,0,1.0,True,0,0,0,1.0,True,0,0,0,1.0,True,0,0,0,1.0,True,0,0,0,0.0,0.0,0.0
10109,10109.png,16_32,0.715196416264645,4151,5804,4880,5075,0.09009009009009009,True,40,167,237,0.3813559322033898,True,135,77,142,0.49096385542168675,True,163,55,114,0.7201365187713311,True,211,16,66,1.0,0.8538205980066446,0.921146953405018
10110,10110.png,2_4,0.36826042726347913,362,983,581,764,0.1263537906137184,True,70,319,165,0.6987577639751553,True,225,87,10,0.9788135593220338,True,231,1,4,1.0,True,235,0,0,0.8025974025974026,1.0,0.8904899135446687
10111,10111.png,4_8,0.34545454545454546,475,1375,722,1128,0.1072,True,67,353,205,0.6640826873385013,True,257,115,15,0.9175257731958762,True,267,19,5,0.9855072463768116,True,272,4,0,0.9223529411764706,1.0,0.9596083231334149
10112,10112.png,16_32,0.7494068466839905,6633,8851,7719,7765,0.022071307300509338,True,13,365,211,0.13282732447817835,True,70,303,154,0.25481798715203424,True,119,243,105,0.46582278481012657,True,184,171,40,0.0,0.0,0.0
10113,10113.png,4_8,0.6109839816933639,801,1311,993,1119,0.22096774193548388,True,137,364,119,0.757396449704142,True,256,82,0,1.0,True,256,0,0,1.0,True,256,0,0,0.9315068493150684,1.0,0.9645390070921985
10114,10114.png,8_16,0.5702624638955167,4541,7963,5809,6695,0.06408094435075885,True,38,209,346,0.3815789473684211,True,174,72,210,0.5230024213075061,True,216,29,168,0.6106870229007634,True,240,9,144,1.0,0.34360189573459715,0.5114638447971781
10115,10115.png,4_8,0.8185975609756098,537,656,615,578,0.42342342342342343,True,47,33,31,0.6989247311827957,True,65,15,13,0.7666666666666667,True,69,12,9,0.9871794871794872,True,77,0,1,1.0,1.0,1.0
10116,10116.png,2_4,0.3219178082191781,282,876,615,543,0.17117117117117117,True,95,321,139,0.5846560846560847,True,221,144,13,0.7188498402555911,True,225,79,9,0.803448275862069,True,233,56,1,0.691747572815534,0.9956521739130435,0.8163329122315476
10117,10117.png,16_32,0.8584060633899863,7475,8708,7826,8357,0.09111111111111111,True,41,220,189,0.32439678284182305,True,121,143,109,0.5751633986928104,True,176,76,54,0.9387755102040817,True,230,15,0,1.0,1.0,1.0
10118,10118.png,2_4,0.36818437324339515,655,1779,840,1594,0.15568181818181817,True,137,383,360,0.600739371534196,True,325,44,172,0.6767068273092369,True,337,1,160,0.7082494969818913,True,352,0,145,0.9901960784313726,1.0,0.9950738916256158
10119,10119.png,8_16,0.25929368029739774,837,3228,947,3118,0.11467889908256881,True,50,211,175,0.49074074074074076,True,159,99,66,0.7916666666666666,True,209,39,16,0.8352941176470589,True,213,30,12,0.8656126482213439,1.0,0.9279661016949153
10120,10120.png,4_8,0.3900804289544236,291,746,493,544,0.07506702412868632,True,28,240,105,0.5229357798165137,True,114,85,19,0.823943661971831,True,117,9,16,0.9097744360902256,True,121,0,12,0.9303135888501742,1.0,0.963898916967509
10121,10121.png,thick,0.8515422311905448,8862,10407,9182,10087,0.049800796812749,True,25,258,219,0.5071633237822349,True,177,105,67,0.8709677419354839,True,243,35,1,0.9037037037037037,True,244,26,0,1.0,1.0,1.0
10122,10122.png,16_32,0.3444164790038416,2600,7549,2667,7482,0.01206896551724138,True,7,270,303,0.046511627906976744,True,26,249,284,0.0970873786407767,True,50,205,260,0.20666666666666667,True,93,140,217,0.0,0.0,0.0
10123,10123.png,4_8,0.3125,560,1792,872,1480,0.0625,True,42,446,184,0.3333333333333333,True,155,239,71,0.5240963855421686,True,174,106,52,0.7293233082706767,True,194,40,32,0.9110671936758893,0.6681034482758621,0.770894693120152
10124,10124.png,16_32,0.906360174869553,6427,7091,6498,7020,0.294238683127572,True,143,162,181,0.9099099099099099,True,303,9,21,0.9660493827160493,True,313,0,11,0.9876543209876543,True,320,0,4,1.0,1.0,1.0
10125,10125.png,0_2,0.46455834242093785,426,917,774,569,0.3487109905020353,True,257,231,249,0.8920454545454546,True,471,22,35,0.968503937007874,True,492,2,14,1.0,True,506,0,0,0.9666666666666667,1.0,0.983050847457627
10126,10126.png,16_32,0.7398908321265456,6642,8977,8133,7486,0.04852320675105485,True,23,186,265,0.29765013054830286,True,114,95,174,0.5339506172839507,True,173,36,115,0.7333333333333333,True,220,12,68,1.0,1.0,1.0
10127,10127.png,16_32,0.7430608057025597,6880,9259,8724,7415,0.10337972166998012,True,52,220,231,0.2937062937062937,True,126,146,157,0.6294117647058823,True,214,57,69,0.9581881533101045,True,275,4,8,1.0,1.0,1.0
10128,10128.png,4_8,0.22210300429184548,207,932,292,847,0.08666666666666667,True,26,172,102,0.3548387096774194,True,77,89,51,0.5086705202312138,True,88,45,40,0.6802721088435374,True,100,19,28,0.7525252525252525,0.828125,0.7885172241637542
10129,10129.png,16_32,0.9583517944173682,4326,4514,4398,4442,0.47564469914040114,True,166,93,90,0.9884169884169884,True,256,3,0,0.9961089494163424,True,256,1,0,1.0,True,256,0,0,1.0,1.0,1.0
10130,10130.png,zero,1.0,0,0,0,0,1.0,True,0,0,0,1.0,True,0,0,0,1.0,True,0,0,0,1.0,True,0,0,0,0.0,0.0,0.0
10131,10131.png,2_4,0.312,312,1000,545,767,0.15482695810564662,True,85,310,154,0.6183844011142061,True,222,120,17,0.8988326848249028,True,231,18,8,0.970954356846473,True,234,2,5,0.7131578947368421,0.9957627118644068,0.831093073028136
10132,10132.png,8_16,0.5003416078342063,2197,4391,4153,2435,0.07066381156316917,True,33,214,220,0.26790450928381965,True,101,124,152,0.43790849673202614,True,134,53,119,0.6879699248120301,True,183,13,70,1.0,0.9494163424124513,0.9740518962075848
10133,10133.png,16_32,0.5323058684054535,3592,6748,5675,4665,0.007177033492822967,True,3,193,222,0.08740359897172237,True,34,164,191,0.2672672672672673,True,89,108,136,0.5328467153284672,True,146,49,79,0.0,0.0,0.0
10134,10134.png,16_32,0.5996376811594203,993,1656,1462,1187,0.01282051282051282,True,1,34,43,0.234375,True,15,20,29,0.3448275862068966,True,20,14,24,0.7659574468085106,True,36,3,8,1.0,1.0,1.0
10135,10135.png,0_2,0.5766509433962265,489,848,744,593,0.4775888717156105,True,309,165,173,0.9794238683127572,True,476,4,6,1.0,True,482,0,0,1.0,True,482,0,0,0.9848156182212582,1.0,0.9923497267759563
10136,10136.png,8_16,0.8167701863354038,1052,1288,1100,1240,0.31333333333333335,True,47,49,54,0.8490566037735849,True,90,5,11,0.941747572815534,True,97,2,4,1.0,True,101,0,0,1.0,1.0,1.0
10137,10137.png,4_8,0.3993464052287582,611,1530,805,1336,0.11538461538461539,True,84,467,177,0.675392670157068,True,258,121,3,0.9775280898876404,True,261,6,0,1.0,True,261,0,0,0.937037037037037,1.0,0.9674952198852772
10138,10138.png,8_16,0.7474489795918368,1465,1960,1788,1637,0.12595419847328243,True,33,140,89,0.6145251396648045,True,110,57,12,0.7333333333333333,True,121,43,1,0.8776978417266187,True,122,17,0,1.0,1.0,1.0
10139,10139.png,zero,1.0,0,0,0,0,1.0,True,0,0,0,1.0,True,0,0,0,1.0,True,0,0,0,1.0,True,0,0,0,0.0,0.0,0.0
10140,10140.png,8_16,0.5994724420380397,4318,7203,5674,5847,0.04539007092198582,True,32,331,342,0.2874564459930314,True,165,200,209,0.469061876247505,True,235,127,139,0.9528795811518325,True,364,8,10,1.0,1.0,1.0
10141,10141.png,16_32,0.8413067249863313,6155,7316,6598,6873,0.10327022375215146,True,60,243,278,0.6059850374064838,True,243,63,95,0.9,True,306,2,32,0.9763313609467456,True,330,0,8,1.0,1.0,1.0
10142,10142.png,0_2,0.26695371367061355,248,929,648,529,0.19694868238557559,True,142,265,314,0.594392523364486,True,318,79,138,0.7101449275362319,True,343,27,113,0.7578288100208769,True,363,23,93,0.8294573643410853,1.0,0.9067796610169491
10143,10143.png,thick,0.22817671170487325,3006,13174,4734,11446,0.010706638115631691,True,10,689,235,0.06363636363636363,True,56,635,189,0.12378640776699029,True,102,579,143,0.18030513176144244,True,130,476,115,0.0,0.0,0.0
10144,10144.png,2_4,0.5449591280653951,400,734,515,619,0.31019522776572667,True,143,169,149,0.8761904761904762,True,276,23,16,0.9657534246575342,True,282,0,10,1.0,True,292,0,0,0.9117647058823529,1.0,0.9538461538461539
10145,10145.png,2_4,0.26455026455026454,350,1323,472,1201,0.2222222222222222,True,166,168,413,0.5085803432137286,True,326,62,253,0.6172248803827751,True,387,48,192,0.7205882352941176,True,441,33,138,0.7955974842767296,0.8468634686346863,0.8204303962018878
10146,10146.png,zero,1.0,0,0,0,0,1.0,True,0,0,0,1.0,True,0,0,0,1.0,True,0,0,0,1.0,True,0,0,0,0.0,0.0,0.0
10147,10147.png,zero,1.0,0,0,0,0,1.0,True,0,0,0,1.0,True,0,0,0,1.0,True,0,0,0,1.0,True,0,0,0,0.0,0.0,0.0
10148,10148.png,16_32,0.9024129505192425,5909,6548,6241,6216,0.11956521739130435,True,55,199,206,0.734006734006734,True,218,36,43,0.8763636363636363,True,241,14,20,0.9770114942528736,True,255,0,6,1.0,1.0,1.0
10149,10149.png,16_32,0.5528754228563024,3759,6799,5638,4920,0.042826552462526764,True,20,207,240,0.2103960396039604,True,85,144,175,0.3038961038961039,True,117,125,143,0.7133333333333334,True,214,40,46,1.0,1.0,1.0
10150,10150.png,zero,1.0,0,0,0,0,1.0,True,0,0,0,1.0,True,0,0,0,1.0,True,0,0,0,1.0,True,0,0,0,0.0,0.0,0.0
10151,10151.png,8_16,0.6004139138740746,7543,12563,10646,9460,0.04973624717407687,True,66,646,615,0.2873030583873957,True,310,398,371,0.6494597839135654,True,541,152,140,0.9783549783549783,True,678,12,3,0.9972640218878249,0.975609756097561,0.9863180503644574
10152,10152.png,zero,1.0,0,0,0,0,1.0,True,0,0,0,1.0,True,0,0,0,1.0,True,0,0,0,1.0,True,0,0,0,0.0,0.0,0.0
10153,10153.png,8_16,0.6742837653478854,1977,2932,2018,2891,0.1774891774891775,True,123,356,214,0.8154613466334164,True,327,64,10,1.0,True,337,0,0,1.0,True,337,0,0,0.9980353634577603,1.0,0.9990167158308751
10154,10154.png,zero,1.0,0,0,0,0,1.0,True,0,0,0,1.0,True,0,0,0,1.0,True,0,0,0,1.0,True,0,0,0,0.0,0.0,0.0
10155,10155.png,8_16,0.7039462636439966,4192,5955,5421,4726,0.08626760563380281,True,49,236,283,0.5522388059701493,True,222,70,110,0.7893258426966292,True,281,24,51,0.9341317365269461,True,312,2,20,1.0,1.0,1.0
10156,10156.png,zero,1.0,0,0,0,0,1.0,True,0,0,0,1.0,True,0,0,0,1.0,True,0,0,0,1.0,True,0,0,0,0.0,0.0,0.0
10157,10157.png,thick,0.0,0,9487,7735,1752,0.0,True,0,293,33,0.0,True,0,293,33,0.0,True,0,293,33,0.0,True,0,293,33,0.0,0.0,0.0
10158,10158.png,zero,1.0,0,0,0,0,1.0,True,0,0,0,1.0,True,0,0,0,1.0,True,0,0,0,1.0,True,0,0,0,0.0,0.0,0.0
10159,10159.png,zero,1.0,0,0,0,0,1.0,True,0,0,0,1.0,True,0,0,0,1.0,True,0,0,0,1.0,True,0,0,0,0.0,0.0,0.0
10160,10160.png,zero,1.0,0,0,0,0,1.0,True,0,0,0,1.0,True,0,0,0,1.0,True,0,0,0,1.0,True,0,0,0,0.0,0.0,0.0
10161,10161.png,0_2,0.4537292817679558,657,1448,1030,1075,0.40445586975149955,True,472,260,435,0.839572192513369,True,785,28,122,0.9127589967284624,True,837,10,70,0.9757709251101322,True,886,1,21,0.9353023909985936,1.0,0.9665697674418605
10162,10162.png,16_32,0.8461995249406176,1425,1684,1524,1585,0.13664596273291926,True,22,70,69,0.7009345794392523,True,75,16,16,1.0,True,91,0,0,1.0,True,91,0,0,1.0,1.0,1.0
10163,10163.png,zero,1.0,0,0,0,0,1.0,True,0,0,0,1.0,True,0,0,0,1.0,True,0,0,0,1.0,True,0,0,0,0.0,0.0,0.0
10164,10164.png,zero,1.0,0,0,0,0,1.0,True,0,0,0,1.0,True,0,0,0,1.0,True,0,0,0,1.0,True,0,0,0,0.0,0.0,0.0
10165,10165.png,8_16,0.6599029005352919,5301,8033,7300,6034,0.046686746987951805,True,31,219,414,0.2846715328467153,True,156,103,289,0.47950819672131145,True,234,43,211,0.5974842767295597,True,285,32,160,1.0,0.9625550660792952,0.9809203142536476
10166,10166.png,16_32,0.7350458273034249,12190,16584,13556,15218,0.05535499398315283,True,46,320,465,0.2773722627737226,True,190,174,321,0.3996789727126806,True,249,112,262,0.5302245250431779,True,307,68,204,0.15885416666666666,0.23191094619666047,0.18855327093559515
10167,10167.png,8_16,0.29191685912240184,632,2165,688,2109,0.12317666126418152,True,76,359,182,0.6307277628032345,True,234,113,24,0.8595890410958904,True,251,34,7,0.9961389961389961,True,258,1,0,0.8792710706150342,1.0,0.9357575757575758
10168,10168.png,zero,1.0,0,0,0,0,1.0,True,0,0,0,1.0,True,0,0,0,1.0,True,0,0,0,1.0,True,0,0,0,0.0,0.0,0.0
10169,10169.png,16_32,0.8892501912777353,4649,5228,4768,5109,0.13758389261744966,True,41,121,136,0.772020725388601,True,149,16,28,0.8648648648648649,True,160,8,17,0.9175824175824175,True,167,5,10,1.0,1.0,1.0
10170,10170.png,zero,0.0,0,3,3,0,0.0,True,0,3,0,0.0,True,0,3,0,0.0,True,0,3,0,0.0,True,0,3,0,0.0,0.0,0.0
10171,10171.png,8_16,0.6638888888888889,1673,2520,1948,2245,0.050746268656716415,True,17,124,194,0.3590733590733591,True,93,48,118,0.5281385281385281,True,122,20,89,0.8403755868544601,True,179,2,32,1.0,1.0,1.0
10172,10172.png,8_16,0.7593928464081755,5053,6654,5949,5758,0.17406143344709898,True,102,207,277,0.6258823529411764,True,266,46,113,0.7917737789203085,True,308,10,71,0.8818897637795275,True,336,2,43,1.0,1.0,1.0
10173,10173.png,16_32,0.359253499222395,462,1286,504,1244,0.07848837209302326,True,27,276,41,0.23921568627450981,True,61,187,7,0.37158469945355194,True,68,115,0,0.7816091954022989,True,68,19,0,0.9528301886792453,1.0,0.9758454106280194
10174,10174.png,16_32,0.6702745812920132,5883,8777,8179,6481,0.042833607907743,True,26,262,319,0.20527306967984935,True,109,186,236,0.5539568345323741,True,231,72,114,0.9420289855072463,True,325,0,20,1.0,1.0,1.0
10175,10175.png,0_2,0.4883720930232558,399,817,711,505,0.4455611390284757,True,266,175,156,0.916289592760181,True,405,20,17,0.9553990610328639,True,407,4,15,0.9739336492890995,True,411,0,11,0.9588100686498856,0.981042654028436,0.969798957890735
10176,10176.png,4_8,0.5154826958105647,1415,2745,1829,2331,0.10642570281124498,True,106,700,190,0.41379310344827586,True,252,313,44,0.706989247311828,True,263,76,33,0.8986486486486487,True,266,0,30,0.996437054631829,1.0,0.9982153480071385
10177,10177.png,16_32,0.7916726489590811,5514,6965,5847,6632,0.07246376811594203,True,35,221,227,0.48424068767908307,True,169,87,93,0.7366666666666667,True,221,38,41,0.8817204301075269,True,246,17,16,1.0,1.0,1.0
10178,10178.png,4_8,0.29172141918528255,444,1522,657,1309,0.09612141652613827,True,57,350,186,0.45498783454987834,True,187,168,56,0.7242524916943521,True,218,58,25,0.9362549800796812,True,235,8,8,0.9150485436893204,1.0,0.955640050697085
10179,10179.png,zero,1.0,0,0,0,0,1.0,True,0,0,0,1.0,True,0,0,0,1.0,True,0,0,0,1.0,True,0,0,0,0.0,0.0,0.0
10180,10180.png,16_32,0.6630971993410214,1610,2428,2153,1885,0.01935483870967742,True,3,62,90,0.0896551724137931,True,13,52,80,0.23846153846153847,True,31,37,62,0.8085106382978723,True,76,1,17,1.0,1.0,1.0
10181,10181.png,8_16,0.2748304746709214,689,2507,1278,1918,0.06484641638225255,True,38,422,126,0.2281449893390192,True,107,305,57,0.33423180592991913,True,124,207,40,0.3806646525679758,True,126,167,38,0.6495049504950495,0.7647058823529411,0.7024133102709826
10182,10182.png,zero,1.0,0,0,0,0,1.0,True,0,0,0,1.0,True,0,0,0,1.0,True,0,0,0,1.0,True,0,0,0,0.0,0.0,0.0
10183,10183.png,8_16,0.295551492992078,485,1641,775,1351,0.06037735849056604,True,32,404,94,0.2563451776649746,True,101,268,25,0.3902439024390244,True,112,161,14,0.7875,True,126,34,0,0.9803063457330415,1.0,0.9900552486187846
10184,10184.png,0_2,0.4490075290896646,656,1461,1066,1051,0.363481228668942,True,426,290,456,0.7513283740701382,True,707,59,175,0.8045851528384279,True,737,34,145,0.8419319429198683,True,767,29,115,0.9114285714285715,0.7848244620611552,0.8434018087584196
10185,10185.png,16_32,0.8494974546403864,6508,7661,7345,6824,0.09978308026030369,True,46,207,208,0.32722513089005234,True,125,128,129,0.6866666666666666,True,206,46,48,0.950381679389313,True,249,8,5,1.0,1.0,1.0
10186,10186.png,16_32,0.7657257361909741,8789,11478,11186,9081,0.08024691358024691,True,39,198,249,0.27602905569007263,True,114,125,174,0.4175531914893617,True,157,88,131,0.831081081081081,True,246,8,42,1.0,1.0,1.0
10187,10187.png,16_32,0.5845816238908501,6127,10481,8059,8549,0.011363636363636364,True,7,338,271,0.06495726495726496,True,38,307,240,0.15769944341372913,True,85,261,193,0.5390243902439025,True,221,132,57,1.0,1.0,1.0
10188,10188.png,16_32,0.7112342841692578,5261,7397,7324,5334,0.0708502024291498,True,35,205,254,0.36246786632390743,True,141,100,148,0.6109422492401215,True,201,40,88,0.7854785478547854,True,238,14,51,1.0,1.0,1.0
10189,10189.png,thick,0.13384202928438854,2596,19396,8321,13671,0.0050335570469798654,True,3,245,348,0.015254237288135594,True,9,239,342,0.03454231433506045,True,20,228,331,0.09671532846715329,True,53,197,298,0.0,0.0,0.0
10190,10190.png,16_32,0.8452261306532663,2523,2985,2891,2617,0.17446808510638298,True,41,95,99,0.5617977528089888,True,100,38,40,1.0,True,140,0,0,1.0,True,140,0,0,1.0,1.0,1.0
10191,10191.png,8_16,0.5212444857209194,2245,4307,2760,3792,0.06539833531510107,True,55,571,215,0.33889816360601,True,203,329,67,0.5355555555555556,True,241,180,29,0.7321937321937322,True,257,81,13,0.8646616541353384,0.8546099290780141,0.8596064078904518
10192,10192.png,4_8,0.11701081612586037,119,1017,218,918,0.11501597444089456,True,36,123,154,0.5362903225806451,True,133,58,57,0.6218487394957983,True,148,48,42,0.6936170212765957,True,163,45,27,0.5512820512820513,1.0,0.7107438016528926
10193,10193.png,16_32,0.9563496822160931,7975,8339,8083,8231,0.2992874109263658,True,126,127,168,0.8163934426229508,True,249,11,45,0.8945578231292517,True,263,0,31,0.935374149659864,True,275,0,19,1.0,1.0,1.0
10194,10194.png,16_32,0.5287610619469026,4302,8136,5669,6769,0.02231237322515213,True,11,240,242,0.10065645514223195,True,46,204,207,0.1756440281030445,True,75,174,178,0.7395833333333334,True,213,35,40,1.0,1.0,1.0
10195,10195.png,4_8,0.5482799061767005,2805,5116,3080,4841,0.16957787481804948,True,233,659,482,0.7747641509433962,True,657,133,58,0.9500674763832658,True,704,26,11,0.9902642559109874,True,712,4,3,0.9786995515695067,1.0,0.9892351274787535
10196,10196.png,16_32,0.6323263260476124,4542,7183,5901,5824,0.032454361054766734,True,16,240,237,0.29441624365482233,True,116,141,137,0.4755043227665706,True,165,94,88,0.5789473684210527,True,187,70,66,1.0,1.0,1.0
10197,10197.png,zero,1.0,0,0,0,0,1.0,True,0,0,0,1.0,True,0,0,0,1.0,True,0,0,0,1.0,True,0,0,0,0.0,0.0,0.0
10198,10198.png,zero,1.0,0,0,0,0,1.0,True,0,0,0,1.0,True,0,0,0,1.0,True,0,0,0,1.0,True,0,0,0,0.0,0.0,0.0
10199,10199.png,8_16,0.3491686460807601,441,1263,1124,580,0.09433962264150944,True,10,67,29,0.22916666666666666,True,22,57,17,0.3146067415730337,True,28,50,11,0.43023255813953487,True,37,47,2,0.4375,1.0,0.6086956521739131
10200,10200.png,4_8,0.1575875486381323,162,1028,281,909,0.116991643454039,True,42,168,149,0.48507462686567165,True,130,77,61,0.6635071090047393,True,140,20,51,0.714975845410628,True,148,16,43,0.5533980582524272,0.8947368421052632,0.6838390966831335
10201,10201.png,8_16,0.552128583840139,2542,4604,3293,3853,0.06599552572706935,True,59,617,218,0.31784107946026985,True,212,390,65,0.5235042735042735,True,245,191,32,0.8283828382838284,True,251,26,26,1.0,1.0,1.0
10202,10202.png,16_32,0.6336882579118603,4285,6762,4449,6598,0.0842911877394636,True,44,213,265,0.4387755102040816,True,172,83,137,0.6686217008797654,True,228,32,81,0.9255663430420712,True,286,0,23,0.9734848484848485,1.0,0.9865642994241842
10203,10203.png,8_16,0.8485226799833542,2039,2403,2250,2192,0.3829787234042553,True,144,131,101,0.8844765342960289,True,245,32,0,0.8974358974358975,True,245,28,0,0.9245283018867925,True,245,20,0,1.0,1.0,1.0
10204,10204.png,8_16,0.7187780772686433,4800,6678,6097,5381,0.05330882352941176,True,29,247,268,0.27312775330396477,True,124,157,173,0.6752873563218391,True,235,51,62,0.9407894736842105,True,286,7,11,1.0,1.0,1.0
10205,10205.png,16_32,0.5654531371030209,2190,3873,2432,3631,0.07142857142857142,True,31,251,152,0.34023668639053256,True,115,155,68,0.5683453237410072,True,158,95,25,0.820627802690583,True,183,40,0,0.8585858585858586,1.0,0.9239130434782609
10206,10206.png,zero,1.0,0,0,0,0,1.0,True,0,0,0,1.0,True,0,0,0,1.0,True,0,0,0,1.0,True,0,0,0,0.0,0.0,0.0
10207,10207.png,2_4,0.250996015936255,189,753,404,538,0.054404145077720206,True,21,242,123,0.29896907216494845,True,87,147,57,0.4189723320158103,True,106,109,38,0.5107296137339056,True,119,89,25,0.5436507936507936,0.8181818181818182,0.6532450331125828
10208,10208.png,2_4,0.6477354421279655,901,1391,1187,1105,0.297111416781293,True,216,376,135,0.8709677419354839,True,351,52,0,0.9971590909090909,True,351,1,0,1.0,True,351,0,0,0.9764705882352941,1.0,0.988095238095238
10209,10209.png,8_16,0.9575379820802493,2458,2567,2506,2519,0.5320197044334976,True,108,45,50,0.9320987654320988,True,151,4,7,0.9685534591194969,True,154,1,4,1.0,True,158,0,0,1.0,1.0,1.0
10210,10210.png,4_8,0.7278138528138528,1345,1848,1761,1432,0.23529411764705882,True,124,262,141,0.8758389261744967,True,261,33,4,0.9925093632958801,True,265,2,0,1.0,True,265,0,0,0.9974683544303797,1.0,0.9987325728770595
10211,10211.png,2_4,0.21455938697318008,224,1044,607,661,0.08766233766233766,True,54,359,203,0.5100671140939598,True,228,190,29,0.5700712589073634,True,240,164,17,0.5980392156862745,True,244,151,13,0.4223918575063613,0.9561752988047809,0.5859426705690292
10212,10212.png,16_32,0.7531234382808596,4521,6003,5038,5486,0.046255506607929514,True,21,219,214,0.4094955489614243,True,138,102,97,0.8307692307692308,True,216,25,19,0.9873417721518988,True,234,2,1,1.0,1.0,1.0
10213,10213.png,thick,0.7756026623412943,13867,17879,16335,15411,0.019642857142857142,True,11,298,251,0.20210526315789473,True,96,213,166,0.3112128146453089,True,136,175,126,0.5358090185676393,True,202,115,60,0.0,0.0,0.0
10214,10214.png,8_16,0.9048730668222935,3101,3427,3181,3347,0.4638009049773756,True,205,110,127,0.9230769230769231,True,312,6,20,0.9580838323353293,True,320,2,12,0.9969879518072289,True,331,0,1,1.0,1.0,1.0
10215,10215.png,16_32,0.732085732565579,4577,6252,5851,4978,0.027989821882951654,True,11,186,196,0.2664576802507837,True,85,112,122,0.6639344262295082,True,162,37,45,0.9330143540669856,True,195,2,12,1.0,1.0,1.0
10216,10216.png,8_16,0.7313533580830239,2167,2963,2477,2653,0.10404624277456648,True,36,135,175,0.40808823529411764,True,111,61,100,0.6708860759493671,True,159,26,52,0.9158878504672897,True,196,3,15,1.0,1.0,1.0
10217,10217.png,zero,1.0,0,0,0,0,1.0,True,0,0,0,1.0,True,0,0,0,1.0,True,0,0,0,1.0,True,0,0,0,0.0,0.0,0.0
10218,10218.png,4_8,0.42756680731364277,2128,4977,4379,2726,0.10068130204390613,True,133,790,398,0.4662857142857143,True,408,344,123,0.7507788161993769,True,482,111,49,0.9392857142857143,True,526,29,5,1.0,1.0,1.0
10219,10219.png,8_16,0.7151075537768884,2859,3998,3541,3316,0.12039312039312039,True,49,135,223,0.49673202614379086,True,152,34,120,0.6897810218978102,True,189,2,83,0.7941176470588235,True,216,0,56,1.0,1.0,1.0
10220,10220.png,0_2,0.4947916666666667,380,768,640,508,0.46236559139784944,True,258,156,144,0.8532110091743119,True,372,34,30,0.941320293398533,True,385,7,17,0.9701492537313433,True,390,0,12,0.9135802469135802,1.0,0.9548387096774192
10221,10221.png,8_16,0.8891160553217078,7393,8315,7715,7993,0.19099590723055934,True,140,190,403,0.5264957264957265,True,308,42,235,0.632688927943761,True,360,26,183,0.8058076225045372,True,444,8,99,1.0,1.0,1.0
10222,10222.png,2_4,0.534621578099839,664,1242,835,1071,0.22100313479623823,True,141,347,150,0.696969696969697,True,253,72,38,0.8694158075601375,True,253,0,38,0.872852233676976,True,254,0,37,0.9222903885480572,0.8653198653198653,0.8928973114552037
10223,10223.png,16_32,0.912169543369019,16700,18308,17287,17721,0.17006802721088435,True,225,579,519,0.5210577864838394,True,532,277,212,0.7009857612267251,True,640,169,104,0.7857142857142857,True,682,124,62,0.9678249678249679,1.0,0.9836494440810987
10224,10224.png,16_32,0.815270070941912,11607,14237,12660,13184,0.08438287153652393,True,67,349,378,0.49137931034482757,True,285,135,160,0.7525150905432596,True,374,52,71,0.970917225950783,True,434,2,11,0.9906103286384976,1.0,0.9952830188679246
10225,10225.png,16_32,0.7042436865399635,8115,11523,9211,10427,0.03866432337434095,True,22,233,314,0.17063492063492064,True,86,168,250,0.32054176072234764,True,142,107,194,0.4651741293532338,True,187,66,149,0.0,0.0,0.0
10226,10226.png,8_16,0.11835229019366739,385,3253,1350,2288,0.021712907117008445,True,18,602,209,0.08115183246073299,True,62,537,165,0.19910846953937592,True,134,446,93,0.4449152542372881,True,210,245,17,0.3878787878787879,0.5807860262008734,0.46512390371847767
10227,10227.png,8_16,0.652605459057072,2104,3224,2612,2716,0.15384615384615385,True,90,281,214,0.5979381443298969,True,232,84,72,0.7926829268292683,True,260,24,44,0.881578947368421,True,268,0,36,0.9975490196078431,0.9131832797427653,0.9535036234424559
10228,10228.png,zero,1.0,0,0,0,0,1.0,True,0,0,0,1.0,True,0,0,0,1.0,True,0,0,0,1.0,True,0,0,0,0.0,0.0,0.0
10229,10229.png,4_8,0.32445141065830724,207,638,342,503,0.12062256809338522,True,31,181,45,0.3387096774193548,True,63,110,13,0.42207792207792205,True,65,78,11,0.45394736842105265,True,69,76,7,0.6046511627906976,1.0,0.7536231884057971
10230,10230.png,zero,1.0,0,0,0,0,1.0,True,0,0,0,1.0,True,0,0,0,1.0,True,0,0,0,1.0,True,0,0,0,0.0,0.0,0.0
10231,10231.png,zero,1.0,0,0,0,0,1.0,True,0,0,0,1.0,True,0,0,0,1.0,True,0,0,0,1.0,True,0,0,0,0.0,0.0,0.0
10232,10232.png,0_2,0.5158806544754572,536,1039,905,670,0.5,True,387,188,199,0.9153094462540716,True,562,28,24,0.9632107023411371,True,576,12,10,0.9780775716694773,True,580,7,6,0.9439579684763573,1.0,0.9711711711711711
10233,10233.png,8_16,0.6207359656191244,4622,7446,6597,5471,0.03296703296703297,True,21,249,367,0.25140712945590993,True,134,145,254,0.44776119402985076,True,210,81,178,0.7880299251870324,True,316,13,72,1.0,0.983451536643026,0.9916567342073896
10234,10234.png,zero,1.0,0,0,0,0,1.0,True,0,0,0,1.0,True,0,0,0,1.0,True,0,0,0,1.0,True,0,0,0,0.0,0.0,0.0
10235,10235.png,16_32,0.8111503322259136,7813,9632,8300,9145,0.10398613518197573,True,60,198,319,0.4657534246575342,True,204,59,175,0.6615776081424937,True,260,14,119,0.8210526315789474,True,312,1,67,1.0,0.9975845410628019,0.9987908101571946
10236,10236.png,thick,0.8896567015261816,24075,27061,25617,25519,0.014134275618374558,True,8,291,267,0.14570858283433133,True,73,226,202,0.3746958637469586,True,154,136,121,0.9548611111111112,True,275,13,0,1.0,1.0,1.0
10237,10237.png,zero,1.0,0,0,0,0,1.0,True,0,0,0,1.0,True,0,0,0,1.0,True,0,0,0,1.0,True,0,0,0,0.0,0.0,0.0
10238,10238.png,4_8,0.5720164609053497,1112,1944,1366,1690,0.22752808988764045,True,162,389,161,0.6936542669584245,True,317,134,6,0.8277634961439588,True,322,66,1,0.8567639257294429,True,323,54,0,0.8701754385964913,1.0,0.9305816135084428
10239,10239.png,16_32,0.8148569262838734,8600,10554,9473,9681,0.07866868381240545,True,52,325,284,0.41420118343195267,True,210,171,126,0.7088305489260143,True,297,83,39,0.8522427440633246,True,323,43,13,1.0,1.0,1.0
10240,10240.png,zero,1.0,0,0,0,0,1.0,True,0,0,0,1.0,True,0,0,0,1.0,True,0,0,0,1.0,True,0,0,0,0.0,0.0,0.0
10241,10241.png,4_8,0.3721351025331725,617,1658,1329,946,0.07415730337078652,True,33,257,155,0.3898305084745763,True,115,107,73,0.5801886792452831,True,123,24,65,0.6914893617021277,True,130,0,58,0.9969879518072289,1.0,0.9984917043740573
10242,10242.png,8_16,0.813033359193173,3144,3867,3448,3563,0.3058510638297872,True,115,143,118,0.8074074074074075,True,218,37,15,0.8937007874015748,True,227,21,6,0.9090909090909091,True,230,20,3,0.9283018867924528,1.0,0.9628180039138944
10243,10243.png,0_2,0.18940397350993377,143,755,318,580,0.18225806451612903,True,113,107,400,0.47509578544061304,True,248,9,265,0.5440613026819924,True,284,9,229,0.6360153256704981,True,332,9,181,0.883177570093458,0.841796875,0.861990878403403
10244,10244.png,thick,0.7956199068684517,10935,13744,13603,11076,0.046153846153846156,True,21,223,211,0.4676923076923077,True,152,93,80,0.6585365853658537,True,189,55,43,0.8509803921568627,True,217,23,15,1.0,1.0,1.0
10245,10245.png,2_4,0.49451476793248944,586,1185,777,994,0.17217391304347826,True,99,320,156,0.7962382445141066,True,254,64,1,0.9550561797752809,True,255,12,0,0.9550561797752809,True,255,12,0,0.9193154034229829,1.0,0.9579617834394905
10246,10246.png,4_8,0.03213049925852694,65,2023,499,1589,0.019855595667870037,True,11,287,256,0.11422845691382766,True,57,232,210,0.19318181818181818,True,85,173,182,0.3125,True,110,85,157,0.5566343042071198,0.42748091603053434,0.4835826890250025
10247,10247.png,16_32,0.827446438911407,5716,6908,5944,6680,0.16260162601626016,True,80,220,192,0.5173333333333333,True,194,103,78,0.8534201954397395,True,262,35,10,0.9087837837837838,True,269,24,3,1.0,1.0,1.0
10248,10248.png,8_16,0.175265223078041,1206,6881,6669,1418,0.0199203187250996,True,10,325,167,0.17539863325740318,True,77,262,100,0.285,True,114,223,63,0.4318181818181818,True,152,175,25,0.4502923976608187,0.7542857142857143,0.5639304241684467
10249,10249.png,zero,1.0,0,0,0,0,1.0,True,0,0,0,1.0,True,0,0,0,1.0,True,0,0,0,1.0,True,0,0,0,0.0,0.0,0.0
10250,10250.png,16_32,0.8596102407336645,11248,13085,12325,12008,0.03861517976031957,True,29,266,456,0.2682926829268293,True,165,130,320,0.45604395604395603,True,249,61,236,0.7381443298969073,True,358,0,127,1.0,1.0,1.0
10251,10251.png,16_32,0.6717709263201264,9783,14563,11694,12652,0.04279069767441861,True,46,507,522,0.2777142857142857,True,243,307,325,0.5310344827586206,True,385,157,183,0.7961476725521669,True,496,55,72,1.0,1.0,1.0
10252,10252.png,zero,1.0,0,0,0,0,1.0,True,0,0,0,1.0,True,0,0,0,1.0,True,0,0,0,1.0,True,0,0,0,0.0,0.0,0.0
10253,10253.png,thick,0.7763097949886105,8520,10975,9077,10418,0.04411764705882353,True,21,226,229,0.23325062034739455,True,94,153,156,0.5245398773006135,True,171,76,79,0.9722222222222222,True,245,2,5,1.0,1.0,1.0
10254,10254.png,8_16,0.20644159875824603,532,2577,615,2494,0.10934744268077601,True,62,317,188,0.4198473282442748,True,165,143,85,0.6618705035971223,True,184,28,66,0.79296875,True,203,6,47,0.9493670886075949,0.7590361445783133,0.8435993572576326
10255,10255.png,16_32,0.16334661354581673,943,5773,1540,5176,0.03260869565217391,True,12,106,250,0.18153846153846154,True,59,63,203,0.31399317406143346,True,92,31,170,0.3710247349823322,True,105,21,157,0.7131782945736435,0.40217391304347827,0.5143159326131298
10256,10256.png,thick,0.8622740791580874,18845,21855,20173,20527,0.015184381778741865,True,7,253,201,0.14425427872860636,True,59,201,149,0.3002832861189802,True,106,145,102,0.6071428571428571,True,170,72,38,1.0,1.0,1.0
10257,10257.png,8_16,0.4049604001667361,3886,9596,5929,7553,0.04193971166448231,True,32,268,463,0.2196620583717358,True,143,156,352,0.4092526690391459,True,230,67,265,0.45981308411214955,True,246,40,249,0.9100346020761245,0.48514851485148514,0.6328946076023966
10258,10258.png,4_8,0.44910677191524717,1081,2407,2117,1371,0.10805500982318271,True,55,239,215,0.616519174041298,True,209,69,61,0.8838028169014085,True,251,14,19,0.9592592592592593,True,259,0,11,1.0,0.9704797047970479,0.9850187265917603
10259,10259.png,4_8,0.3668261562998405,460,1254,775,939,0.045454545454545456,True,8,55,113,0.21428571428571427,True,33,33,88,0.38235294117647056,True,52,15,69,0.5950413223140496,True,72,0,49,1.0,0.6641221374045801,0.798165137614679
10260,10260.png,zero,1.0,0,0,0,0,1.0,True,0,0,0,1.0,True,0,0,0,1.0,True,0,0,0,1.0,True,0,0,0,0.0,0.0,0.0
10261,10261.png,8_16,0.8285630841121495,2837,3424,2872,3389,0.27593818984547464,True,125,134,194,0.8275862068965517,True,264,0,55,0.8714733542319749,True,278,0,41,0.9310344827586207,True,297,0,22,1.0,0.9911504424778761,0.9955555555555555
10262,10262.png,8_16,0.93753735803945,3137,3346,3306,3177,0.5375,True,172,71,77,0.9839357429718876,True,245,0,4,0.9959839357429718,True,248,0,1,1.0,True,249,0,0,1.0,1.0,1.0
10263,10263.png,4_8,0.25219473264166004,316,1253,569,1000,0.1265597147950089,True,71,312,178,0.5289672544080605,True,210,148,39,0.8540145985401459,True,234,25,15,0.9718875502008032,True,242,0,7,0.8394736842105263,0.9426229508196722,0.8880631339417561
10264,10264.png,16_32,0.7384198492675078,8720,11809,10339,10190,0.08731808731808732,True,84,409,469,0.49,True,343,147,210,0.725328947368421,True,441,55,112,0.8576388888888888,True,494,23,59,0.9801980198019802,1.0,0.99
10265,10265.png,zero,1.0,0,0,0,0,1.0,True,0,0,0,1.0,True,0,0,0,1.0,True,0,0,0,1.0,True,0,0,0,0.0,0.0,0.0
10266,10266.png,zero,1.0,0,0,0,0,1.0,True,0,0,0,1.0,True,0,0,0,1.0,True,0,0,0,1.0,True,0,0,0,0.0,0.0,0.0
10267,10267.png,zero,1.0,0,0,0,0,1.0,True,0,0,0,1.0,True,0,0,0,1.0,True,0,0,0,1.0,True,0,0,0,0.0,0.0,0.0
10268,10268.png,16_32,0.7199117484831771,6526,9065,8520,7071,0.013490725126475547,True,8,241,344,0.17315175097276264,True,89,162,263,0.5160493827160494,True,209,53,143,0.8380681818181818,True,295,0,57,1.0,1.0,1.0
10269,10269.png,16_32,0.8093907210732253,1448,1789,1569,1668,0.024193548387096774,True,3,63,58,0.34375,True,33,35,28,0.7297297297297297,True,54,13,7,0.8142857142857143,True,57,9,4,1.0,1.0,1.0
10270,10270.png,8_16,0.6228213507625272,2287,3672,3015,2944,0.07588739290085679,True,62,547,208,0.3613013698630137,True,211,314,59,0.5933014354066986,True,248,148,22,0.9430604982206405,True,265,11,5,1.0,1.0,1.0
10271,10271.png,8_16,0.6185554903112155,5267,8515,7772,6010,0.0881516587677725,True,93,450,512,0.5,True,387,169,218,0.7857142857142857,True,517,53,88,0.968595041322314,True,586,0,19,1.0,1.0,1.0
10272,10272.png,16_32,0.6753392756765438,8410,12453,9574,11289,0.027131782945736434,True,14,238,264,0.1111111111111111,True,53,199,225,0.24186046511627907,True,104,152,174,0.5630498533724341,True,192,63,86,1.0,1.0,1.0
10273,10273.png,zero,1.0,0,0,0,0,1.0,True,0,0,0,1.0,True,0,0,0,1.0,True,0,0,0,1.0,True,0,0,0,0.0,0.0,0.0
10274,10274.png,16_32,0.7332767041834785,13812,18836,17696,14952,0.04447115384615385,True,37,367,428,0.19505494505494506,True,142,263,323,0.3374233128834356,True,220,187,245,0.6937618147448015,True,367,64,98,1.0,1.0,1.0
10275,10275.png,16_32,0.8018961625282167,8881,11075,10215,9741,0.058287795992714025,True,32,239,278,0.32272727272727275,True,142,130,168,0.5783783783783784,True,214,60,96,0.8753993610223643,True,274,3,36,1.0,1.0,1.0
10276,10276.png,zero,1.0,0,0,0,0,1.0,True,0,0,0,1.0,True,0,0,0,1.0,True,0,0,0,1.0,True,0,0,0,0.0,0.0,0.0
10277,10277.png,zero,1.0,0,0,0,0,1.0,True,0,0,0,1.0,True,0,0,0,1.0,True,0,0,0,1.0,True,0,0,0,0.0,0.0,0.0
10278,10278.png,16_32,0.7512338799554211,9437,12562,11612,10387,0.06359649122807018,True,58,419,435,0.3324175824175824,True,242,235,251,0.6973451327433628,True,394,72,99,0.9189723320158103,True,465,13,28,1.0,0.9940476190476191,0.9970149253731343
10279,10279.png,16_32,0.7944643093629983,5999,7551,6796,6754,0.25252525252525254,True,125,184,186,0.7897727272727273,True,278,41,33,0.8654970760233918,True,296,31,15,0.8918128654970761,True,305,31,6,0.9012345679012346,1.0,0.948051948051948
10280,10280.png,8_16,0.7290184921763869,4100,5624,4602,5122,0.09981515711645102,True,54,232,255,0.45965770171149145,True,188,100,121,0.8102409638554217,True,269,23,40,0.9579288025889967,True,296,0,13,1.0,1.0,1.0
10281,10281.png,4_8,0.2491627595445412,372,1493,707,1158,0.08571428571428572,True,51,344,200,0.4560975609756098,True,187,159,64,0.6698717948717948,True,209,61,42,0.7697841726618705,True,214,27,37,0.8994845360824743,0.8286852589641435,0.8626346529770712
10282,10282.png,0_2,0.5475059382422803,461,842,719,584,0.42507645259938837,True,278,178,198,0.9813278008298755,True,473,6,3,1.0,True,476,0,0,1.0,True,476,0,0,0.9799554565701559,1.0,0.9898762654668167
10283,10283.png,16_32,0.6785861642140009,4934,7271,7124,5081,0.11802575107296137,True,55,200,211,0.4081081081081081,True,151,104,115,0.7049180327868853,True,215,39,51,0.9261992619926199,True,251,5,15,1.0,1.0,1.0
10284,10284.png,4_8,0.25556544968833483,1148,4492,1178,4462,0.14846818538884524,True,189,398,686,0.5078534031413613,True,485,80,390,0.6529017857142857,True,585,21,290,0.7669683257918553,True,678,9,197,0.9445378151260504,0.9070294784580499,0.9254037320775067
10285,10285.png,thick,0.8887187695733871,12770,14369,13913,13226,0.03980099502487562,True,24,262,317,0.5144927536231884,True,213,73,128,0.7619047619047619,True,272,16,69,0.8050847457627118,True,285,13,56,1.0,0.9918256130790191,0.9958960328317373
10286,10286.png,16_32,0.8332219697982093,6235,7483,6368,7350,0.044967880085653104,True,21,212,234,0.4269005847953216,True,146,87,109,0.6829268292682927,True,196,32,59,0.8641509433962264,True,229,10,26,1.0,1.0,1.0
10287,10287.png,8_16,0.8739710474027818,3079,3523,3318,3284,0.3245192307692308,True,135,131,150,0.9368421052631579,True,267,0,18,0.9578947368421052,True,273,0,12,0.9894736842105263,True,282,0,3,1.0,1.0,1.0
10288,10288.png,zero,1.0,0,0,0,0,1.0,True,0,0,0,1.0,True,0,0,0,1.0,True,0,0,0,1.0,True,0,0,0,0.0,0.0,0.0
10289,10289.png,4_8,0.4245366284201236,481,1133,653,961,0.11891891891891893,True,66,364,125,0.43260188087774293,True,138,128,53,0.6016949152542372,True,142,45,49,0.6744186046511628,True,145,24,46,0.9521640091116174,0.7842105263157895,0.8600644889560937
10290,10290.png,16_32,0.7901259858650005,7714,9763,8408,9069,0.05653710247349823,True,32,239,295,0.32819383259911894,True,149,127,178,0.46522781774580335,True,194,90,133,0.8328445747800587,True,284,14,43,0.9964912280701754,1.0,0.9982425307557118
10291,10291.png,4_8,0.5349105597230237,927,1733,1164,1496,0.09529553679131483,True,79,618,132,0.4535637149028078,True,210,252,1,0.8865546218487395,True,211,27,0,1.0,True,211,0,0,1.0,1.0,1.0
10292,10292.png,8_16,0.24862745098039216,951,3825,2715,2061,0.05152671755725191,True,27,358,139,0.18,True,81,284,85,0.2670157068062827,True,102,216,64,0.4166666666666667,True,130,146,36,1.0,0.8802395209580839,0.9363057324840766
10293,10293.png,thick,0.5958519372029382,4137,6943,4912,6168,0.06779661016949153,True,20,121,154,0.13768115942028986,True,38,102,136,0.22529644268774704,True,57,79,117,0.542713567839196,True,108,25,66,1.0,1.0,1.0
10294,10294.png,16_32,0.5134931119079071,2721,5299,3422,4598,0.03048780487804878,True,15,243,234,0.11159737417943107,True,51,208,198,0.25495049504950495,True,103,155,146,0.9651162790697675,True,249,9,0,1.0,1.0,1.0
10295,10295.png,16_32,0.7488781498101484,8678,11588,10381,9885,0.020338983050847456,True,12,232,346,0.09025270758122744,True,50,196,308,0.25153374233128833,True,123,131,235,0.6452442159383034,True,251,31,107,1.0,1.0,1.0
10296,10296.png,thick,0.7756405202995664,19678,25370,23111,21937,0.037601626016260166,True,37,442,505,0.15891032917139614,True,140,339,402,0.3251612903225806,True,252,233,290,0.6661290322580645,True,413,78,129,1.0,1.0,1.0
10297,10297.png,16_32,0.7408306364617044,5494,7416,7143,5767,0.03152364273204904,True,18,228,325,0.30701754385964913,True,140,113,203,0.574025974025974,True,221,42,122,0.8160919540229885,True,284,5,59,1.0,1.0,1.0
10298,10298.png,0_2,0.3767857142857143,422,1120,915,627,0.31176470588235294,True,265,306,279,0.9052631578947369,True,516,26,28,0.9871323529411765,True,537,0,7,1.0,True,544,0,0,0.9368029739776952,1.0,0.9673704414587333
10299,10299.png,16_32,0.7499004380724811,3766,5022,3771,5017,0.4186666666666667,True,157,111,107,0.9558823529411765,True,260,8,4,0.9924528301886792,True,263,1,1,1.0,True,264,0,0,1.0,1.0,1.0
10300,10300.png,thick,0.8142726440988106,11570,14209,12053,13726,0.05636070853462158,True,35,272,314,0.20146520146520147,True,110,197,239,0.5448275862068965,True,237,86,112,0.816711590296496,True,303,22,46,1.0,1.0,1.0
10301,10301.png,16_32,0.7309554551323435,4529,6196,5685,5040,0.07894736842105263,True,27,149,166,0.289198606271777,True,83,94,110,0.44573643410852715,True,115,65,78,0.8181818181818182,True,171,16,22,1.0,1.0,1.0
10302,10302.png,4_8,0.696953781512605,2654,3808,2814,3648,0.1848013816925734,True,214,623,321,0.7155824508320726,True,473,126,62,0.8903107861060329,True,487,12,48,0.9252336448598131,True,495,0,40,0.9967320261437909,0.925589836660617,0.9598444996374743
10303,10303.png,16_32,0.6970335548711298,4300,6169,5667,4802,0.08125,True,39,231,210,0.3282051282051282,True,128,141,121,0.5359281437125748,True,179,85,70,0.97265625,True,249,7,0,1.0,1.0,1.0
10304,10304.png,16_32,0.6322332073277116,8697,13756,11833,10620,0.018240343347639486,True,17,319,596,0.1192443919716647,True,101,234,512,0.3106796116504854,True,224,108,389,0.5797788309636651,True,367,20,246,1.0,1.0,1.0
10305,10305.png,thick,0.8861817747521796,14840,16746,15741,15845,0.01348747591522158,True,7,212,300,0.16851441241685144,True,76,144,231,0.28329297820823246,True,117,106,190,0.758957654723127,True,233,0,74,1.0,1.0,1.0
10306,10306.png,zero,1.0,0,0,0,0,1.0,True,0,0,0,1.0,True,0,0,0,1.0,True,0,0,0,1.0,True,0,0,0,0.0,0.0,0.0
10307,10307.png,zero,1.0,0,0,0,0,1.0,True,0,0,0,1.0,True,0,0,0,1.0,True,0,0,0,1.0,True,0,0,0,0.0,0.0,0.0
10308,10308.png,zero,1.0,0,0,0,0,1.0,True,0,0,0,1.0,True,0,0,0,1.0,True,0,0,0,1.0,True,0,0,0,0.0,0.0,0.0
10309,10309.png,16_32,0.8400601654550013,6702,7978,7666,7014,0.08847736625514403,True,43,201,242,0.6097560975609756,True,200,43,85,0.8671328671328671,True,248,1,37,0.8947368421052632,True,255,0,30,1.0,1.0,1.0
10310,10310.png,4_8,0.270878721859114,373,1377,598,1152,0.08794788273615635,True,54,360,200,0.5292620865139949,True,208,139,46,0.8461538461538461,True,242,32,12,0.9803149606299213,True,249,0,5,0.7955665024630542,0.9126984126984127,0.8501167208312354
10311,10311.png,zero,1.0,0,0,0,0,1.0,True,0,0,0,1.0,True,0,0,0,1.0,True,0,0,0,1.0,True,0,0,0,0.0,0.0,0.0
10312,10312.png,4_8,0.8907185628742516,595,668,635,628,0.4032258064516129,True,50,40,34,0.875,True,77,4,7,0.9761904761904762,True,82,0,2,1.0,True,84,0,0,1.0,1.0,1.0
10313,10313.png,thick,0.7666335650446872,12352,16112,13928,14536,0.029508196721311476,True,18,323,269,0.11190053285968028,True,63,276,224,0.2927835051546392,True,142,198,145,0.4750593824228028,True,200,134,87,1.0,1.0,1.0
10314,10314.png,8_16,0.6238784105475188,3407,5461,5117,3751,0.10350877192982456,True,59,327,184,0.39111111111111113,True,176,207,67,0.4821002386634845,True,202,176,41,0.7311178247734139,True,242,88,1,0.9847328244274809,1.0,0.9923076923076923
10315,10315.png,8_16,0.03693107932379714,142,3845,1904,2083,0.005917159763313609,True,4,518,154,0.02723146747352496,True,18,503,140,0.07006369426751592,True,44,470,114,0.10320284697508897,True,58,404,100,0.24113475177304963,0.11764705882352941,0.15813953488372093
10316,10316.png,16_32,0.7385627909465461,13803,18689,14808,17684,0.03992901508429459,True,45,487,595,0.2515991471215352,True,236,298,404,0.5589403973509933,True,422,115,218,0.7960426179604262,True,523,17,117,1.0,1.0,1.0
10317,10317.png,16_32,0.46622204786190663,5942,12745,9076,9611,0.015384615384615385,True,10,360,280,0.07516339869281045,True,46,322,244,0.14038128249566725,True,81,287,209,0.24293785310734464,True,129,241,161,0.0,0.0,0.0
10318,10318.png,zero,1.0,0,0,0,0,1.0,True,0,0,0,1.0,True,0,0,0,1.0,True,0,0,0,1.0,True,0,0,0,0.0,0.0,0.0
10319,10319.png,thick,0.6347331583552056,5804,9144,6437,8511,0.016194331983805668,True,8,245,241,0.13574660633484162,True,60,193,189,0.23095823095823095,True,94,158,155,0.6433333333333333,True,193,51,56,1.0,1.0,1.0
10320,10320.png,2_4,0.6856240126382307,434,633,501,566,0.522911051212938,True,194,115,62,0.9657794676806084,True,254,7,2,1.0,True,256,0,0,1.0,True,256,0,0,0.9377049180327869,1.0,0.9678510998307953
10321,10321.png,16_32,0.1873732251521298,1478,7888,2800,6566,0.0018552875695732839,True,1,289,249,0.016981132075471698,True,9,280,241,0.032567049808429116,True,17,272,233,0.1279317697228145,True,60,219,190,0.0,0.0,0.0
10322,10322.png,zero,1.0,0,0,0,0,1.0,True,0,0,0,1.0,True,0,0,0,1.0,True,0,0,0,1.0,True,0,0,0,0.0,0.0,0.0
10323,10323.png,16_32,0.7621023513139695,7714,10122,8577,9259,0.03231292517006803,True,19,249,320,0.1925343811394892,True,98,170,241,0.43123543123543123,True,185,90,154,0.8849557522123894,True,300,0,39,1.0,1.0,1.0
10324,10324.png,4_8,0.8029739776951673,1080,1345,1243,1182,0.28525641025641024,True,89,122,101,0.8926829268292683,True,183,15,7,0.9895833333333334,True,190,2,0,1.0,True,190,0,0,0.9906976744186047,1.0,0.9953271028037384
10325,10325.png,zero,0.0,0,11,11,0,0.0,True,0,11,0,0.0,True,0,11,0,0.0,True,0,11,0,0.0,True,0,11,0,0.0,0.0,0.0
10326,10326.png,2_4,0.30486358244365364,257,843,468,632,0.11401425178147269,True,48,253,120,0.5755395683453237,True,160,110,8,0.8615384615384616,True,168,27,0,0.9230769230769231,True,168,14,0,0.7750865051903114,1.0,0.8732943469785576
10327,10327.png,16_32,0.8106060606060606,4494,5544,4826,5212,0.08167770419426049,True,37,203,213,0.6085526315789473,True,185,54,65,0.9182879377431906,True,236,7,14,0.988,True,247,0,3,1.0,1.0,1.0
10328,10328.png,4_8,0.8412348401323043,2289,2721,2517,2493,0.3872549019607843,True,237,181,194,0.9522727272727273,True,419,9,12,0.9930394431554525,True,428,0,3,1.0,True,431,0,0,1.0,1.0,1.0
10329,10329.png,thick,0.8412261941134536,16520,19638,18180,17978,0.03935599284436494,True,22,259,278,0.25591397849462366,True,119,165,181,0.4226044226044226,True,172,107,128,0.8928571428571429,True,275,8,25,1.0,0.9968553459119497,0.9984251968503937
10330,10330.png,4_8,0.5336842105263158,507,950,683,774,0.09725685785536159,True,39,284,78,0.5068493150684932,True,111,102,6,0.9435483870967742,True,117,7,0,0.9915254237288136,True,117,1,0,0.9971428571428571,1.0,0.9985693848354792
10331,10331.png,4_8,0.11712214166201897,210,1793,628,1375,0.05483405483405483,True,38,417,238,0.20623916811091855,True,119,301,157,0.30443548387096775,True,151,220,125,0.43537414965986393,True,192,165,84,0.6772009029345373,0.5215827338129496,0.5892911572459105
10332,10332.png,thick,0.7081545064377682,10725,15145,11177,14693,0.045064377682403435,True,21,254,191,0.36619718309859156,True,130,143,82,0.4578313253012048,True,152,120,60,0.6219931271477663,True,181,79,31,0.0,0.0,0.0
10333,10333.png,thick,0.7138610182088443,9605,13455,12093,10967,0.003656307129798903,True,2,302,243,0.045714285714285714,True,24,280,221,0.14285714285714285,True,68,231,177,0.4528301886792453,True,168,126,77,1.0,1.0,1.0
10334,10334.png,0_2,0.27741935483870966,344,1240,802,782,0.28294177732379977,True,277,244,458,0.735873850197109,True,560,26,175,0.8114973262032086,True,607,13,128,0.8821138211382114,True,651,3,84,0.8891129032258065,0.9114441416893733,0.9001400419210457
10335,10335.png,4_8,0.6248137108792846,1677,2684,2487,1874,0.10526315789473684,True,44,156,218,0.45110410094637227,True,143,55,119,0.5081967213114754,True,155,43,107,0.9198473282442748,True,241,0,21,1.0,0.9586466165413534,0.9788867562380038
10336,10336.png,16_32,0.8154255319148936,10731,13160,12114,11777,0.054635761589403975,True,33,283,288,0.2894736842105263,True,143,173,178,0.5693430656934306,True,234,90,87,0.7560321715817694,True,282,52,39,0.0,0.0,0.0
10337,10337.png,4_8,0.8578080229226361,2395,2792,2466,2721,0.3268892794376098,True,186,209,174,0.9808219178082191,True,358,5,2,1.0,True,360,0,0,1.0,True,360,0,0,1.0,1.0,1.0
10338,10338.png,zero,1.0,0,0,0,0,1.0,True,0,0,0,1.0,True,0,0,0,1.0,True,0,0,0,1.0,True,0,0,0,0.0,0.0,0.0
10339,10339.png,16_32,0.6570699066737101,7463,11358,11285,7536,0.036511156186612576,True,18,217,258,0.254278728606357,True,104,133,172,0.5236686390532544,True,177,62,99,0.8374558303886925,True,237,7,39,1.0,1.0,1.0
10340,10340.png,2_4,0.679839249832552,1015,1493,1257,1251,0.3298538622129436,True,158,133,188,0.8319088319088319,True,292,5,54,0.884393063583815,True,306,0,40,0.9219653179190751,True,319,0,27,1.0,1.0,1.0
10341,10341.png,thick,0.8661106233538192,15784,18224,16525,17483,0.04025974025974026,True,31,382,357,0.37564322469982847,True,219,195,169,0.6331967213114754,True,309,100,79,0.9249394673123487,True,382,25,6,1.0,1.0,1.0
10342,10342.png,zero,1.0,0,0,0,0,1.0,True,0,0,0,1.0,True,0,0,0,1.0,True,0,0,0,1.0,True,0,0,0,0.0,0.0,0.0
10343,10343.png,thick,0.7119335231207201,9253,12997,11097,11153,0.023060796645702306,True,11,225,241,0.14553990610328638,True,62,174,190,0.2551546391752577,True,99,136,153,0.5966666666666667,True,179,48,73,1.0,1.0,1.0
10344,10344.png,8_16,0.6631426202321725,3199,4824,4347,3676,0.01859504132231405,True,9,238,237,0.2905759162303665,True,111,136,135,0.6564625850340136,True,193,48,53,0.9678714859437751,True,241,3,5,1.0,1.0,1.0
10345,10345.png,16_32,0.5368672277352091,4274,7961,5422,6813,0.007722007722007722,True,4,207,307,0.05622489959839357,True,28,187,283,0.1774891774891775,True,82,151,229,0.4461538461538462,True,174,79,137,0.0,0.0,0.0
10346,10346.png,8_16,0.3249097472924188,1440,4432,3962,1910,0.03859649122807018,True,11,133,141,0.1991869918699187,True,49,94,103,0.37209302325581395,True,80,63,72,0.6629834254143646,True,120,29,32,0.9097222222222222,0.782608695652174,0.8413916146297948
10347,10347.png,zero,1.0,0,0,0,0,1.0,True,0,0,0,1.0,True,0,0,0,1.0,True,0,0,0,1.0,True,0,0,0,0.0,0.0,0.0
10348,10348.png,zero,1.0,0,0,0,0,1.0,True,0,0,0,1.0,True,0,0,0,1.0,True,0,0,0,1.0,True,0,0,0,0.0,0.0,0.0
10349,10349.png,2_4,0.04046242774566474,28,692,53,667,0.05017921146953405,True,14,24,241,0.07777777777777778,True,21,15,234,0.08550185873605948,True,23,14,232,0.10037174721189591,True,27,14,228,0.5714285714285714,0.0,0.0
10350,10350.png,16_32,0.6985781284895407,9384,13433,10910,11907,0.05648854961832061,True,37,307,311,0.18135593220338983,True,107,242,241,0.3423076923076923,True,178,172,170,0.6603325415676959,True,278,73,70,1.0,1.0,1.0
10351,10351.png,thick,0.6712047459689686,8825,13148,12351,9622,0.05025996533795494,True,29,289,259,0.22560975609756098,True,111,204,177,0.34831460674157305,True,155,157,133,0.5283505154639175,True,205,100,83,0.0,0.0,0.0
10352,10352.png,16_32,0.8163545782511596,4752,5821,5109,5464,0.10440835266821345,True,45,180,206,0.5399361022364217,True,169,62,82,0.7700729927007299,True,211,23,40,0.8816793893129771,True,231,11,20,1.0,1.0,1.0
10353,10353.png,16_32,0.8651656089715727,9952,11503,10815,10640,0.05656565656565657,True,28,226,241,0.3452685421994885,True,135,122,134,0.49291784702549574,True,174,84,95,0.7557755775577558,True,229,34,40,0.0,0.0,0.0
10354,10354.png,zero,1.0,0,0,0,0,1.0,True,0,0,0,1.0,True,0,0,0,1.0,True,0,0,0,1.0,True,0,0,0,0.0,0.0,0.0
10355,10355.png,zero,1.0,0,0,0,0,1.0,True,0,0,0,1.0,True,0,0,0,1.0,True,0,0,0,1.0,True,0,0,0,0.0,0.0,0.0
10356,10356.png,thick,0.9212007504690432,15712,17056,15847,16921,0.038817005545286505,True,21,242,278,0.2997711670480549,True,131,138,168,0.6134453781512605,True,219,58,80,0.9533333333333334,True,286,1,13,1.0,1.0,1.0
10357,10357.png,16_32,0.8931297709923665,5148,5764,5543,5369,0.2154696132596685,True,78,147,137,0.7782258064516129,True,193,33,22,0.8803418803418803,True,206,19,9,0.9377777777777778,True,211,10,4,1.0,0.9817351598173516,0.9907834101382489
10358,10358.png,zero,1.0,0,0,0,0,1.0,True,0,0,0,1.0,True,0,0,0,1.0,True,0,0,0,1.0,True,0,0,0,0.0,0.0,0.0
10359,10359.png,16_32,0.960284002662525,4328,4507,4377,4458,0.49074074074074076,True,159,83,82,1.0,True,241,0,0,1.0,True,241,0,0,1.0,True,241,0,0,1.0,1.0,1.0
10360,10360.png,8_16,0.692501481920569,4673,6748,5645,5776,0.14875322441960448,True,173,553,437,0.7328671328671329,True,524,105,86,0.9188311688311688,True,566,6,44,0.9508196721311475,True,580,0,30,1.0,0.9581320450885669,0.9786184210526316
10361,10361.png,4_8,0.2828478964401295,437,1545,625,1357,0.11437908496732026,True,70,350,192,0.5995085995085995,True,244,145,18,0.8969072164948454,True,261,29,1,0.9849624060150376,True,262,4,0,0.7673860911270983,1.0,0.8683853459972862
10362,10362.png,16_32,0.6942561541205851,3892,5606,4012,5486,0.04925053533190578,True,23,232,212,0.4411764705882353,True,150,105,85,0.7202797202797203,True,206,51,29,0.9475806451612904,True,235,13,0,1.0,1.0,1.0
10363,10363.png,2_4,0.4690388170055453,1015,2164,1260,1919,0.4185277088502895,True,506,316,387,0.8219461697722568,True,794,73,99,0.8949579831932774,True,852,59,41,0.9384941675503712,True,885,50,8,0.9089790897908979,1.0,0.952319587628866
10364,10364.png,2_4,0.30677966101694915,724,2360,1197,1887,0.12836624775583483,True,143,606,365,0.6196990424076607,True,453,223,55,0.8376511226252159,True,485,71,23,0.9094202898550725,True,502,44,6,0.8155737704918032,0.9960629921259843,0.8968275174121377
10365,10365.png,zero,1.0,0,0,0,0,1.0,True,0,0,0,1.0,True,0,0,0,1.0,True,0,0,0,1.0,True,0,0,0,0.0,0.0,0.0
10366,10366.png,zero,1.0,0,0,0,0,1.0,True,0,0,0,1.0,True,0,0,0,1.0,True,0,0,0,1.0,True,0,0,0,0.0,0.0,0.0
10367,10367.png,2_4,0.6391880695940348,1543,2414,1936,2021,0.2885375494071146,True,292,444,276,0.8803827751196173,True,552,59,16,0.9707903780068728,True,565,14,3,1.0,True,568,0,0,0.9986244841815681,1.0,0.9993117687543015
10368,10368.png,8_16,0.6507312813796114,2981,4581,3009,4553,0.12438625204582651,True,76,254,281,0.4535637149028078,True,210,106,147,0.5416666666666666,True,234,75,123,0.771505376344086,True,287,15,70,0.996996996996997,0.8575342465753425,0.9220217471352076
10369,10369.png,thick,0.8576198868379556,9246,10781,10189,9838,0.036468330134357005,True,19,260,242,0.3483709273182957,True,139,138,122,0.7892976588628763,True,236,38,25,0.9525547445255474,True,261,13,0,1.0,1.0,1.0
10370,10370.png,zero,1.0,0,0,0,0,1.0,True,0,0,0,1.0,True,0,0,0,1.0,True,0,0,0,1.0,True,0,0,0,0.0,0.0,0.0
10371,10371.png,thick,0.7913652717288392,20896,26405,24009,23292,0.01023391812865497,True,7,207,470,0.05343511450381679,True,35,178,442,0.08571428571428572,True,54,153,423,0.19516407599309155,True,113,102,364,0.0,0.0,0.0
10372,10372.png,2_4,0.392586352148273,466,1187,817,836,0.18604651162790697,True,128,307,253,0.5798687089715536,True,265,76,116,0.7400990099009901,True,299,23,82,0.816793893129771,True,321,12,60,0.9272727272727272,0.875,0.9003783102143758
10373,10373.png,8_16,0.7246711285483499,3140,4333,3724,3749,0.12299465240641712,True,69,186,306,0.48484848484848486,True,208,54,167,0.6666666666666666,True,264,21,111,0.9013333333333333,True,338,0,37,1.0,1.0,1.0
10374,10374.png,4_8,0.7624595469255664,1178,1545,1342,1381,0.20454545454545456,True,90,219,131,0.8744939271255061,True,216,26,5,0.995475113122172,True,220,0,1,1.0,True,221,0,0,1.0,1.0,1.0
10375,10375.png,8_16,0.9002590673575129,2085,2316,2268,2133,0.511400651465798,True,157,76,74,0.9416666666666667,True,226,9,5,0.9704641350210971,True,230,6,1,0.9956896551724138,True,231,1,0,1.0,1.0,1.0
10376,10376.png,4_8,0.6935622317596567,1616,2330,1907,2039,0.21560574948665298,True,105,225,157,0.8131147540983606,True,248,43,14,0.9492753623188406,True,262,14,0,1.0,True,262,0,0,1.0,1.0,1.0
10377,10377.png,4_8,0.4104284976768198,795,1937,1070,1662,0.09847434119278779,True,71,465,185,0.4942263279445728,True,214,177,42,0.8098591549295775,True,230,28,26,0.9609375,True,246,0,10,0.9928571428571429,0.9961089494163424,0.9944803879099535
10378,10378.png,16_32,0.5827947200728266,6402,10985,10741,6646,0.06319702602230483,True,34,260,244,0.40786240786240785,True,166,129,112,0.4947916666666667,True,190,106,88,0.7138643067846607,True,242,61,36,1.0,1.0,1.0
10379,10379.png,16_32,0.8269043388548174,14427,17447,15784,16090,0.07317073170731707,True,51,271,375,0.3398576512455516,True,191,136,235,0.5158730158730159,True,260,78,166,0.7202643171806168,True,327,28,99,1.0,1.0,1.0
10380,10380.png,2_4,0.2954279015240328,252,853,481,624,0.11238532110091744,True,49,270,117,0.5016949152542373,True,148,129,18,0.8,True,156,29,10,0.9759036144578314,True,162,0,4,0.9006211180124224,1.0,0.9477124183006536
10381,10381.png,thick,0.867596299875742,12568,14486,13179,13875,0.06307977736549165,True,34,228,277,0.29638009049773756,True,131,131,180,0.6123595505617978,True,218,45,93,0.8878205128205128,True,277,1,34,1.0,1.0,1.0
10382,10382.png,2_4,0.2276595744680851,214,940,390,764,0.10294117647058823,True,42,206,160,0.5050505050505051,True,150,95,52,0.7298387096774194,True,181,46,21,0.825531914893617,True,194,33,8,0.6378600823045267,1.0,0.7788944723618091
10383,10383.png,thick,0.7687358916478555,13622,17720,15686,15656,0.02120141342756184,True,12,296,258,0.06261510128913444,True,34,273,236,0.1089866156787763,True,57,253,213,0.37410071942446044,True,156,147,114,0.0,0.0,0.0
10384,10384.png,zero,0.0,0,33,33,0,0.0,True,0,18,0,0.0,True,0,18,0,0.0,True,0,18,0,0.0,True,0,18,0,0.0,0.0,0.0
10385,10385.png,2_4,0.40160642570281124,500,1245,814,931,0.14464534075104313,True,104,466,149,0.6303797468354431,True,249,142,4,0.9730769230769231,True,253,7,0,1.0,True,253,0,0,0.9171075837742504,1.0,0.9567617295308187
10386,10386.png,16_32,0.7923875432525952,5725,7225,6363,6587,0.05253623188405797,True,29,226,297,0.40625,True,169,90,157,0.7230320699708455,True,248,17,78,0.8711656441717791,True,284,0,42,1.0,0.9941690962099126,0.9970760233918129
10387,10387.png,8_16,0.7050063820734648,4971,7051,6052,5970,0.03937007874015748,True,25,196,414,0.2401500938086304,True,128,94,311,0.3645621181262729,True,179,52,260,0.5870535714285714,True,263,9,176,1.0,0.9957537154989384,0.997872340425532
10388,10388.png,zero,1.0,0,0,0,0,1.0,True,0,0,0,1.0,True,0,0,0,1.0,True,0,0,0,1.0,True,0,0,0,0.0,0.0,0.0
10389,10389.png,8_16,0.5713090757005437,2732,4782,3666,3848,0.052104208416833664,True,26,150,323,0.315,True,126,51,223,0.4122340425531915,True,155,27,194,0.532394366197183,True,189,6,160,1.0,1.0,1.0
10390,10390.png,8_16,0.3519324986390855,1293,3674,1310,3657,0.12429378531073447,True,110,639,136,0.44761904761904764,True,235,279,11,0.8145695364238411,True,246,56,0,1.0,True,246,0,0,0.9857697283311773,1.0,0.9928338762214984
10391,10391.png,8_16,0.32486823191183517,678,2087,1317,1448,0.03787878787878788,True,30,678,84,0.15165876777251186,True,96,519,18,0.18455743879472694,True,98,417,16,0.21748400852878466,True,102,355,12,0.5491803278688525,1.0,0.7089947089947091
10392,10392.png,zero,1.0,0,0,0,0,1.0,True,0,0,0,1.0,True,0,0,0,1.0,True,0,0,0,1.0,True,0,0,0,0.0,0.0,0.0
10393,10393.png,8_16,0.6100051046452272,1195,1959,1869,1285,0.048507462686567165,True,13,115,140,0.3073394495412844,True,67,65,86,0.7607361963190185,True,124,10,29,0.9738562091503268,True,149,0,4,1.0,1.0,1.0
10394,10394.png,0_2,0.34334763948497854,320,932,678,574,0.36213991769547327,True,264,192,273,0.8698010849909584,True,481,16,56,0.9471766848816029,True,520,12,17,0.9634369287020109,True,527,10,10,0.9354120267260579,1.0,0.9666283084004603
10395,10395.png,thick,0.6131039250326445,7982,13019,12876,8125,0.008528784648187633,True,4,237,228,0.1288782816229117,True,54,187,178,0.2440944881889764,True,93,149,139,0.6989247311827957,True,195,47,37,1.0,1.0,1.0
10396,10396.png,8_16,0.4027178602243313,1867,4636,2140,4363,0.032171581769437,True,12,90,271,0.17378048780487804,True,57,45,226,0.29431438127090304,True,88,16,195,0.3448275862068966,True,100,7,183,1.0,0.43870967741935485,0.6098654708520179
10397,10397.png,16_32,0.8523347821241503,7648,8973,8325,8296,0.14365671641791045,True,77,198,261,0.5518987341772152,True,218,57,120,0.8254437869822485,True,279,0,59,0.8609467455621301,True,291,0,47,1.0,0.9828080229226361,0.9913294797687862
10398,10398.png,zero,1.0,0,0,0,0,1.0,True,0,0,0,1.0,True,0,0,0,1.0,True,0,0,0,1.0,True,0,0,0,0.0,0.0,0.0
10399,10399.png,4_8,0.832374928119609,2895,3478,3240,3133,0.24351585014409222,True,169,325,200,0.8969849246231156,True,357,29,12,0.9603174603174603,True,363,9,6,0.994579945799458,True,367,0,2,1.0,1.0,1.0
10400,10400.png,thick,0.6931291816778178,10774,15544,15053,11265,0.03600654664484452,True,22,350,239,0.17439703153988867,True,94,278,167,0.3277310924369748,True,156,215,105,0.45871559633027525,True,200,175,61,1.0,1.0,1.0
10401,10401.png,2_4,0.3833757421543681,452,1179,716,915,0.12519561815336464,True,80,360,199,0.6325459317585301,True,241,102,38,0.8815331010452961,True,253,8,26,0.96415770609319,True,269,0,10,0.8786516853932584,1.0,0.9354066985645934
10402,10402.png,16_32,0.34495747266099636,2839,8230,8030,3039,0.004739336492890996,True,2,235,185,0.019230769230769232,True,8,229,179,0.03676470588235294,True,15,221,172,0.07435897435897436,True,29,203,158,0.0,0.0,0.0
10403,10403.png,zero,1.0,0,0,0,0,1.0,True,0,0,0,1.0,True,0,0,0,1.0,True,0,0,0,1.0,True,0,0,0,0.0,0.0,0.0
10404,10404.png,zero,1.0,0,0,0,0,1.0,True,0,0,0,1.0,True,0,0,0,1.0,True,0,0,0,1.0,True,0,0,0,0.0,0.0,0.0
10405,10405.png,8_16,0.7330210772833724,7199,9821,8960,8060,0.021912350597609563,True,22,235,747,0.15701559020044542,True,141,129,628,0.28966346153846156,True,241,63,528,0.46946564885496184,True,369,17,400,1.0,0.986404833836858,0.9931558935361215
10406,10406.png,0_2,0.5177664974619289,510,985,794,701,0.44487678339818415,True,343,193,235,0.9137055837563451,True,540,13,38,0.967128027681661,True,559,0,19,0.9948096885813149,True,575,0,3,0.9789272030651341,1.0,0.9893514036786061
10407,10407.png,0_2,0.5792610250297974,486,839,724,601,0.4869431643625192,True,317,148,186,0.9305555555555556,True,469,1,34,0.9363817097415507,True,471,0,32,0.9363817097415507,True,471,0,32,0.9845474613686535,0.9365079365079365,0.9599270405836754
10408,10408.png,16_32,0.6672320217096337,5901,8844,8629,6116,0.02,True,11,276,263,0.20689655172413793,True,96,190,178,0.46194225721784776,True,176,107,98,0.9681978798586572,True,274,9,0,1.0,1.0,1.0
10409,10409.png,16_32,0.8015127803860198,9219,11502,10533,10188,0.044374009508716325,True,28,255,348,0.4258064516129032,True,198,89,178,0.7230769230769231,True,282,14,94,0.8390501319261213,True,318,3,58,1.0,1.0,1.0
10410,10410.png,thick,0.9031169346833433,13647,15111,14740,14018,0.045112781954887216,True,24,221,287,0.344578313253012,True,143,104,168,0.5650969529085873,True,204,50,107,0.7363636363636363,True,243,19,68,1.0,1.0,1.0
10411,10411.png,4_8,0.5054811205846529,830,1642,856,1616,0.11643835616438356,True,34,74,184,0.41150442477876104,True,93,8,125,0.4798206278026906,True,107,5,111,0.5727272727272728,True,126,2,92,0.9805825242718447,0.8711111111111111,0.9226108638407943
10412,10412.png,16_32,0.42869296210363494,5543,12930,8298,10175,0.03107658157602664,True,28,447,426,0.1658291457286432,True,132,342,322,0.3126760563380282,True,222,256,232,0.5523648648648649,True,327,138,127,0.017142857142857144,0.0,0.0
10413,10413.png,2_4,0.2877604166666667,442,1536,784,1194,0.11269276393831554,True,95,443,305,0.5547309833024119,True,299,139,101,0.7620192307692307,True,317,16,83,0.8300970873786407,True,342,12,58,0.9166666666666666,0.957286432160804,0.936536312849162
10414,10414.png,16_32,0.8615314769975787,11386,13216,12765,11837,0.06693989071038252,True,49,321,362,0.5411764705882353,True,276,99,135,0.6987179487179487,True,327,57,84,0.8227272727272728,True,362,29,49,1.0,1.0,1.0
10415,10415.png,8_16,0.8089395267309377,2769,3423,2899,3293,0.348643006263048,True,167,134,178,0.8728323699421965,True,302,1,43,0.8840579710144928,True,305,0,40,0.8956521739130435,True,309,0,36,1.0,0.914364640883978,0.9552669552669554
10416,10416.png,zero,1.0,0,0,0,0,1.0,True,0,0,0,1.0,True,0,0,0,1.0,True,0,0,0,1.0,True,0,0,0,0.0,0.0,0.0
10417,10417.png,8_16,0.43183673469387757,1058,2450,2331,1177,0.026200873362445413,True,6,106,117,0.21025641025641026,True,41,72,82,0.44025157232704404,True,70,36,53,0.7443609022556391,True,99,10,24,1.0,1.0,1.0
10418,10418.png,thick,0.5739832708393424,7960,13868,11531,10297,0.0518783542039356,True,29,282,248,0.1484375,True,76,235,201,0.2505307855626327,True,118,194,159,0.4034229828850856,True,165,132,112,0.0,0.0,0.0
10419,10419.png,16_32,0.756877383753956,9327,12323,10018,11632,0.11095700416088766,True,80,285,356,0.4962686567164179,True,266,100,170,0.7073684210526315,True,336,39,100,0.7667386609071274,True,355,27,81,1.0,0.9533333333333334,0.9761092150170648
10420,10420.png,8_16,0.5515197568389058,3629,6580,5144,5065,0.07104557640750671,True,53,378,315,0.3480565371024735,True,197,198,171,0.6525612472160356,True,293,81,75,0.7328605200945626,True,310,55,58,1.0,0.6528497409326425,0.7899686520376175
10421,10421.png,2_4,0.37154989384288745,700,1884,903,1681,0.13592233009708737,True,112,372,340,0.5568181818181818,True,294,76,158,0.6869565217391305,True,316,8,136,0.7461368653421634,True,338,1,114,0.9400826446280992,0.7641921397379913,0.8430609597924773
10422,10422.png,16_32,0.8693997578273656,5026,5781,5053,5754,0.16539440203562342,True,65,148,180,0.6836363636363636,True,188,30,57,0.8,True,208,15,37,0.9469387755102041,True,232,0,13,1.0,1.0,1.0
10423,10423.png,0_2,0.4896489648964896,544,1111,858,797,0.4311717861205916,True,379,203,297,0.9195906432748538,True,629,8,47,0.9866863905325444,True,667,0,9,1.0,True,676,0,0,0.9701230228471002,1.0,0.9848349687778768
10424,10424.png,thick,0.7494117647058823,14651,19550,16053,18148,0.01463963963963964,True,13,390,485,0.09212121212121212,True,76,327,422,0.32158590308370044,True,219,183,279,0.6942909760589319,True,377,45,121,0.1722488038277512,0.21052631578947367,0.18947368421052632
10425,10425.png,zero,1.0,0,0,0,0,1.0,True,0,0,0,1.0,True,0,0,0,1.0,True,0,0,0,1.0,True,0,0,0,0.0,0.0,0.0
10426,10426.png,zero,1.0,0,0,0,0,1.0,True,0,0,0,1.0,True,0,0,0,1.0,True,0,0,0,1.0,True,0,0,0,0.0,0.0,0.0
10427,10427.png,zero,1.0,0,0,0,0,1.0,True,0,0,0,1.0,True,0,0,0,1.0,True,0,0,0,1.0,True,0,0,0,0.0,0.0,0.0
10428,10428.png,4_8,0.6924769027716674,1574,2273,1581,2266,0.5025466893039049,True,296,185,108,0.9877750611246944,True,404,5,0,1.0,True,404,0,0,1.0,True,404,0,0,0.9858299595141701,1.0,0.9928644240570845
10429,10429.png,4_8,0.4196538936959209,1358,3236,2793,1801,0.08796296296296297,True,57,322,269,0.49191685912240185,True,213,107,113,0.7033898305084746,True,249,28,77,0.8837920489296636,True,289,1,37,0.9251207729468599,0.9154078549848943,0.9202386852486967
10430,10430.png,4_8,0.32689210950080516,406,1242,690,958,0.12110091743119267,True,66,383,96,0.45,True,162,198,0,0.5491525423728814,True,162,133,0,0.5605536332179931,True,162,127,0,0.6391982182628062,1.0,0.779891304347826
10431,10431.png,zero,1.0,0,0,0,0,1.0,True,0,0,0,1.0,True,0,0,0,1.0,True,0,0,0,1.0,True,0,0,0,0.0,0.0,0.0
10432,10432.png,16_32,0.6703658035347307,4893,7299,6103,6089,0.013944223107569721,True,7,248,247,0.16590909090909092,True,73,186,181,0.4132231404958678,True,150,109,104,0.9575289575289575,True,248,5,6,1.0,1.0,1.0
10433,10433.png,zero,1.0,0,0,0,0,1.0,True,0,0,0,1.0,True,0,0,0,1.0,True,0,0,0,1.0,True,0,0,0,0.0,0.0,0.0
10434,10434.png,16_32,0.7404290429042905,4487,6060,5359,5188,0.06438631790744467,True,32,211,254,0.42133333333333334,True,158,89,128,0.6932907348242812,True,217,27,69,0.916083916083916,True,262,0,24,1.0,1.0,1.0
10435,10435.png,thick,0.8116677235256817,7680,9462,8665,8477,0.10480349344978165,True,48,221,189,0.403899721448468,True,145,122,92,0.5541795665634675,True,179,86,58,0.6644518272425249,True,200,64,37,1.0,1.0,1.0
10436,10436.png,16_32,0.7838297872340425,3684,4700,3920,4464,0.06097560975609756,True,20,123,185,0.4204081632653061,True,103,40,102,0.7259615384615384,True,151,3,54,0.7951219512195122,True,163,0,42,1.0,1.0,1.0
10437,10437.png,8_16,0.8912345112436898,3884,4358,4265,3977,0.33127572016460904,True,161,179,146,0.8670520231213873,True,300,39,7,0.9274924471299094,True,307,24,0,0.9654088050314465,True,307,11,0,0.9883381924198251,1.0,0.9941348973607038
10438,10438.png,16_32,0.7061835368255218,5379,7617,7089,5907,0.02830188679245283,True,15,258,257,0.25517241379310346,True,111,163,161,0.7875816993464052,True,241,34,31,0.9963235294117647,True,271,0,1,1.0,1.0,1.0
10439,10439.png,zero,1.0,0,0,0,0,1.0,True,0,0,0,1.0,True,0,0,0,1.0,True,0,0,0,1.0,True,0,0,0,0.0,0.0,0.0
10440,10440.png,zero,1.0,0,0,0,0,1.0,True,0,0,0,1.0,True,0,0,0,1.0,True,0,0,0,1.0,True,0,0,0,0.0,0.0,0.0
10441,10441.png,8_16,0.7085687382297552,3010,4248,3039,4219,0.1900958466453674,True,119,254,253,0.7890818858560794,True,318,31,54,0.9032258064516129,True,336,0,36,0.956989247311828,True,356,0,16,1.0,1.0,1.0
10442,10442.png,8_16,0.8535058430717863,2045,2396,2157,2284,0.3888888888888889,True,140,112,108,0.9880478087649402,True,248,3,0,1.0,True,248,0,0,1.0,True,248,0,0,1.0,1.0,1.0
10443,10443.png,zero,1.0,0,0,0,0,1.0,True,0,0,0,1.0,True,0,0,0,1.0,True,0,0,0,1.0,True,0,0,0,0.0,0.0,0.0
10444,10444.png,8_16,0.2673980116558108,780,2917,1314,2383,0.08305084745762711,True,49,303,238,0.391304347826087,True,162,127,125,0.578125,True,185,33,102,0.7421602787456446,True,213,0,74,1.0,1.0,1.0
10445,10445.png,thick,0.4331774305901085,4353,10049,4791,9611,0.030181086519114688,True,15,207,275,0.13777777777777778,True,62,160,228,0.1834862385321101,True,80,146,210,0.3248730964467005,True,128,104,162,0.0,0.0,0.0
10446,10446.png,8_16,0.7028678304239402,5637,8020,7357,6300,0.06912442396313365,True,45,262,344,0.3384615384615385,True,176,131,213,0.5570175438596491,True,254,67,135,0.7524271844660194,True,310,23,79,1.0,1.0,1.0
10447,10447.png,zero,1.0,0,0,0,0,1.0,True,0,0,0,1.0,True,0,0,0,1.0,True,0,0,0,1.0,True,0,0,0,0.0,0.0,0.0
10448,10448.png,16_32,0.7192352381958381,6809,9467,8791,7485,0.06615384615384616,True,43,284,323,0.3125,True,165,162,201,0.6068965517241379,True,264,69,102,0.959349593495935,True,354,3,12,1.0,1.0,1.0
10449,10449.png,thick,0.6319236883942766,9937,15725,9944,15718,0.021526418786692758,True,11,246,254,0.14442013129102846,True,66,192,199,0.2871287128712871,True,116,139,149,0.7668918918918919,True,227,31,38,1.0,1.0,1.0
10450,10450.png,zero,1.0,0,0,0,0,1.0,True,0,0,0,1.0,True,0,0,0,1.0,True,0,0,0,1.0,True,0,0,0,0.0,0.0,0.0
10451,10451.png,8_16,0.5139734194509998,4138,8051,6866,5323,0.0290519877675841,True,19,314,321,0.17926186291739896,True,102,229,238,0.3987341772151899,True,189,134,151,0.6926952141057935,True,275,57,65,1.0,0.9549295774647887,0.9769452449567723
10452,10452.png,4_8,0.31528662420382164,693,2198,1356,1535,0.07900943396226415,True,67,595,186,0.3921901528013582,True,231,336,22,0.6111111111111112,True,253,161,0,0.7419354838709677,True,253,88,0,0.8583450210378681,1.0,0.9237735849056603
10453,10453.png,zero,1.0,0,0,0,0,1.0,True,0,0,0,1.0,True,0,0,0,1.0,True,0,0,0,1.0,True,0,0,0,0.0,0.0,0.0
10454,10454.png,8_16,0.5120616484252848,4585,8954,8706,4833,0.12236286919831224,True,58,179,237,0.44686648501362397,True,164,72,131,0.5945945945945946,True,198,38,97,0.7656765676567657,True,232,8,63,1.0,0.900990099009901,0.9479166666666667
10455,10455.png,8_16,0.5970625798212005,935,1566,1461,1040,0.14465408805031446,True,23,71,65,0.6460176991150443,True,73,25,15,0.7745098039215687,True,79,14,9,0.9130434782608695,True,84,4,4,1.0,0.9893617021276596,0.9946524064171123
10456,10456.png,8_16,0.7416160970935803,2322,3131,2729,2724,0.15856236786469344,True,75,224,174,0.6099071207430341,True,197,74,52,0.9609375,True,246,7,3,1.0,True,249,0,0,1.0,1.0,1.0
10457,10457.png,8_16,0.0,0,5411,2894,2517,0.0,True,0,93,194,0.0,True,0,93,194,0.0,True,0,93,194,0.0,True,0,93,194,0.0,0.0,0.0
10458,10458.png,zero,1.0,0,0,0,0,1.0,True,0,0,0,1.0,True,0,0,0,1.0,True,0,0,0,1.0,True,0,0,0,0.0,0.0,0.0
10459,10459.png,2_4,0.3713862120088955,501,1349,654,1196,0.15508885298869143,True,96,301,222,0.784,True,294,57,24,0.9418960244648318,True,308,9,10,0.9937304075235109,True,317,1,1,0.9187817258883249,1.0,0.9576719576719577
10460,10460.png,thick,0.80933306629281,8082,9986,8466,9602,0.0881057268722467,True,40,208,206,0.3,True,114,134,132,0.5569620253164557,True,176,70,70,0.9372549019607843,True,239,9,7,1.0,0.98046875,0.9901380670611439
10461,10461.png,2_4,0.40524534686971236,479,1182,728,933,0.2406832298136646,True,155,317,172,0.6966580976863753,True,271,62,56,0.8475609756097561,True,278,1,49,0.8807339449541285,True,288,0,39,0.9703389830508474,1.0,0.9849462365591398
10462,10462.png,16_32,0.5012890289315383,1750,3491,3146,2095,0.010526315789473684,True,2,116,72,0.1437125748502994,True,24,93,50,0.24342105263157895,True,37,78,37,0.38405797101449274,True,53,64,21,0.0,0.0,0.0
10463,10463.png,thick,0.6680484165146742,8058,12062,10160,9960,0.02414486921529175,True,12,245,240,0.09462365591397849,True,44,213,208,0.2518703241895262,True,101,149,151,0.567741935483871,True,176,58,76,1.0,0.8172043010752689,0.8994082840236686
10464,10464.png,thick,0.7378832116788321,10109,13700,10856,12953,0.05465288035450517,True,37,323,317,0.2434325744308231,True,139,217,215,0.41566265060240964,True,207,144,147,0.634032634032634,True,272,75,82,1.0,1.0,1.0
10465,10465.png,8_16,0.5078740157480315,2064,4064,3891,2237,0.03940886699507389,True,16,188,202,0.2404692082111437,True,82,123,136,0.5,True,143,68,75,0.9954128440366973,True,217,0,1,1.0,1.0,1.0
10466,10466.png,16_32,0.683255616786774,8059,11795,9775,10079,0.04603580562659847,True,36,331,415,0.2650231124807396,True,172,198,279,0.4776386404293381,True,267,108,184,0.7747368421052632,True,368,24,83,1.0,0.9549356223175965,0.9769484083424809
10467,10467.png,16_32,0.7707581227436823,5551,7202,7123,5630,0.025157232704402517,True,12,232,233,0.3545706371191136,True,128,116,117,0.7912087912087912,True,216,28,29,0.9799196787148594,True,244,4,1,1.0,1.0,1.0
10468,10468.png,16_32,0.8693080203604348,6319,7269,6840,6748,0.1368421052631579,True,65,201,209,0.6005917159763313,True,203,64,71,0.8112582781456954,True,245,28,29,0.8771331058020477,True,257,19,17,1.0,1.0,1.0
10469,10469.png,4_8,0.42371475953565507,2044,4824,4416,2452,0.06698564593301436,True,42,321,264,0.2925851703406814,True,146,193,160,0.5411471321695761,True,217,95,89,0.7450424929178471,True,263,47,43,0.0,0.3956386292834891,0.0
10470,10470.png,8_16,0.4268360022087245,1546,3622,3579,1589,0.013986013986013986,True,4,142,140,0.06593406593406594,True,18,129,126,0.09737827715355805,True,26,123,118,0.4801980198019802,True,97,58,47,1.0,1.0,1.0
10471,10471.png,16_32,0.7147895084857836,9729,13611,11895,11445,0.02771362586605081,True,24,297,545,0.15096774193548387,True,117,206,452,0.2937771345875543,True,203,122,366,0.5066225165562914,True,306,35,263,1.0,0.9435483870967742,0.970954356846473
10472,10472.png,4_8,0.22861842105263158,139,608,212,535,0.04945054945054945,True,9,107,66,0.34615384615384615,True,45,55,30,0.532608695652174,True,49,17,26,0.7066666666666667,True,53,0,22,0.9243697478991597,1.0,0.9606986899563319
10473,10473.png,2_4,0.24931412894375857,727,2916,1225,2418,0.10917361637604246,True,144,675,500,0.5282791817087846,True,439,187,205,0.690856313497823,True,476,45,168,0.7758369723435226,True,533,43,111,0.8766626360338573,0.7813953488372093,0.8262920990058037
10474,10474.png,8_16,0.2182410423452769,201,921,304,818,0.06504065040650407,True,16,189,41,0.2717948717948718,True,53,138,4,0.3877551020408163,True,57,90,0,0.4956521739130435,True,57,58,0,0.8067632850241546,1.0,0.893048128342246
10475,10475.png,zero,1.0,0,0,0,0,1.0,True,0,0,0,1.0,True,0,0,0,1.0,True,0,0,0,1.0,True,0,0,0,0.0,0.0,0.0
10476,10476.png,4_8,0.5289190267251695,1326,2507,1935,1898,0.04430379746835443,True,21,234,219,0.3868194842406877,True,135,109,105,0.6312056737588653,True,178,42,62,0.8833333333333333,True,212,0,28,1.0,1.0,1.0
10477,10477.png,8_16,0.6395705521472392,1251,1956,1570,1637,0.21686746987951808,True,54,128,67,0.49746192893401014,True,98,76,23,0.6666666666666666,True,114,50,7,0.8275862068965517,True,120,24,1,0.9788359788359788,1.0,0.9893048128342246
10478,10478.png,16_32,0.49758855812406455,5984,12026,8841,9169,0.01606425702811245,True,16,469,511,0.1414027149321267,True,125,357,402,0.3194805194805195,True,246,243,281,0.6260162601626016,True,385,88,142,0.0,0.07950530035335689,0.0
10479,10479.png,2_4,0.5317073170731708,545,1025,864,706,0.1733102253032929,True,100,372,105,0.6769759450171822,True,197,86,8,0.9622641509433962,True,204,7,1,0.9903381642512077,True,205,2,0,0.9922178988326849,1.0,0.99609375
10480,10480.png,thick,0.9668221327114691,18242,18868,18446,18664,0.18614718614718614,True,86,148,228,0.6596385542168675,True,219,18,95,0.7802547770700637,True,245,0,69,0.8280254777070064,True,260,0,54,1.0,1.0,1.0
10481,10481.png,16_32,0.6139327385037748,8945,14570,11138,12377,0.043668122270742356,True,50,524,571,0.2996742671009772,True,276,300,345,0.5824607329842932,True,445,143,176,0.8208955223880597,True,550,49,71,1.0,1.0,1.0
10482,10482.png,16_32,0.6632473622508792,4526,6824,5424,5926,0.033003300330033,True,20,304,282,0.23228346456692914,True,118,206,184,0.46352941176470586,True,197,123,105,0.922360248447205,True,297,20,5,1.0,1.0,1.0
10483,10483.png,2_4,0.35691657866948256,338,947,663,622,0.16991150442477876,True,96,335,134,0.6396396396396397,True,213,103,17,0.9529914529914529,True,223,4,7,0.9826086956521739,True,226,0,4,0.9254079254079254,1.0,0.9612590799031477
10484,10484.png,8_16,0.6403017765879776,2631,4109,2972,3768,0.04670912951167728,True,22,199,250,0.37988826815642457,True,136,86,136,0.5916398713826366,True,184,39,88,0.8529411764705882,True,232,0,40,1.0,1.0,1.0
10485,10485.png,zero,1.0,0,0,0,0,1.0,True,0,0,0,1.0,True,0,0,0,1.0,True,0,0,0,1.0,True,0,0,0,0.0,0.0,0.0
10486,10486.png,2_4,0.19555555555555557,132,675,282,525,0.05389221556886228,True,18,166,150,0.3557312252964427,True,90,85,78,0.49065420560747663,True,105,46,63,0.6231155778894473,True,124,31,44,0.5423728813559322,0.6071428571428571,0.5729331226961559
10487,10487.png,thick,0.8357977991746905,14583,17448,16042,15989,0.059574468085106386,True,42,330,333,0.43378119001919385,True,226,146,149,0.7175398633257403,True,315,64,60,0.9438775510204082,True,370,17,5,0.9579207920792079,1.0,0.9785082174462705
10488,10488.png,16_32,0.4038359083644113,2274,5631,3164,4741,0.03975265017667844,True,45,850,237,0.20860927152317882,True,189,624,93,0.3680241327300151,True,244,381,38,0.6835106382978723,True,257,94,25,0.9978947368421053,1.0,0.9989462592202318
10489,10489.png,4_8,0.23958333333333334,506,2112,1129,1489,0.08412197686645637,True,80,628,243,0.3748191027496382,True,259,368,64,0.522140221402214,True,283,219,40,0.5906432748538012,True,303,190,20,0.6708507670850767,0.9849397590361446,0.7981052946713316
10490,10490.png,8_16,0.013353115727002967,72,5392,1150,4314,0.01349527665317139,True,10,446,285,0.0221606648199446,True,16,427,279,0.036827195467422094,True,26,411,269,0.048295454545454544,True,34,409,261,0.08113590263691683,0.0,0.0
10491,10491.png,16_32,0.6508041418814717,5908,9078,9077,5909,0.025167785234899327,True,15,297,284,0.1441947565543071,True,77,235,222,0.2708333333333333,True,130,181,169,0.6137566137566137,True,232,79,67,1.0,1.0,1.0
10492,10492.png,16_32,0.643430610424366,5049,7847,7212,5684,0.029411764705882353,True,16,254,274,0.30465116279069765,True,131,140,159,0.5268817204301075,True,196,82,94,0.786833855799373,True,251,29,39,1.0,1.0,1.0
10493,10493.png,8_16,0.7964575202641849,2653,3331,2670,3314,0.37701612903225806,True,187,159,150,0.9365994236311239,True,325,10,12,0.976401179941003,True,331,2,6,1.0,True,337,0,0,1.0,1.0,1.0
10494,10494.png,4_8,0.3344627299128751,2073,6198,4755,3516,0.046511627906976744,True,46,492,451,0.27419354838709675,True,221,309,276,0.39344262295081966,True,288,235,209,0.638752052545156,True,389,112,108,0.21288014311270126,0.29740518962075846,0.2481421873906654
10495,10495.png,8_16,0.6316200390370852,4854,7685,6096,6443,0.057180851063829786,True,43,297,412,0.3162251655629139,True,191,149,264,0.5134099616858238,True,268,67,187,0.7071583514099783,True,326,6,129,1.0,0.7307692307692307,0.8444444444444443
10496,10496.png,16_32,0.5903171602604494,5621,9522,7712,7431,0.034818941504178275,True,25,342,351,0.1932367149758454,True,120,245,256,0.42775665399239543,True,225,150,151,0.8814814814814815,True,357,29,19,1.0,1.0,1.0
10497,10497.png,thick,0.7763199394436384,12307,15853,13602,14558,0.027079303675048357,True,14,304,199,0.10187110187110188,True,49,268,164,0.22325581395348837,True,96,217,117,0.5333333333333333,True,176,117,37,1.0,1.0,1.0
10498,10498.png,8_16,0.6933503836317135,2711,3910,3694,2927,0.058823529411764705,True,27,175,257,0.38202247191011235,True,136,72,148,0.6482084690553745,True,199,23,85,0.9014084507042254,True,256,0,28,1.0,1.0,1.0
10499,10499.png,2_4,0.4401330376940133,397,902,639,660,0.21482889733840305,True,113,297,116,0.6993670886075949,True,221,87,8,0.8893280632411067,True,225,24,4,0.9271255060728745,True,229,18,0,0.8535980148883374,0.9956709956709957,0.9191770159275997
10500,10500.png,16_32,0.7284170375079466,5729,7865,6901,6693,0.08,True,40,212,248,0.2379862700228833,True,104,149,184,0.3816793893129771,True,150,105,138,0.75,True,234,24,54,1.0,1.0,1.0
10501,10501.png,4_8,0.18463740458015268,387,2096,441,2042,0.13924050632911392,True,55,123,217,0.43902439024390244,True,126,15,146,0.5054945054945055,True,138,1,134,0.5919117647058824,True,161,0,111,0.9891304347826086,0.5425531914893617,0.7007398459912426
10502,10502.png,4_8,0.38502202643171807,874,2270,1203,1941,0.08650519031141868,True,75,578,214,0.3395585738539898,True,200,300,89,0.5341772151898734,True,211,106,78,0.6453488372093024,True,222,55,67,0.9714693295292439,1.0,0.9855282199710564
10503,10503.png,thick,0.4836301588994348,4535,9377,6544,7368,0.011881188118811881,True,6,284,215,0.0967741935483871,True,45,244,176,0.1583710407239819,True,70,221,151,0.40384615384615385,True,147,143,74,0.0,0.0,0.0
10504,10504.png,2_4,0.4375,497,1136,946,687,0.14285714285714285,True,103,491,127,0.5882352941176471,True,230,161,0,0.8518518518518519,True,230,40,0,0.9236947791164659,True,230,19,0,0.917098445595855,1.0,0.9567567567567568
10505,10505.png,8_16,0.8768934177912421,3184,3631,3195,3620,0.4292929292929293,True,170,90,136,0.8516129032258064,True,264,4,42,0.8961038961038961,True,276,2,30,0.9575163398692811,True,293,0,13,1.0,1.0,1.0
10506,10506.png,2_4,0.1723076923076923,168,975,601,542,0.07360861759425494,True,41,331,185,0.2964705882352941,True,126,199,100,0.40963855421686746,True,136,106,90,0.5294117647058824,True,144,46,82,0.8796791443850267,0.7443946188340808,0.8064023152283851
10507,10507.png,zero,1.0,0,0,0,0,1.0,True,0,0,0,1.0,True,0,0,0,1.0,True,0,0,0,1.0,True,0,0,0,0.0,0.0,0.0
10508,10508.png,16_32,0.9227523150861564,7872,8531,8483,7920,0.3118594436310395,True,213,244,226,0.9002123142250531,True,424,32,15,0.9224137931034483,True,428,25,11,0.9473684210526315,True,432,17,7,0.9853556485355649,1.0,0.9926238145416227
10509,10509.png,4_8,0.6345962113659023,1273,2006,1988,1291,0.27522935779816515,True,120,161,155,0.8,True,240,25,35,0.96,True,264,0,11,1.0,True,275,0,0,1.0,1.0,1.0
10510,10510.png,zero,1.0,0,0,0,0,1.0,True,0,0,0,1.0,True,0,0,0,1.0,True,0,0,0,1.0,True,0,0,0,0.0,0.0,0.0
10511,10511.png,16_32,0.8439010913109546,6109,7239,6834,6514,0.06996587030716724,True,41,250,295,0.5012048192771085,True,208,79,128,0.8411764705882353,True,286,4,50,0.9136904761904762,True,307,0,29,1.0,1.0,1.0
10512,10512.png,16_32,0.6951307614506574,4811,6921,6430,5302,0.02376599634369287,True,13,238,296,0.23777777777777778,True,107,141,202,0.48936170212765956,True,184,67,125,0.8317460317460318,True,262,6,47,1.0,1.0,1.0
10513,10513.png,zero,1.0,0,0,0,0,1.0,True,0,0,0,1.0,True,0,0,0,1.0,True,0,0,0,1.0,True,0,0,0,0.0,0.0,0.0
10514,10514.png,8_16,0.42782381160052335,981,2293,1779,1495,0.0189873417721519,True,3,67,88,0.09523809523809523,True,14,56,77,0.2677165354330709,True,34,36,57,0.49107142857142855,True,55,21,36,0.0,0.0,0.0
10515,10515.png,16_32,0.7981993452164423,8777,10996,9871,9902,0.05803571428571429,True,39,231,402,0.30783242258652094,True,169,108,272,0.5423728813559322,True,256,31,185,0.7097505668934241,True,313,0,128,1.0,0.8425720620842572,0.914560770156438
10516,10516.png,16_32,0.6429399826036533,4435,6898,4937,6396,0.03411131059245961,True,19,242,296,0.3294930875576037,True,143,119,172,0.544,True,204,60,111,0.8507936507936508,True,268,0,47,1.0,0.8417721518987342,0.9140893470790378
10517,10517.png,16_32,0.6276777251184834,3311,5275,3824,4762,0.05458515283842795,True,25,217,216,0.2975871313672922,True,111,132,130,0.7446043165467626,True,207,37,34,1.0,True,241,0,0,1.0,1.0,1.0
10518,10518.png,zero,1.0,0,0,0,0,1.0,True,0,0,0,1.0,True,0,0,0,1.0,True,0,0,0,1.0,True,0,0,0,0.0,0.0,0.0
10519,10519.png,zero,1.0,0,0,0,0,1.0,True,0,0,0,1.0,True,0,0,0,1.0,True,0,0,0,1.0,True,0,0,0,0.0,0.0,0.0
10520,10520.png,16_32,0.7120954003407155,5016,7044,5249,6811,0.036753445635528334,True,24,313,316,0.35353535353535354,True,175,155,165,0.5727923627684964,True,240,79,100,0.8066298342541437,True,292,22,48,1.0,1.0,1.0
10521,10521.png,2_4,0.31118587047939444,370,1189,637,922,0.1533442088091354,True,94,321,198,0.5581947743467933,True,235,129,57,0.7942122186495176,True,247,19,45,0.9212328767123288,True,269,0,23,0.823960880195599,0.9143835616438356,0.8668204829316931
10522,10522.png,0_2,0.31360544217687075,922,2940,1383,2479,0.2877254729432468,True,654,426,1193,0.7031987414787625,True,1341,60,506,0.8435337945715806,True,1585,32,262,0.9442658092175777,True,1762,19,85,0.8833172613307618,1.0,0.9380440348182284
10523,10523.png,4_8,0.6653968253968254,1048,1575,1382,1241,0.1901639344262295,True,116,343,151,0.8179012345679012,True,265,57,2,0.996268656716418,True,267,1,0,1.0,True,267,0,0,0.9876796714579056,1.0,0.993801652892562
10524,10524.png,16_32,0.7200052680100092,5467,7593,5996,7064,0.0325,True,13,177,210,0.2613981762917933,True,86,106,137,0.35161290322580646,True,109,87,114,0.7206477732793523,True,178,24,45,1.0,1.0,1.0
10525,10525.png,16_32,0.5452688172043011,5071,9300,9186,5185,0.011385199240986717,True,6,276,245,0.11506276150627615,True,55,227,196,0.2649164677804296,True,111,168,140,0.42318059299191374,True,157,120,94,0.0,0.0,0.0
10526,10526.png,0_2,0.4804010938924339,527,1097,797,827,0.43398392652123996,True,378,189,304,0.836676217765043,True,584,16,98,0.92992700729927,True,637,3,45,0.9721407624633431,True,663,0,19,0.9672131147540983,1.0,0.9833333333333333
10527,10527.png,zero,1.0,0,0,0,0,1.0,True,0,0,0,1.0,True,0,0,0,1.0,True,0,0,0,1.0,True,0,0,0,0.0,0.0,0.0
10528,10528.png,zero,1.0,0,0,0,0,1.0,True,0,0,0,1.0,True,0,0,0,1.0,True,0,0,0,1.0,True,0,0,0,0.0,0.0,0.0
10529,10529.png,8_16,0.6259659969088099,810,1294,1089,1015,0.0761904761904762,True,16,89,105,0.5133333333333333,True,77,29,44,0.9008264462809917,True,109,0,12,0.9586776859504132,True,116,0,5,1.0,1.0,1.0
10530,10530.png,4_8,0.2467391304347826,227,920,453,694,0.11547911547911548,True,47,258,102,0.4966216216216216,True,147,147,2,0.5866141732283464,True,149,105,0,0.610655737704918,True,149,95,0,0.5796610169491525,1.0,0.7339055793991416
10531,10531.png,8_16,0.1292517006802721,437,3381,2798,1020,0.021739130434782608,True,11,419,76,0.08552631578947369,True,39,369,48,0.10344827586206896,True,45,348,42,0.13793103448275862,True,56,319,31,0.0,0.0,0.0
10532,10532.png,16_32,0.7087352980044932,5363,7567,7283,5647,0.0497131931166348,True,26,233,264,0.2557077625570776,True,112,148,178,0.6064139941690962,True,208,53,82,0.86,True,258,10,32,1.0,1.0,1.0
10533,10533.png,4_8,0.720581553839164,1586,2201,1713,2074,0.32432432432432434,True,132,142,133,0.8448275862068966,True,245,25,20,0.9,True,252,15,13,0.9925093632958801,True,265,2,0,0.9963768115942029,1.0,0.9981851179673321
10534,10534.png,4_8,0.1467551622418879,199,1356,589,966,0.06115107913669065,True,34,324,198,0.2621145374449339,True,119,222,113,0.5927051671732523,True,195,97,37,0.9914529914529915,True,232,2,0,0.8465753424657534,0.9344978165938864,0.8883664380571098
10535,10535.png,thick,0.6573274054190085,7836,11921,11186,8571,0.05185185185185185,True,28,303,209,0.16632443531827515,True,81,250,156,0.2840909090909091,True,125,203,112,0.5177111716621253,True,190,130,47,0.0,0.0,0.0
10536,10536.png,2_4,0.4086687306501548,396,969,732,633,0.1674641148325359,True,105,382,140,0.6657608695652174,True,245,123,0,0.9423076923076923,True,245,15,0,1.0,True,245,0,0,0.7695560253699789,1.0,0.8697729988052569
10537,10537.png,zero,1.0,0,0,0,0,1.0,True,0,0,0,1.0,True,0,0,0,1.0,True,0,0,0,1.0,True,0,0,0,0.0,0.0,0.0
10538,10538.png,thick,0.8001638747268754,8789,10984,10049,9724,0.049800796812749,True,25,232,245,0.18385650224215247,True,82,176,188,0.43360433604336046,True,160,99,110,0.8432055749128919,True,242,17,28,1.0,1.0,1.0
10539,10539.png,8_16,0.8744838976052849,3177,3633,3190,3620,0.4631043256997455,True,182,83,128,0.8838709677419355,True,274,0,36,0.9129032258064517,True,283,0,27,0.9709677419354839,True,301,0,9,1.0,1.0,1.0
10540,10540.png,8_16,0.5412750825501651,6393,11811,10543,7661,0.036561264822134384,True,37,445,530,0.22977725674091443,True,196,286,371,0.45013850415512463,True,325,155,242,0.6730158730158731,True,424,63,143,1.0,1.0,1.0
10541,10541.png,4_8,0.5014792899408284,2712,5408,4158,3962,0.09230769230769231,True,144,1018,398,0.4104967197750703,True,438,525,104,0.6146341463414634,True,504,278,38,0.7677053824362606,True,542,164,0,0.8187702265372169,1.0,0.9003558718861211
10542,10542.png,16_32,0.7353606928451925,7472,10161,9304,8329,0.061224489795918366,True,48,337,399,0.3580645161290323,True,222,173,225,0.7780082987551867,True,375,35,72,0.9574944071588367,True,428,0,19,1.0,1.0,1.0
10543,10543.png,8_16,0.872953133822699,1546,1771,1595,1722,0.1971153846153846,True,41,91,76,0.625,True,95,35,22,0.905511811023622,True,115,10,2,1.0,True,117,0,0,1.0,1.0,1.0
10544,10544.png,8_16,0.4828369173233605,3615,7487,4038,7064,0.06051873198847262,True,42,184,468,0.24247491638795987,True,145,88,365,0.3644524236983842,True,203,47,307,0.5282651072124757,True,271,3,239,0.9826086956521739,0.7384898710865562,0.8432365037125258
10545,10545.png,0_2,0.4816132858837485,406,843,666,583,0.4453125,True,285,170,185,0.8909090909090909,True,441,25,29,0.937888198757764,True,453,13,17,0.9603340292275574,True,460,9,10,0.9593679458239278,1.0,0.9792626728110598
10546,10546.png,16_32,0.6644691663233072,4838,7281,6774,5345,0.03636363636363636,True,18,233,244,0.35,True,133,118,129,0.6688311688311688,True,206,46,56,0.9618320610687023,True,252,0,10,1.0,1.0,1.0
10547,10547.png,16_32,0.7353846153846154,4780,6500,5670,5610,0.087248322147651,True,39,194,214,0.28835978835978837,True,109,125,144,0.534375,True,171,67,82,0.9606299212598425,True,244,1,9,1.0,1.0,1.0
10548,10548.png,zero,1.0,0,0,0,0,1.0,True,0,0,0,1.0,True,0,0,0,1.0,True,0,0,0,1.0,True,0,0,0,0.0,0.0,0.0
10549,10549.png,16_32,0.6485511752269618,5215,8041,6004,7252,0.0389344262295082,True,19,237,232,0.2033096926713948,True,86,172,165,0.45272206303724927,True,158,98,93,0.8394160583941606,True,230,23,21,1.0,1.0,1.0
10550,10550.png,16_32,0.742491103202847,5216,7025,6420,5821,0.11894273127753303,True,54,198,202,0.44857142857142857,True,157,94,99,0.759581881533101,True,218,31,38,0.980544747081712,True,252,1,4,1.0,1.0,1.0
10551,10551.png,8_16,0.6515780208726267,5182,7953,7095,6040,0.039538714991762765,True,24,242,341,0.20419847328244276,True,107,159,258,0.42953020134228187,True,192,82,173,0.8091397849462365,True,301,7,64,1.0,0.957286432160804,0.9781771501925546
10552,10552.png,8_16,0.6402677077523703,1148,1793,1438,1503,0.08723404255319149,True,41,312,117,0.46464646464646464,True,138,139,20,0.8191489361702128,True,154,30,4,1.0,True,158,0,0,1.0,1.0,1.0
10553,10553.png,thick,0.7619985673352435,8510,11168,9635,10043,0.06049149338374291,True,32,257,240,0.2772727272727273,True,122,168,150,0.5342465753424658,True,195,93,77,0.9543859649122807,True,272,13,0,1.0,1.0,1.0
10554,10554.png,16_32,0.5635094442923625,4117,7306,6206,5217,0.045936395759717315,True,26,263,277,0.3053097345132743,True,138,149,165,0.48258706467661694,True,194,99,109,0.6988636363636364,True,246,49,57,1.0,0.7774294670846394,0.8747795414462081
10555,10555.png,16_32,0.9040490797546012,7368,8150,7644,7874,0.16063348416289594,True,71,193,178,0.6897689768976898,True,209,54,40,0.8315412186379928,True,232,30,17,0.9651162790697675,True,249,9,0,1.0,1.0,1.0
10556,10556.png,4_8,0.5345911949685535,340,636,366,610,0.12195121951219512,True,25,126,54,0.44525547445255476,True,61,58,18,0.7040816326530612,True,69,19,10,0.8588235294117647,True,73,6,6,0.9634146341463414,1.0,0.9813664596273292
10557,10557.png,zero,1.0,0,0,0,0,1.0,True,0,0,0,1.0,True,0,0,0,1.0,True,0,0,0,1.0,True,0,0,0,0.0,0.0,0.0
10558,10558.png,8_16,0.5486234195911616,4643,8463,7889,5217,0.02835538752362949,True,15,226,288,0.20353982300884957,True,92,149,211,0.4107142857142857,True,161,89,142,0.5842696629213483,True,208,53,95,1.0,0.698170731707317,0.8222621184919209
10559,10559.png,thick,0.8132451086646512,14257,17531,14767,17021,0.04040404040404041,True,20,230,245,0.3696808510638298,True,139,111,126,0.6430868167202572,True,200,46,65,0.8925925925925926,True,241,5,24,1.0,1.0,1.0
10560,10560.png,16_32,0.7150386901424246,6376,8917,6871,8422,0.12598425196850394,True,96,296,370,0.5553539019963702,True,306,85,160,0.801255230125523,True,383,12,83,0.8397435897435898,True,393,2,73,1.0,0.8503118503118503,0.9191011235955057
10561,10561.png,zero,1.0,0,0,0,0,1.0,True,0,0,0,1.0,True,0,0,0,1.0,True,0,0,0,1.0,True,0,0,0,0.0,0.0,0.0
10562,10562.png,zero,0.0,0,6,6,0,0.0,True,0,6,0,0.0,True,0,6,0,0.0,True,0,6,0,0.0,True,0,6,0,0.0,0.0,0.0
10563,10563.png,thick,0.7504986834756243,9406,12533,11293,10646,0.05442176870748299,True,24,207,210,0.1867007672634271,True,73,157,161,0.332378223495702,True,116,115,118,0.6666666666666666,True,186,45,48,1.0,1.0,1.0
10564,10564.png,0_2,0.41386554621848737,394,952,682,664,0.31333333333333335,True,235,199,316,0.7342419080068143,True,431,36,120,0.8670212765957447,True,489,13,62,0.941923774954628,True,519,0,32,0.9154929577464789,1.0,0.9558823529411764
10565,10565.png,16_32,0.6276324614352783,4679,7455,5985,6149,0.04470198675496689,True,27,299,278,0.2865853658536585,True,141,187,164,0.4520547945205479,True,198,133,107,0.8269794721407625,True,282,36,23,1.0,1.0,1.0
10566,10566.png,8_16,0.5527416868531161,2510,4541,4081,2970,0.08313253012048193,True,69,478,283,0.3663522012578616,True,233,284,119,0.5510204081632653,True,297,187,55,0.7703016241299304,True,332,79,20,0.9964788732394366,0.9392265193370166,0.9670060199189975
10567,10567.png,2_4,0.47757255936675463,543,1137,592,1088,0.3320754716981132,True,176,179,175,0.8784530386740331,True,318,11,33,0.9430199430199431,True,331,0,20,0.9686609686609686,True,340,0,11,0.9298245614035088,1.0,0.9636363636363636
10568,10568.png,4_8,0.4632396891811118,775,1673,823,1625,0.22160148975791433,True,119,283,135,0.8576271186440678,True,253,41,1,0.9921875,True,254,2,0,1.0,True,254,0,0,0.9648711943793911,1.0,0.9821215733015495
10569,10569.png,2_4,0.38258575197889183,290,758,378,670,0.18333333333333332,True,44,51,145,0.2857142857142857,True,62,28,127,0.31527093596059114,True,64,14,125,0.3386243386243386,True,64,0,125,1.0,0.33507853403141363,0.5019607843137256
10570,10570.png,2_4,0.38202247191011235,374,979,519,834,0.2301255230125523,True,110,203,165,0.7284345047923323,True,228,38,47,0.8368055555555556,True,241,13,34,0.9347826086956522,True,258,1,17,0.948051948051948,0.9219858156028369,0.9348372161749495
10571,10571.png,4_8,0.6134663341645885,984,1604,1067,1521,0.22518159806295399,True,93,196,124,0.8108108108108109,True,210,42,7,0.9152542372881356,True,216,19,1,0.9234042553191489,True,217,18,0,0.9393939393939394,1.0,0.96875
10572,10572.png,thick,0.7666405276996171,16620,21679,21583,16716,0.015957446808510637,True,9,295,260,0.22388059701492538,True,105,200,164,0.39659367396593675,True,163,142,106,0.5528455284552846,True,204,100,65,1.0,1.0,1.0
10573,10573.png,0_2,0.5217391304347826,684,1311,1117,878,0.40816326530612246,True,440,317,321,0.9474358974358974,True,739,19,22,0.9830065359477124,True,752,4,9,0.9973718791064389,True,759,0,2,0.98224043715847,1.0,0.991040661612681
10574,10574.png,2_4,0.2729064039408867,277,1015,459,833,0.11196911196911197,True,58,243,217,0.5555555555555556,True,200,85,75,0.7138461538461538,True,232,50,43,0.8081761006289309,True,257,43,18,0.7205387205387206,0.9637681159420289,0.824591137571886
10575,10575.png,16_32,0.7066348046106269,5027,7114,6036,6105,0.06732348111658457,True,41,292,276,0.39828693790149894,True,186,150,131,0.6508728179551122,True,261,84,56,0.8410958904109589,True,307,48,10,1.0,1.0,1.0
10576,10576.png,2_4,0.3261802575107296,608,1864,1156,1316,0.14300100704934543,True,142,651,200,0.4696048632218845,True,309,316,33,0.6453488372093024,True,333,174,9,0.7104166666666667,True,341,138,1,0.7690387016229713,1.0,0.8694424841213831
10577,10577.png,zero,1.0,0,0,0,0,1.0,True,0,0,0,1.0,True,0,0,0,1.0,True,0,0,0,1.0,True,0,0,0,0.0,0.0,0.0
10578,10578.png,thick,0.8293589174800355,14955,18032,16191,16796,0.01669449081803005,True,10,272,317,0.0913978494623656,True,51,231,276,0.23636363636363636,True,117,168,210,0.5786802030456852,True,228,67,99,0.0,0.0,0.0
10579,10579.png,thick,0.859607456533429,19183,22316,21627,19872,0.016129032258064516,True,8,149,339,0.1074561403508772,True,49,109,298,0.3333333333333333,True,126,31,221,0.46418338108882523,True,162,2,185,1.0,0.762589928057554,0.8653061224489795
10580,10580.png,16_32,0.9075430245331381,4957,5462,5239,5180,0.2853185595567867,True,103,137,121,0.9139344262295082,True,223,20,1,0.9333333333333333,True,224,16,0,0.9613733905579399,True,224,9,0,1.0,1.0,1.0
10581,10581.png,zero,1.0,0,0,0,0,1.0,True,0,0,0,1.0,True,0,0,0,1.0,True,0,0,0,1.0,True,0,0,0,0.0,0.0,0.0
10582,10582.png,16_32,0.1529126213592233,1386,9064,7305,3145,0.02127659574468085,True,10,292,168,0.048034934497816595,True,22,280,156,0.07415730337078652,True,33,267,145,0.18,True,72,222,106,0.0,0.0,0.0
10583,10583.png,16_32,0.979295154185022,2223,2270,2264,2229,0.504950495049505,True,51,20,30,0.9012345679012346,True,73,0,8,0.9382716049382716,True,76,0,5,0.9753086419753086,True,79,0,2,1.0,1.0,1.0
10584,10584.png,zero,1.0,0,0,0,0,1.0,True,0,0,0,1.0,True,0,0,0,1.0,True,0,0,0,1.0,True,0,0,0,0.0,0.0,0.0
10585,10585.png,16_32,0.7276559865092749,2589,3558,3365,2782,0.08126410835214447,True,36,277,130,0.495114006514658,True,152,141,14,0.6693548387096774,True,166,82,0,0.7545454545454545,True,166,54,0,1.0,1.0,1.0
10586,10586.png,4_8,0.41185185185185186,1390,3375,2978,1787,0.06623931623931624,True,31,220,217,0.2890625,True,111,136,137,0.5276073619631901,True,172,78,76,0.822463768115942,True,227,28,21,1.0,0.9919678714859438,0.995967741935484
10587,10587.png,16_32,0.742910983488873,8279,11144,9886,9537,0.05175292153589316,True,31,250,318,0.3920704845814978,True,178,105,171,0.5870646766169154,True,236,53,113,0.7452574525745257,True,275,20,74,1.0,1.0,1.0
10588,10588.png,8_16,0.22554347826086957,249,1104,495,858,0.06,True,24,307,69,0.2909698996655518,True,87,206,6,0.3675889328063241,True,93,160,0,0.3780487804878049,True,93,153,0,0.47384615384615386,1.0,0.6430062630480168
10589,10589.png,16_32,0.7245075706820313,5407,7463,7094,5776,0.09566787003610108,True,53,239,262,0.4050925925925926,True,175,117,140,0.597911227154047,True,229,68,86,0.9353846153846154,True,304,10,11,1.0,1.0,1.0
10590,10590.png,8_16,0.0945945945945946,287,3034,603,2718,0.00967741935483871,True,3,138,169,0.04778156996587031,True,14,121,158,0.060498220640569395,True,17,109,155,0.09090909090909091,True,24,92,148,0.0,0.0,0.0
10591,10591.png,8_16,0.6993510324483776,5927,8475,7401,7001,0.028694404591104734,True,20,250,427,0.20302013422818793,True,121,149,326,0.41050583657587547,True,211,67,236,0.5756929637526652,True,270,22,177,1.0,0.7631027253668763,0.8656361474435196
10592,10592.png,zero,1.0,0,0,0,0,1.0,True,0,0,0,1.0,True,0,0,0,1.0,True,0,0,0,1.0,True,0,0,0,0.0,0.0,0.0
10593,10593.png,zero,1.0,0,0,0,0,1.0,True,0,0,0,1.0,True,0,0,0,1.0,True,0,0,0,1.0,True,0,0,0,0.0,0.0,0.0
10594,10594.png,2_4,0.20958083832335328,210,1002,515,697,0.10058027079303675,True,52,283,182,0.40217391304347827,True,148,134,86,0.6653846153846154,True,173,26,61,0.8162393162393162,True,191,0,43,0.6616766467065869,0.7627118644067796,0.708610923082404
10595,10595.png,8_16,0.6056603773584905,2247,3710,2335,3622,0.05543710021321962,True,26,226,217,0.2894736842105263,True,110,137,133,0.7007042253521126,True,199,41,44,0.8695652173913043,True,220,10,23,1.0,1.0,1.0
10596,10596.png,0_2,0.5791962174940898,490,846,767,569,0.601027397260274,True,351,111,122,0.9726890756302521,True,463,3,10,0.9978858350951374,True,472,0,1,1.0,True,473,0,0,0.9823399558498896,1.0,0.9910913140311804
10597,10597.png,zero,1.0,0,0,0,0,1.0,True,0,0,0,1.0,True,0,0,0,1.0,True,0,0,0,1.0,True,0,0,0,0.0,0.0,0.0
10598,10598.png,zero,1.0,0,0,0,0,1.0,True,0,0,0,1.0,True,0,0,0,1.0,True,0,0,0,1.0,True,0,0,0,0.0,0.0,0.0
10599,10599.png,0_2,0.38563829787234044,290,752,503,539,0.30618892508143325,True,188,157,269,0.6604938271604939,True,321,29,136,0.7809110629067245,True,360,4,97,0.9059080962800875,True,414,0,43,0.9611940298507463,1.0,0.980213089802131
10600,10600.png,16_32,0.7407612712490761,4009,5412,4302,5119,0.06806282722513089,True,26,181,175,0.42160278745644597,True,121,86,80,0.7565217391304347,True,174,29,27,0.9950248756218906,True,200,0,1,1.0,1.0,1.0
10601,10601.png,zero,1.0,0,0,0,0,1.0,True,0,0,0,1.0,True,0,0,0,1.0,True,0,0,0,1.0,True,0,0,0,0.0,0.0,0.0
10602,10602.png,4_8,0.3316654753395282,464,1399,634,1229,0.10899653979238755,True,63,336,179,0.6550724637681159,True,226,103,16,0.9453125,True,242,14,0,1.0,True,242,0,0,0.8471177944862155,0.975,0.9065713008493518
10603,10603.png,16_32,0.6635824779528697,4590,6917,6553,4954,0.08333333333333333,True,42,261,201,0.43157894736842106,True,164,137,79,0.683076923076923,True,222,82,21,0.7993421052631579,True,243,61,0,0.8032786885245902,1.0,0.8909090909090909
10604,10604.png,zero,1.0,0,0,0,0,1.0,True,0,0,0,1.0,True,0,0,0,1.0,True,0,0,0,1.0,True,0,0,0,0.0,0.0,0.0
10605,10605.png,16_32,0.5366333387969185,3274,6101,4433,4942,0.011928429423459244,True,6,244,253,0.14349775784753363,True,64,187,195,0.2893401015228426,True,114,135,145,0.6548387096774193,True,203,51,56,1.0,1.0,1.0
10606,10606.png,thick,0.9333821376281113,20400,21856,20561,21695,0.04792332268370607,True,30,332,264,0.3192771084337349,True,159,204,135,0.45861297539149887,True,205,153,89,0.5271867612293144,True,223,129,71,0.0,0.0,0.0
10607,10607.png,zero,1.0,0,0,0,0,1.0,True,0,0,0,1.0,True,0,0,0,1.0,True,0,0,0,1.0,True,0,0,0,0.0,0.0,0.0
10608,10608.png,16_32,0.7288343558282209,4752,6520,5110,6162,0.10122699386503067,True,33,120,173,0.436,True,109,44,97,0.5955555555555555,True,134,19,72,0.7047619047619048,True,148,4,58,1.0,1.0,1.0
10609,10609.png,4_8,0.6380655226209049,409,641,543,507,0.18032786885245902,True,22,32,68,0.46,True,46,10,44,0.6170212765957447,True,58,4,32,0.7888888888888889,True,71,0,19,1.0,1.0,1.0
10610,10610.png,16_32,0.962727774710105,3487,3622,3585,3524,0.45754716981132076,True,97,55,60,0.9559748427672956,True,152,2,5,0.9872611464968153,True,155,0,2,1.0,True,157,0,0,1.0,1.0,1.0
10611,10611.png,2_4,0.26666666666666666,232,870,557,545,0.12938596491228072,True,59,301,96,0.36936936936936937,True,123,178,32,0.5018450184501845,True,136,116,19,0.5612648221343873,True,142,98,13,0.7272727272727273,0.9230769230769231,0.8135593220338984
10612,10612.png,zero,1.0,0,0,0,0,1.0,True,0,0,0,1.0,True,0,0,0,1.0,True,0,0,0,1.0,True,0,0,0,0.0,0.0,0.0
10613,10613.png,16_32,0.6119719458489643,3752,6131,3807,6076,0.07984790874524715,True,42,220,264,0.4754521963824289,True,184,81,122,0.7341389728096677,True,243,25,63,0.9248366013071896,True,283,0,23,1.0,1.0,1.0
10614,10614.png,zero,1.0,0,0,0,0,1.0,True,0,0,0,1.0,True,0,0,0,1.0,True,0,0,0,1.0,True,0,0,0,0.0,0.0,0.0
10615,10615.png,8_16,0.6832834828846793,4112,6018,5986,4144,0.08258527827648116,True,46,228,283,0.4543269230769231,True,189,87,140,0.7021857923497268,True,257,37,72,0.9186746987951807,True,305,3,24,1.0,1.0,1.0
10616,10616.png,2_4,0.3106159895150721,237,763,393,607,0.14047619047619048,True,59,199,162,0.6727272727272727,True,185,54,36,0.8063241106719368,True,204,32,17,0.8979591836734694,True,220,24,1,0.8031496062992126,0.9398148148148148,0.8661242758245665
10617,10617.png,8_16,0.5684056913535206,1558,2741,2114,2185,0.12209302325581395,True,42,95,207,0.4847328244274809,True,127,13,122,0.570281124497992,True,142,0,107,0.5863453815261044,True,146,0,103,1.0,0.72265625,0.8390022675736961
10618,10618.png,thick,0.7286683327383078,14287,19607,15084,18810,0.06333739342265529,True,52,372,397,0.24142857142857144,True,169,251,280,0.353125,True,226,191,223,0.4742268041237113,True,276,133,173,0.9934065934065934,1.0,0.9966923925027563
10619,10619.png,8_16,0.5621775025799793,2179,3876,3768,2287,0.10805500982318271,True,55,235,219,0.6405797101449275,True,221,71,53,0.8453947368421053,True,257,30,17,0.9545454545454546,True,273,12,1,0.9517241379310345,0.9464285714285714,0.949068967754493
10620,10620.png,thick,0.7168827184168137,9346,13037,10787,11596,0.0035211267605633804,True,2,307,259,0.136,True,68,239,193,0.2828054298642534,True,125,181,136,0.3935643564356436,True,159,143,102,0.0,0.0,0.0
10621,10621.png,16_32,0.8291003876487101,12405,14962,13174,14193,0.1278538812785388,True,112,332,432,0.5083459787556904,True,335,115,209,0.7015177065767285,True,416,49,128,0.8556149732620321,True,480,17,64,1.0,0.9829351535836177,0.9913941480206541
10622,10622.png,16_32,0.6451882845188285,7710,11950,10937,8723,0.038880248833592534,True,25,240,378,0.27703984819734345,True,146,124,257,0.5300668151447662,True,238,46,165,0.7487684729064039,True,304,3,99,1.0,0.9955654101995566,0.9977777777777778
10623,10623.png,16_32,0.7551551760049989,7251,9602,9414,7439,0.05569007263922518,True,23,178,212,0.20994475138121546,True,76,127,159,0.3805031446540881,True,121,83,114,0.7391304347826086,True,187,18,48,1.0,1.0,1.0
10624,10624.png,4_8,0.2571245597182197,803,3123,978,2948,0.1526147278548559,True,143,510,284,0.4674457429048414,True,280,172,147,0.6905311778290993,True,299,6,128,0.7306791569086651,True,312,0,115,0.9654631083202512,0.6384976525821596,0.7686546246559481
10625,10625.png,8_16,0.658239077400754,2968,4509,3986,3491,0.07228915662650602,True,48,422,194,0.44130434782608696,True,203,218,39,0.5926892950391645,True,227,141,15,0.7634069400630915,True,242,75,0,1.0,1.0,1.0
10626,10626.png,16_32,0.5154047648746414,4132,8017,5398,6751,0.04046242774566474,True,28,335,329,0.21843003412969283,True,128,229,229,0.4479166666666667,True,215,123,142,0.7946666666666666,True,298,18,59,1.0,1.0,1.0
10627,10627.png,2_4,0.3065868263473054,256,835,365,726,0.12469437652811736,True,51,191,167,0.5410447761194029,True,145,50,73,0.730593607305936,True,160,1,58,0.8256880733944955,True,180,0,38,0.9285714285714286,0.8990825688073395,0.9135891000358551
10628,10628.png,0_2,0.4943661971830986,702,1420,1101,1021,0.44540727902946275,True,514,276,364,0.8652173913043478,True,796,42,82,0.9177631578947368,True,837,34,41,0.9623477297895903,True,869,25,9,0.9564660691421255,1.0,0.9777486910994764
10629,10629.png,8_16,0.6345076559193328,5097,8033,7442,5688,0.06826801517067003,True,54,322,415,0.3893376413570275,True,241,150,228,0.6360294117647058,True,346,75,123,0.8840579710144928,True,427,14,42,1.0,1.0,1.0
10630,10630.png,zero,1.0,0,0,0,0,1.0,True,0,0,0,1.0,True,0,0,0,1.0,True,0,0,0,1.0,True,0,0,0,0.0,0.0,0.0
10631,10631.png,16_32,0.7352616471627291,6660,9058,6685,9033,0.07722007722007722,True,40,244,234,0.38213399503722084,True,154,129,120,0.6607669616519174,True,224,65,50,0.9785714285714285,True,274,6,0,1.0,1.0,1.0
10632,10632.png,16_32,0.748415622697126,5078,6785,5684,6179,0.05514705882352941,True,30,234,280,0.43424317617866004,True,175,93,135,0.6666666666666666,True,232,38,78,0.8504672897196262,True,273,11,37,1.0,1.0,1.0
10633,10633.png,16_32,0.7058583550913838,8651,12256,11872,9035,0.024574669187145556,True,13,247,269,0.24597701149425288,True,107,153,175,0.46236559139784944,True,172,90,110,0.7694805194805194,True,237,26,45,1.0,1.0,1.0
10634,10634.png,16_32,0.7018232819074334,5004,7130,7117,5017,0.10430839002267574,True,46,231,164,0.31978319783197834,True,118,159,92,0.6518771331058021,True,191,83,19,0.8108108108108109,True,210,49,0,1.0,1.0,1.0
10635,10635.png,16_32,0.7804489730934565,4902,6281,5681,5502,0.052521008403361345,True,25,220,231,0.3633879781420765,True,133,110,123,0.7864768683274022,True,221,25,35,0.9609375,True,246,0,10,1.0,1.0,1.0
10636,10636.png,8_16,0.05734684477199447,249,4342,2773,1818,0.002617801047120419,True,1,239,142,0.015915119363395226,True,6,234,137,0.04619565217391304,True,17,225,126,0.09243697478991597,True,33,214,110,0.0,0.0,0.0
10637,10637.png,8_16,0.2781725888324873,548,1970,728,1790,0.08422939068100359,True,47,382,129,0.2695035460992908,True,114,247,62,0.4738562091503268,True,145,130,31,0.7610619469026548,True,172,50,4,0.9747126436781609,1.0,0.9871944121071013
10638,10638.png,zero,1.0,0,0,0,0,1.0,True,0,0,0,1.0,True,0,0,0,1.0,True,0,0,0,1.0,True,0,0,0,0.0,0.0,0.0
10639,10639.png,16_32,0.8178619302949062,4881,5968,5764,5085,0.04419889502762431,True,16,119,227,0.24675324675324675,True,76,65,167,0.4758364312267658,True,128,26,115,0.6627450980392157,True,169,12,74,1.0,1.0,1.0
10640,10640.png,thick,0.7365706500583885,7569,10276,8797,9048,0.01972386587771203,True,10,262,235,0.17155756207674944,True,76,198,169,0.4273972602739726,True,156,120,89,0.6242236024844721,True,201,77,44,1.0,1.0,1.0
10641,10641.png,0_2,0.48265609514370666,974,2018,1569,1423,0.423728813559322,True,675,379,539,0.8957996768982229,True,1109,24,105,0.9548440065681445,True,1163,4,51,0.9843878389482333,True,1198,3,16,0.9412915851272016,1.0,0.9697580645161291
10642,10642.png,16_32,0.6688012663692617,9295,13898,10610,12583,0.04878048780487805,True,48,282,654,0.20209059233449478,True,174,159,528,0.3176620076238882,True,250,85,452,0.5048951048951049,True,361,13,341,1.0,0.6364902506963789,0.7778723404255319
10643,10643.png,8_16,0.7168099331423113,3002,4188,3986,3204,0.1038135593220339,True,49,204,219,0.684887459807074,True,213,43,55,0.9738805970149254,True,261,0,7,0.9925373134328358,True,266,0,2,1.0,1.0,1.0
10644,10644.png,2_4,0.40315512708150747,460,1141,906,695,0.1711590296495957,True,127,480,135,0.6028368794326241,True,255,161,7,0.966542750929368,True,260,7,2,1.0,True,262,0,0,0.8976510067114094,1.0,0.9460654288240495
10645,10645.png,4_8,0.24706609017912293,400,1619,785,1234,0.07296849087893864,True,44,418,141,0.3629976580796253,True,155,242,30,0.552901023890785,True,162,108,23,0.7136563876651982,True,162,42,23,0.958,0.8763440860215054,0.9153545845692111
10646,10646.png,thick,0.8487145344668647,8286,9763,9070,8979,0.00510204081632653,True,2,191,199,0.15497076023391812,True,53,141,148,0.4411764705882353,True,120,71,81,0.9556650246305419,True,194,2,7,1.0,1.0,1.0
10647,10647.png,16_32,0.6902328222600795,4862,7044,6925,4981,0.07677165354330709,True,39,267,202,0.48247978436657685,True,179,130,62,0.6183431952662722,True,209,97,32,0.6717791411042945,True,219,85,22,0.8539682539682539,0.9859649122807017,0.915231868264923
10648,10648.png,4_8,0.19549295774647887,347,1775,1535,587,0.024844720496894408,True,12,385,86,0.11600928074245939,True,50,333,48,0.15263157894736842,True,58,282,40,0.19519519519519518,True,65,235,33,0.0,0.0,0.0
10649,10649.png,thick,0.8462526079281014,15819,18693,17946,16566,0.02032520325203252,True,10,230,252,0.11804008908685969,True,53,187,209,0.22276029055690072,True,92,151,170,0.441340782122905,True,158,96,104,0.9923664122137404,0.7623762376237624,0.8622991773269587
10650,10650.png,zero,1.0,0,0,0,0,1.0,True,0,0,0,1.0,True,0,0,0,1.0,True,0,0,0,1.0,True,0,0,0,0.0,0.0,0.0
10651,10651.png,16_32,0.6805438744042612,4855,7134,4872,7117,0.11750599520383694,True,49,187,181,0.3546511627906977,True,122,114,108,0.5294117647058824,True,162,76,68,0.9543568464730291,True,230,11,0,0.9435483870967742,1.0,0.970954356846473
10652,10652.png,16_32,0.6927571176852453,7470,10783,9734,8519,0.01615798922800718,True,9,285,263,0.14979757085020243,True,74,222,198,0.3145539906103286,True,134,154,138,0.8547854785478548,True,259,31,13,1.0,1.0,1.0
10653,10653.png,4_8,0.3352788586251621,517,1542,598,1461,0.11853088480801335,True,71,335,193,0.6793002915451894,True,233,79,31,0.9598540145985401,True,263,10,1,1.0,True,264,0,0,0.7933673469387755,1.0,0.8847795163584637
10654,10654.png,zero,1.0,0,0,0,0,1.0,True,0,0,0,1.0,True,0,0,0,1.0,True,0,0,0,1.0,True,0,0,0,0.0,0.0,0.0
10655,10655.png,2_4,0.28896672504378285,330,1142,711,761,0.09278350515463918,True,54,353,175,0.49175824175824173,True,179,135,50,0.7658730158730159,True,193,23,36,0.9260869565217391,True,213,1,16,0.9688249400479616,0.9521739130434783,0.9604272618227016
10656,10656.png,16_32,0.6997107546673679,13305,19015,14234,18086,0.036996735582154515,True,34,226,659,0.16971916971916973,True,139,126,554,0.23291139240506328,True,184,97,509,0.3630229419703104,True,269,48,424,0.0,0.0,0.0
10657,10657.png,16_32,0.5592872708627099,4363,7801,5738,6426,0.030206677265500796,True,19,284,326,0.2314990512333966,True,122,182,223,0.4351648351648352,True,198,110,147,0.7058823529411765,True,276,46,69,0.9868421052631579,0.9413407821229051,0.9635545728336701
10658,10658.png,16_32,0.7477668700804811,8455,11307,10681,9081,0.072,True,36,214,250,0.15021459227467812,True,70,180,216,0.33415233415233414,True,136,121,150,0.7298136645962733,True,235,36,51,0.0,0.0,0.0
10659,10659.png,thick,0.8223726333119912,8991,10933,10717,9207,0.03076923076923077,True,16,232,272,0.561046511627907,True,193,56,95,0.8288590604026845,True,247,10,41,0.8827586206896552,True,256,2,32,1.0,1.0,1.0
10660,10660.png,8_16,0.6876589560373016,5678,8257,6903,7032,0.02358490566037736,True,15,182,439,0.14938488576449913,True,85,115,369,0.31299212598425197,True,159,54,295,0.5372807017543859,True,245,2,209,1.0,0.912,0.9539748953974896
10661,10661.png,16_32,0.665656170545668,6807,10226,7585,9448,0.053169734151329244,True,26,236,227,0.3155216284987277,True,124,140,129,0.5250737463126843,True,178,86,75,0.8027681660899654,True,232,36,21,1.0,1.0,1.0
10662,10662.png,zero,1.0,0,0,0,0,1.0,True,0,0,0,1.0,True,0,0,0,1.0,True,0,0,0,1.0,True,0,0,0,0.0,0.0,0.0
10663,10663.png,16_32,0.7324468746116565,5894,8047,6839,7102,0.0670391061452514,True,36,240,261,0.44584382871536526,True,177,100,120,0.7223880597014926,True,242,38,55,0.8823529411764706,True,270,9,27,1.0,1.0,1.0
10664,10664.png,8_16,0.6757469244288224,769,1138,785,1122,0.11428571428571428,True,24,122,64,0.5182481751824818,True,71,49,17,0.7547169811320755,True,80,18,8,0.9886363636363636,True,87,0,1,1.0,1.0,1.0
10665,10665.png,zero,0.0,0,978,978,0,0.0,True,0,121,0,0.0,True,0,121,0,0.0,True,0,121,0,0.0,True,0,121,0,0.0,0.0,0.0
10666,10666.png,16_32,0.7195762638876927,8355,11611,10592,9374,0.01788375558867362,True,12,255,404,0.18652849740932642,True,108,163,308,0.3378119001919386,True,176,105,240,0.7112676056338029,True,303,10,113,1.0,1.0,1.0
10667,10667.png,0_2,0.26618705035971224,185,695,352,528,0.2463768115942029,True,136,107,309,0.4956521739130435,True,228,15,217,0.5617977528089888,True,250,0,195,0.6157303370786517,True,274,0,171,0.9662447257383966,0.5123595505617977,0.6696378758633073
10668,10668.png,16_32,0.7507753030730194,5326,7094,6151,6269,0.03090507726269316,True,14,207,232,0.18527918781725888,True,73,148,173,0.4199395770392749,True,139,85,107,0.8674242424242424,True,229,18,17,1.0,1.0,1.0
10669,10669.png,8_16,0.6677598100192242,5905,8843,7660,7088,0.09739263803680982,True,127,592,585,0.5798882681564246,True,519,183,193,0.8736559139784946,True,650,32,62,0.9733520336605891,True,694,1,18,0.9973118279569892,1.0,0.9986541049798116
10670,10670.png,16_32,0.9252866626433314,7666,8285,8092,7859,0.2679738562091503,True,164,226,222,0.9137931034482759,True,371,20,15,1.0,True,386,0,0,1.0,True,386,0,0,1.0,1.0,1.0
10671,10671.png,16_32,0.6718851924331376,1030,1533,1377,1186,0.09016393442622951,True,11,62,49,0.43617021276595747,True,41,34,19,0.6835443037974683,True,54,19,6,0.9523809523809523,True,60,3,0,1.0,1.0,1.0
10672,10672.png,zero,1.0,0,0,0,0,1.0,True,0,0,0,1.0,True,0,0,0,1.0,True,0,0,0,1.0,True,0,0,0,0.0,0.0,0.0
10673,10673.png,thick,0.8560079443892751,13792,16112,15367,14537,0.11802232854864433,True,74,290,263,0.4121212121212121,True,204,158,133,0.6730769230769231,True,280,79,57,0.7531806615776081,True,296,56,41,0.9834710743801653,0.8664987405541562,0.921286866890972
10674,10674.png,16_32,0.7170320404721754,4252,5930,5435,4747,0.03561643835616438,True,13,185,167,0.2760942760942761,True,82,117,98,0.44528301886792454,True,118,85,62,0.7652582159624414,True,163,33,17,1.0,1.0,1.0
10675,10675.png,4_8,0.3508338480543545,568,1619,640,1547,0.16697588126159554,True,90,282,167,0.7896440129449838,True,244,52,13,0.9624060150375939,True,256,9,1,1.0,True,257,0,0,0.9083557951482479,1.0,0.9519774011299434
10676,10676.png,4_8,0.7792588643028526,2923,3751,3252,3422,0.2527881040892193,True,204,347,256,0.8616600790513834,True,436,46,24,0.9891774891774892,True,457,2,3,1.0,True,460,0,0,0.9965095986038395,1.0,0.9982517482517482
10677,10677.png,4_8,0.36980166346769033,578,1563,706,1435,0.1457286432160804,True,87,339,171,0.7346938775510204,True,252,85,6,0.969811320754717,True,257,7,1,1.0,True,258,0,0,0.9289099526066351,1.0,0.9631449631449631
10678,10678.png,16_32,0.7897304832713755,3399,4304,3406,4297,0.03937007874015748,True,10,111,133,0.2,True,44,77,99,0.7866666666666666,True,118,7,25,0.9230769230769231,True,132,0,11,1.0,1.0,1.0
10679,10679.png,0_2,0.47374562427071176,406,857,701,562,0.4725609756097561,True,310,139,207,0.9097888675623801,True,474,4,43,0.9516441005802708,True,492,0,25,0.9845261121856866,True,509,0,8,0.9866962305986696,1.0,0.9933035714285714
10680,10680.png,16_32,0.7462944162436548,7351,9850,7531,9670,0.05656565656565657,True,28,224,243,0.49714285714285716,True,174,79,97,0.7417218543046358,True,224,31,47,0.9418181818181818,True,259,4,12,1.0,1.0,1.0
10681,10681.png,2_4,0.3118724158298878,1056,3386,1723,2719,0.1403622250970246,True,217,732,597,0.5772200772200772,True,598,222,216,0.7753705815279361,True,680,63,134,0.8875453446191052,True,734,13,80,0.906610703043022,0.8641975308641975,0.8848961914934086
10682,10682.png,thick,0.7701326385599242,13006,16888,14133,15761,0.017057569296375266,True,8,271,190,0.1549636803874092,True,64,215,134,0.31843575418994413,True,114,160,84,0.5198675496688742,True,157,104,41,1.0,1.0,1.0
10683,10683.png,zero,0.0,0,340,340,0,0.0,True,0,77,0,0.0,True,0,77,0,0.0,True,0,77,0,0.0,True,0,77,0,0.0,0.0,0.0
10684,10684.png,16_32,0.7686343612334802,4362,5675,4678,5359,0.17006802721088435,True,75,182,184,0.6265822784810127,True,198,57,61,0.7793103448275862,True,226,31,33,0.8868613138686131,True,243,15,16,1.0,1.0,1.0
10685,10685.png,zero,0.0,0,51,51,0,0.0,True,0,44,0,0.0,True,0,44,0,0.0,True,0,44,0,0.0,True,0,44,0,0.0,0.0,0.0
10686,10686.png,zero,1.0,0,0,0,0,1.0,True,0,0,0,1.0,True,0,0,0,1.0,True,0,0,0,1.0,True,0,0,0,0.0,0.0,0.0
10687,10687.png,2_4,0.4337248322147651,517,1192,722,987,0.17851500789889416,True,113,374,146,0.7134831460674157,True,254,97,5,0.9773584905660377,True,259,6,0,1.0,True,259,0,0,0.9241803278688525,0.94921875,0.9365322167150915
10688,10688.png,16_32,0.03353927625772286,38,1133,402,769,0.0,True,0,259,42,0.0,True,0,259,42,0.006688963210702341,True,2,257,40,0.06159420289855073,True,17,234,25,0.0,0.0,0.0
10689,10689.png,thick,0.939584402257568,7325,7796,7415,7706,0.30448717948717946,True,95,100,117,0.7521367521367521,True,176,22,36,0.8733031674208145,True,193,9,19,0.9622641509433962,True,204,0,8,1.0,1.0,1.0
10690,10690.png,16_32,0.6655514536225197,5769,8668,8546,5891,0.03162055335968379,True,16,232,258,0.3165829145728643,True,126,124,148,0.6292834890965732,True,202,47,72,0.9343065693430657,True,256,0,18,1.0,1.0,1.0
10691,10691.png,thick,0.7768796004206099,11821,15216,15073,11964,0.022132796780684104,True,11,253,233,0.19483568075117372,True,83,182,161,0.4542857142857143,True,159,106,85,0.8661710037174721,True,233,25,11,1.0,1.0,1.0
10692,10692.png,8_16,0.5924848484848485,2444,4125,3774,2795,0.07033639143730887,True,23,106,198,0.2264808362369338,True,65,66,156,0.3088235294117647,True,84,51,137,0.4777327935222672,True,118,26,103,1.0,0.9741379310344828,0.9868995633187774
10693,10693.png,8_16,0.7114803625377644,942,1324,1322,944,0.04516129032258064,True,7,85,63,0.46846846846846846,True,52,41,18,0.7526881720430108,True,70,23,0,0.813953488372093,True,70,16,0,1.0,1.0,1.0
10694,10694.png,thick,0.24811075509340427,4104,16541,5736,14909,0.0171875,True,11,293,336,0.06873977086743044,True,42,264,305,0.10234899328859061,True,61,249,286,0.18392857142857144,True,103,213,244,0.0,0.0,0.0
10695,10695.png,16_32,0.7593480345158198,8712,11473,10397,9788,0.05564387917329094,True,35,236,358,0.2542056074766355,True,136,142,257,0.5675057208237986,True,248,44,145,0.8295165394402035,True,326,0,67,1.0,0.9951807228915662,0.9975845410628019
10696,10696.png,16_32,0.7943851324634242,4018,5058,4634,4442,0.2791666666666667,True,134,236,110,0.5666666666666667,True,221,146,23,0.6307277628032345,True,234,127,10,0.6442048517520216,True,239,127,5,0.6594594594594595,1.0,0.7947882736156353
10697,10697.png,8_16,0.7839643652561247,1760,2245,1861,2144,0.15034168564920272,True,66,184,189,0.9725490196078431,True,248,0,7,0.9803921568627451,True,250,0,5,0.9803921568627451,True,250,0,5,1.0,0.984375,0.9921259842519685
10698,10698.png,4_8,0.43091859596713966,3462,8034,4754,6742,0.10700797314309694,True,255,1457,671,0.4388853704876504,True,693,653,233,0.7139107611548556,True,816,217,110,0.9424920127795527,True,885,13,41,0.9983905579399142,0.9884088514225501,0.993374630568433
10699,10699.png,zero,1.0,0,0,0,0,1.0,True,0,0,0,1.0,True,0,0,0,1.0,True,0,0,0,1.0,True,0,0,0,0.0,0.0,0.0
10700,10700.png,8_16,0.7021470396877033,5396,7685,7411,5670,0.05263157894736842,True,36,299,349,0.3278084714548803,True,178,158,207,0.5357142857142857,True,255,91,130,0.7116279069767442,True,306,45,79,0.96,1.0,0.9795918367346939
10701,10701.png,0_2,0.49373433583959897,394,798,666,526,0.3102362204724409,True,197,224,214,0.8508158508158508,True,365,18,46,0.9051094890510949,True,372,0,39,0.9197080291970803,True,378,0,33,0.9612590799031477,0.9927007299270073,0.9767269372359959
10702,10702.png,0_2,0.3261240751280592,573,1757,947,1383,0.2919212491513917,True,430,285,758,0.6737012987012987,True,830,44,358,0.7985257985257985,True,975,33,213,0.8921810699588477,True,1084,27,104,0.9221902017291066,1.0,0.95952023988006
10703,10703.png,16_32,0.619624217118998,5936,9580,7437,8079,0.05194805194805195,True,24,190,248,0.2689295039164491,True,103,111,169,0.37393767705382436,True,132,81,140,0.7241379310344828,True,210,18,62,0.9823788546255506,1.0,0.9911111111111112
10704,10704.png,2_4,0.5870967741935483,455,775,538,692,0.40481927710843374,True,168,133,114,0.9494949494949495,True,282,15,0,1.0,True,282,0,0,1.0,True,282,0,0,0.9337748344370861,1.0,0.9657534246575342
10705,10705.png,8_16,0.6533809785596482,2377,3638,2840,3175,0.0791268758526603,True,58,413,262,0.43992248062015504,True,227,196,93,0.6793893129770993,True,267,73,53,0.8885448916408669,True,287,3,33,0.9959839357429718,1.0,0.9979879275653923
10706,10706.png,2_4,0.4704,294,625,388,531,0.28969359331476324,True,104,130,125,0.9016393442622951,True,220,15,9,0.9256198347107438,True,224,13,5,0.957983193277311,True,228,9,1,0.9353448275862069,1.0,0.9665924276169264
10707,10707.png,zero,1.0,0,0,0,0,1.0,True,0,0,0,1.0,True,0,0,0,1.0,True,0,0,0,1.0,True,0,0,0,0.0,0.0,0.0
10708,10708.png,16_32,0.843263868506017,5746,6814,5810,6750,0.21611721611721613,True,118,217,211,0.753968253968254,True,285,49,44,0.8647887323943662,True,307,26,22,0.9700598802395209,True,324,5,5,1.0,1.0,1.0
10709,10709.png,zero,1.0,0,0,0,0,1.0,True,0,0,0,1.0,True,0,0,0,1.0,True,0,0,0,1.0,True,0,0,0,0.0,0.0,0.0
10710,10710.png,16_32,0.6615628299894404,6265,9470,6964,8771,0.043121149897330596,True,21,220,246,0.18779342723004694,True,80,159,187,0.48672566371681414,True,165,72,102,0.8450184501845018,True,229,4,38,1.0,1.0,1.0
10711,10711.png,16_32,0.387515923566879,3042,7850,5924,4968,0.0,True,0,255,237,0.01443298969072165,True,7,248,230,0.08167770419426049,True,37,216,200,0.37283236994219654,True,129,109,108,0.0,0.0,0.0
10712,10712.png,16_32,0.8042983565107459,6362,7910,6934,7338,0.10465116279069768,True,54,220,242,0.553133514986376,True,203,71,93,0.8333333333333334,True,265,22,31,1.0,True,296,0,0,1.0,1.0,1.0
10713,10713.png,zero,1.0,0,0,0,0,1.0,True,0,0,0,1.0,True,0,0,0,1.0,True,0,0,0,1.0,True,0,0,0,0.0,0.0,0.0
10714,10714.png,zero,1.0,0,0,0,0,1.0,True,0,0,0,1.0,True,0,0,0,1.0,True,0,0,0,1.0,True,0,0,0,0.0,0.0,0.0
10715,10715.png,8_16,0.5221631205673759,589,1128,871,846,0.0,True,0,59,75,0.09836065573770492,True,12,47,63,0.5632183908045977,True,49,12,26,0.7466666666666667,True,56,0,19,1.0,1.0,1.0
10716,10716.png,4_8,0.419063465652484,1763,4207,3185,2785,0.08945386064030132,True,95,648,319,0.3231162196679438,True,253,369,161,0.5231560891938251,True,305,169,109,0.638996138996139,True,331,104,83,0.864321608040201,0.8516746411483254,0.8579515202466022
10717,10717.png,16_32,0.6365793041120651,5635,8852,6145,8342,0.030065359477124184,True,23,385,357,0.15463917525773196,True,105,299,275,0.3855855855855856,True,214,175,166,0.6783216783216783,True,291,49,89,0.9856115107913669,0.7931873479318735,0.878991547022761
10718,10718.png,zero,1.0,0,0,0,0,1.0,True,0,0,0,1.0,True,0,0,0,1.0,True,0,0,0,1.0,True,0,0,0,0.0,0.0,0.0
10719,10719.png,zero,0.0,0,17,17,0,0.0,True,0,14,0,0.0,True,0,14,0,0.0,True,0,14,0,0.0,True,0,14,0,0.0,0.0,0.0
10720,10720.png,thick,0.8095238095238095,18938,23394,22644,19688,0.006012024048096192,True,3,264,232,0.11555555555555555,True,52,215,183,0.2419753086419753,True,98,170,137,0.4046242774566474,True,140,111,95,0.0,0.0,0.0
10721,10721.png,8_16,0.37375415282392027,900,2408,1145,2163,0.02631578947368421,True,8,83,213,0.25806451612903225,True,64,27,157,0.3695652173913043,True,85,9,136,0.42731277533039647,True,97,6,124,0.9340659340659341,0.4222222222222222,0.5815628375945264
10722,10722.png,2_4,0.6109243697478992,727,1190,798,1119,0.5194610778443114,True,347,147,174,0.9334600760456274,True,491,5,30,0.9580152671755725,True,502,3,19,0.9769673704414588,True,509,0,12,0.9753086419753086,0.970873786407767,0.9730861612366817
10723,10723.png,16_32,0.8125160297512183,9504,11697,10744,10457,0.06654991243432574,True,38,257,276,0.3986175115207373,True,173,120,141,0.6603260869565217,True,243,54,71,0.7732558139534884,True,266,30,48,1.0,1.0,1.0
10724,10724.png,16_32,0.3422967415374881,2164,6322,2885,5601,0.034912718204488775,True,14,181,206,0.12672176308539945,True,46,143,174,0.28525641025641024,True,89,92,131,0.3957597173144876,True,112,63,108,0.654639175257732,0.6736401673640168,0.6640037670287561
10725,10725.png,thick,0.7758571631811069,10907,14058,13697,11268,0.05458089668615984,True,28,231,254,0.38010204081632654,True,149,110,133,0.8600682593856656,True,252,11,30,0.9539007092198581,True,269,0,13,1.0,1.0,1.0
10726,10726.png,0_2,0.28764278296988577,277,963,652,588,0.2857142857142857,True,218,229,316,0.75736568457539,True,437,43,97,0.8487544483985765,True,477,28,57,0.9021739130434783,True,498,18,36,0.8388625592417062,0.8876404494382022,0.8625624575905249
10727,10727.png,16_32,0.8996871599564744,13229,14704,14563,13370,0.046511627906976744,True,22,196,255,0.26329113924050634,True,104,118,173,0.6161290322580645,True,191,33,86,0.8339350180505415,True,231,0,46,1.0,0.9689737470167065,0.9842424242424244
10728,10728.png,16_32,0.715939447907391,4020,5615,4317,5318,0.04121863799283154,True,23,250,285,0.5289473684210526,True,201,72,107,0.793939393939394,True,262,22,46,0.9612903225806452,True,298,2,10,1.0,1.0,1.0
10729,10729.png,16_32,0.7738858037875552,5435,7023,5879,6579,0.08369098712446352,True,39,182,245,0.33157894736842103,True,126,96,158,0.6788079470198676,True,205,18,79,0.823943661971831,True,234,0,50,1.0,1.0,1.0
10730,10730.png,16_32,0.9463569518716578,5663,5984,5756,5891,0.38482384823848237,True,142,95,132,0.8905109489051095,True,244,0,30,0.9233576642335767,True,253,0,21,0.9671532846715328,True,265,0,9,1.0,0.9894366197183099,0.9946902654867256
10731,10731.png,16_32,0.6944556859571024,1716,2471,2349,1838,0.06918238993710692,True,11,59,89,0.19444444444444445,True,28,44,72,0.3235294117647059,True,44,36,56,0.7,True,77,10,23,0.975,1.0,0.9873417721518987
10732,10732.png,8_16,0.6250407564395174,1917,3067,2709,2275,0.041666666666666664,True,20,217,243,0.4044943820224719,True,144,93,119,0.726643598615917,True,210,26,53,0.9391634980988594,True,247,0,16,1.0,1.0,1.0
10733,10733.png,16_32,0.6068598719201129,5591,9213,7577,7227,0.03490759753593429,True,17,229,241,0.11013215859030837,True,50,196,208,0.22627737226277372,True,93,153,165,0.6372549019607843,True,195,48,63,0.0,0.0,0.0
10734,10734.png,8_16,0.8330324909747292,923,1108,1004,1027,0.208955223880597,True,42,80,79,0.6388888888888888,True,92,23,29,0.7251908396946565,True,95,10,26,0.8016528925619835,True,97,0,24,1.0,0.8,0.888888888888889
10735,10735.png,16_32,0.7159982874268589,5017,7007,6762,5262,0.06342494714587738,True,30,244,199,0.3548387096774194,True,132,143,97,0.7978339350180506,True,221,48,8,0.8875968992248062,True,229,29,0,0.9891304347826086,1.0,0.994535519125683
10736,10736.png,zero,1.0,0,0,0,0,1.0,True,0,0,0,1.0,True,0,0,0,1.0,True,0,0,0,1.0,True,0,0,0,0.0,0.0,0.0
10737,10737.png,8_16,0.4954480640561588,4517,9117,7346,6288,0.052884615384615384,True,33,232,359,0.17383512544802868,True,97,166,295,0.2857142857142857,True,146,119,246,0.4422657952069717,True,203,67,189,1.0,1.0,1.0
10738,10738.png,8_16,0.43424365678868876,2242,5163,2835,4570,0.07619795758051846,True,97,856,320,0.398576512455516,True,336,426,81,0.6016129032258064,True,373,203,44,0.8130081300813008,True,400,75,17,0.9713114754098361,1.0,0.9854469854469855
10739,10739.png,zero,1.0,0,0,0,0,1.0,True,0,0,0,1.0,True,0,0,0,1.0,True,0,0,0,1.0,True,0,0,0,0.0,0.0,0.0
10740,10740.png,8_16,0.44666493641318455,1721,3853,2208,3366,0.06356311548791406,True,71,845,201,0.24910179640718563,True,208,563,64,0.3548895899053628,True,225,362,47,0.6467391304347826,True,238,96,34,1.0,0.8576642335766423,0.9233791748526523
10741,10741.png,0_2,0.4355179704016913,412,946,678,680,0.3586666666666667,True,269,202,279,0.8010291595197255,True,467,35,81,0.9129662522202486,True,514,15,34,0.9890710382513661,True,543,1,5,0.8881431767337807,1.0,0.9407582938388624
10742,10742.png,8_16,0.8879133743049459,3034,3417,3226,3225,0.3611738148984199,True,160,124,159,0.7833827893175074,True,264,18,55,0.9,True,288,1,31,0.9843260188087775,True,314,0,5,1.0,1.0,1.0
10743,10743.png,16_32,0.8211833932657732,5024,6118,5101,6041,0.07027027027027027,True,26,175,169,0.40425531914893614,True,114,87,81,0.6540084388185654,True,155,42,40,0.9077669902912622,True,187,11,8,1.0,0.9903846153846154,0.9951690821256038
10744,10744.png,0_2,0.42214285714285715,1182,2800,1847,2135,0.37632978723404253,True,849,452,955,0.8011885467314965,True,1483,47,321,0.907447973713034,True,1657,22,147,0.9894678492239468,True,1785,0,19,0.9595879556259905,1.0,0.9793772745653053
10745,10745.png,zero,1.0,0,0,0,0,1.0,True,0,0,0,1.0,True,0,0,0,1.0,True,0,0,0,1.0,True,0,0,0,0.0,0.0,0.0
10746,10746.png,16_32,0.7017200938232995,1795,2558,1807,2546,0.05045871559633028,True,11,100,107,0.3987730061349693,True,65,45,53,0.9098360655737705,True,111,4,7,1.0,True,118,0,0,1.0,1.0,1.0
10747,10747.png,zero,1.0,0,0,0,0,1.0,True,0,0,0,1.0,True,0,0,0,1.0,True,0,0,0,1.0,True,0,0,0,0.0,0.0,0.0
10748,10748.png,16_32,0.7303926320891905,7534,10315,10107,7742,0.10426540284360189,True,44,188,190,0.4935897435897436,True,154,78,80,0.7631578947368421,True,203,32,31,0.9789915966386554,True,233,4,1,1.0,1.0,1.0
10749,10749.png,zero,1.0,0,0,0,0,1.0,True,0,0,0,1.0,True,0,0,0,1.0,True,0,0,0,1.0,True,0,0,0,0.0,0.0,0.0
10750,10750.png,4_8,0.25809273840769903,295,1143,473,965,0.08235294117647059,True,35,264,126,0.35714285714285715,True,105,133,56,0.5978835978835979,True,113,28,48,0.7267080745341615,True,117,0,44,1.0,1.0,1.0
10751,10751.png,8_16,0.688875786163522,3505,5088,4952,3641,0.05652173913043478,True,26,219,215,0.3651685393258427,True,130,115,111,0.6486486486486487,True,192,55,49,1.0,True,241,0,0,1.0,1.0,1.0
10752,10752.png,4_8,0.6160896130346232,1210,1964,1429,1745,0.1013157894736842,True,77,507,176,0.4943310657596372,True,218,188,35,0.8716981132075472,True,231,12,22,0.9565217391304348,True,242,0,11,1.0,1.0,1.0
10753,10753.png,8_16,0.697599794634835,5435,7791,7447,5779,0.05830388692579505,True,33,227,306,0.43333333333333335,True,182,81,157,0.6575342465753424,True,240,26,99,0.8377581120943953,True,284,0,55,1.0,1.0,1.0
10754,10754.png,16_32,0.7612882854436375,4822,6334,5376,5780,0.05426356589147287,True,28,238,250,0.5041322314049587,True,183,85,95,0.7960526315789473,True,242,26,36,0.9464285714285714,True,265,2,13,1.0,1.0,1.0
10755,10755.png,0_2,0.3351593625498008,673,2008,1355,1326,0.23583180987202926,True,387,582,672,0.7506213753106876,True,906,148,153,0.8644366197183099,True,982,77,77,0.9162956366874443,True,1029,64,30,0.7913978494623656,0.9990601503759399,0.883186374170709
10756,10756.png,8_16,0.4636900445457371,4476,9653,7641,6488,0.04234122042341221,True,34,311,458,0.2488822652757079,True,167,179,325,0.3853658536585366,True,237,123,255,0.46258503401360546,True,272,96,220,0.0,0.0,0.0
10757,10757.png,16_32,0.6438030560271647,5688,8835,6653,7870,0.04093567251461988,True,28,313,343,0.21258503401360543,True,125,217,246,0.4715447154471545,True,232,121,139,0.8434343434343434,True,334,25,37,1.0,1.0,1.0
10758,10758.png,16_32,0.8738948569255632,18385,21038,20425,18998,0.0679177837354781,True,76,369,674,0.27611940298507465,True,259,188,491,0.4394829612220917,True,374,101,376,0.6111817026683609,True,481,37,269,1.0,1.0,1.0
10759,10759.png,16_32,0.6829205031772793,5266,7711,6656,6321,0.04679376083188908,True,27,281,269,0.2817796610169492,True,133,176,163,0.5963060686015831,True,226,83,70,0.7478510028653295,True,261,53,35,1.0,1.0,1.0
10760,10760.png,4_8,0.3148854961832061,330,1048,495,883,0.10161662817551963,True,44,263,126,0.5,True,145,120,25,0.7130434782608696,True,164,60,6,0.783410138248848,True,170,47,0,0.8163934426229508,1.0,0.8989169675090252
10761,10761.png,8_16,0.7501163331782225,4836,6447,5995,5288,0.04088586030664395,True,24,261,302,0.3877551020408163,True,171,115,155,0.6201550387596899,True,240,61,86,0.9123867069486404,True,302,5,24,1.0,0.9731343283582089,0.9863842662632374
10762,10762.png,thick,0.660058864265928,7625,11552,7625,11552,0.08943089430894309,True,44,230,218,0.5170454545454546,True,182,90,80,0.6163141993957704,True,204,69,58,0.724025974025974,True,223,46,39,1.0,1.0,1.0
10763,10763.png,16_32,0.7819874779258308,9742,12458,10445,11755,0.036935704514363885,True,27,355,349,0.3857404021937843,True,211,171,165,0.644880174291939,True,296,83,80,0.9536082474226805,True,370,12,6,1.0,1.0,1.0
10764,10764.png,4_8,0.47476261869065467,950,2001,1022,1929,0.19305555555555556,True,139,394,187,0.825065274151436,True,316,57,10,0.9756838905775076,True,321,3,5,1.0,True,326,0,0,0.9739776951672863,1.0,0.9868173258003766
10765,10765.png,2_4,0.3868974042027194,313,809,479,643,0.17439293598233996,True,79,271,103,0.6528301886792452,True,173,83,9,0.9890710382513661,True,181,1,1,1.0,True,182,0,0,0.8308157099697885,1.0,0.9075907590759075
10766,10766.png,16_32,0.8256278538812786,8679,10512,9761,9430,0.05545927209705372,True,32,201,344,0.33916849015317285,True,155,81,221,0.5425,True,217,24,159,0.7021276595744681,True,264,0,112,1.0,1.0,1.0
10767,10767.png,4_8,0.6027906976744186,648,1075,752,971,0.11578947368421053,True,44,227,109,0.5042372881355932,True,119,83,34,0.8888888888888888,True,144,9,9,1.0,True,153,0,0,1.0,1.0,1.0
10768,10768.png,zero,1.0,0,0,0,0,1.0,True,0,0,0,1.0,True,0,0,0,1.0,True,0,0,0,1.0,True,0,0,0,0.0,0.0,0.0
10769,10769.png,16_32,0.7134027698294609,6233,8737,7944,7026,0.033268101761252444,True,17,233,261,0.3250620347394541,True,131,125,147,0.6119402985074627,True,205,57,73,0.872852233676976,True,254,13,24,1.0,1.0,1.0
10770,10770.png,8_16,0.41034897713598073,341,831,363,809,0.1412639405204461,True,38,194,37,0.4491017964071856,True,75,92,0,0.8152173913043478,True,75,17,0,1.0,True,75,0,0,0.9877049180327869,1.0,0.9938144329896906
10771,10771.png,16_32,0.6625582032319912,4838,7302,5252,6888,0.006160164271047228,True,3,182,302,0.035940803382663845,True,17,168,288,0.22693266832917705,True,91,96,214,0.5274390243902439,True,173,23,132,0.0,0.0,0.0
10772,10772.png,16_32,0.5334392094582672,6046,11334,7131,10249,0.05412054120541206,True,44,380,389,0.2328966521106259,True,160,254,273,0.3090062111801242,True,199,211,234,0.5660377358490566,True,300,97,133,1.0,1.0,1.0
10773,10773.png,zero,1.0,0,0,0,0,1.0,True,0,0,0,1.0,True,0,0,0,1.0,True,0,0,0,1.0,True,0,0,0,0.0,0.0,0.0
10774,10774.png,thick,0.861969914581601,11403,13229,12611,12021,0.046413502109704644,True,22,234,218,0.29842931937172773,True,114,142,126,0.6105610561056105,True,185,63,55,0.9357429718875502,True,233,9,7,1.0,1.0,1.0
10775,10775.png,8_16,0.7955778055903212,1907,2397,2038,2266,0.1875,True,84,188,176,0.9267399267399268,True,253,13,7,1.0,True,260,0,0,1.0,True,260,0,0,1.0,1.0,1.0
10776,10776.png,16_32,0.8618608876200363,13283,15412,14521,14174,0.01854974704890388,True,11,236,346,0.1266294227188082,True,68,180,289,0.2644628099173554,True,128,127,229,0.5544303797468354,True,219,38,138,1.0,1.0,1.0
10777,10777.png,zero,1.0,0,0,0,0,1.0,True,0,0,0,1.0,True,0,0,0,1.0,True,0,0,0,1.0,True,0,0,0,0.0,0.0,0.0
10778,10778.png,2_4,0.43566775244299677,535,1228,770,993,0.1972049689440994,True,127,347,170,0.782258064516129,True,291,75,6,0.976897689768977,True,296,6,1,1.0,True,297,0,0,0.9454148471615721,1.0,0.9719416386083054
10779,10779.png,8_16,0.6745727241018487,1934,2867,1950,2851,0.24126984126984127,True,152,325,153,0.7351485148514851,True,297,99,8,0.9472049689440993,True,305,17,0,0.9870550161812298,True,305,4,0,1.0,1.0,1.0
10780,10780.png,16_32,0.09523809523809523,242,2541,1095,1688,0.0,True,0,661,62,0.0013850415512465374,True,1,660,61,0.026836158192090395,True,19,646,43,0.06356589147286822,True,41,583,21,0.0,0.0,0.0
10781,10781.png,8_16,0.8873873873873874,788,888,820,856,0.5407407407407407,True,73,31,31,0.9528301886792453,True,101,2,3,0.9903846153846154,True,103,0,1,1.0,True,104,0,0,1.0,1.0,1.0
10782,10782.png,4_8,0.4152854511970534,1804,4344,2475,3673,0.06464924346629987,True,47,202,478,0.28183361629881154,True,166,64,359,0.40225563909774437,True,214,7,311,0.4573055028462998,True,241,2,284,0.9888475836431226,0.4836223506743738,0.6495600103126383
10783,10783.png,8_16,0.4791666666666667,736,1536,1249,1023,0.011363636363636364,True,2,104,70,0.125,True,20,88,52,0.366412213740458,True,48,59,24,0.7419354838709677,True,69,21,3,1.0,0.8918918918918919,0.9428571428571428
10784,10784.png,zero,0.0,0,1,1,0,0.0,True,0,1,0,0.0,True,0,1,0,0.0,True,0,1,0,0.0,True,0,1,0,0.0,0.0,0.0
10785,10785.png,4_8,0.7798254122211445,1608,2062,1725,1945,0.2688888888888889,True,121,197,132,0.8361204013377926,True,250,46,3,1.0,True,253,0,0,1.0,True,253,0,0,1.0,1.0,1.0
10786,10786.png,8_16,0.8552164655784245,4820,5636,4912,5544,0.3248730964467005,True,192,180,219,0.8022988505747126,True,349,24,62,0.894484412470024,True,373,6,38,0.9635036496350365,True,396,0,15,1.0,1.0,1.0
10787,10787.png,16_32,0.5193974705130027,3655,7037,4382,6310,0.043121149897330596,True,21,220,246,0.2718204488778055,True,109,134,158,0.516320474777448,True,174,70,93,0.7483221476510067,True,223,31,44,0.0,0.0,0.0
10788,10788.png,2_4,0.20786026200873362,238,1145,574,809,0.09450171821305842,True,55,360,167,0.43010752688172044,True,160,150,62,0.66015625,True,169,34,53,0.8035714285714286,True,180,2,42,0.8592233009708737,0.8288288288288288,0.8437524288193994
10789,10789.png,thick,0.7963275643731532,18865,23690,22867,19688,0.0,True,0,212,235,0.002242152466367713,True,1,211,234,0.06367924528301887,True,27,189,208,0.3850746268656716,True,129,100,106,0.0,0.0,0.0
10790,10790.png,16_32,0.8531659388646288,4689,5496,5126,5059,0.06418918918918919,True,19,119,158,0.24313725490196078,True,62,78,115,0.39574468085106385,True,93,58,84,0.8810810810810811,True,163,8,14,1.0,1.0,1.0
10791,10791.png,16_32,0.6572240557389072,7169,10908,9959,8118,0.06788511749347259,True,52,344,370,0.36318407960199006,True,219,181,203,0.6619718309859155,True,329,75,93,0.9353348729792148,True,405,11,17,1.0,1.0,1.0
10792,10792.png,8_16,0.7983308420528151,6409,8028,6986,7451,0.10025706940874037,True,78,310,390,0.5149911816578483,True,292,99,176,0.81875,True,393,12,75,0.9081196581196581,True,425,0,43,1.0,0.9577464788732394,0.9784172661870503
10793,10793.png,4_8,0.3668763102725367,525,1431,784,1172,0.13793103448275862,True,96,399,201,0.6401869158878505,True,274,131,23,0.8785046728971962,True,282,24,15,0.98,True,294,3,3,0.8985801217038539,1.0,0.9465811965811965
10794,10794.png,zero,1.0,0,0,0,0,1.0,True,0,0,0,1.0,True,0,0,0,1.0,True,0,0,0,1.0,True,0,0,0,0.0,0.0,0.0
10795,10795.png,4_8,0.4148936170212766,390,940,509,821,0.16778523489932887,True,75,274,98,0.63671875,True,163,83,10,0.8882978723404256,True,167,15,6,0.9608938547486033,True,172,6,1,0.8782608695652174,1.0,0.9351851851851852
10796,10796.png,16_32,0.775357385976855,5695,7345,7029,6011,0.11264822134387352,True,57,225,224,0.5161290322580645,True,192,91,89,0.7961783439490446,True,250,33,31,1.0,True,281,0,0,1.0,1.0,1.0
10797,10797.png,0_2,0.5170454545454546,364,704,558,510,0.44952380952380955,True,236,118,171,0.8732057416267942,True,365,11,42,0.9365853658536586,True,384,3,23,0.9681372549019608,True,395,1,12,0.9792284866468842,1.0,0.9895052473763118
10798,10798.png,0_2,0.45905558876270175,768,1673,1277,1164,0.4340659340659341,True,553,283,438,0.8132183908045977,True,849,53,142,0.8718446601941747,True,898,39,93,0.9156746031746031,True,923,17,68,0.9486552567237164,1.0,0.973651191969887
10799,10799.png,16_32,0.6005233318796337,2754,4586,4406,2934,0.05592841163310962,True,25,267,155,0.3504273504273504,True,123,171,57,0.587248322147651,True,175,118,5,0.6180555555555556,True,178,108,2,0.7878787878787878,1.0,0.8813559322033898
10800,10800.png,2_4,0.2139364303178484,350,1636,404,1582,0.16366906474820145,True,91,160,305,0.60880195599022,True,249,13,147,0.6658354114713217,True,267,5,129,0.6925,True,277,4,119,0.8825910931174089,0.5804020100502513,0.7002871625145146
